<?xml version="1.0" encoding="UTF-8"?>
<kml xmlns="http://www.opengis.net/kml/2.2">
  <Document>
    <name>札幌市公園トイレ</name>
    <description><![CDATA[アイコンの説明<br>赤→冬季開放トイレ　青→冬季閉鎖トイレ<br>車イスマーク→車イス対応トイレ<br>設備等の故障により閉鎖しているトイレも表示していますのでご注意ください]]></description>
    <Style id="icon-1733-1A237E-normal">
      <IconStyle>
        <color>ff7e231a</color>
        <scale>1</scale>
        <Icon>
          <href>https://www.gstatic.com/mapspro/images/stock/503-wht-blank_maps.png</href>
        </Icon>
      </IconStyle>
      <LabelStyle>
        <scale>0</scale>
      </LabelStyle>
    </Style>
    <Style id="icon-1733-1A237E-highlight">
      <IconStyle>
        <color>ff7e231a</color>
        <scale>1</scale>
        <Icon>
          <href>https://www.gstatic.com/mapspro/images/stock/503-wht-blank_maps.png</href>
        </Icon>
      </IconStyle>
      <LabelStyle>
        <scale>1</scale>
      </LabelStyle>
    </Style>
    <StyleMap id="icon-1733-1A237E">
      <Pair>
        <key>normal</key>
        <styleUrl>#icon-1733-1A237E-normal</styleUrl>
      </Pair>
      <Pair>
        <key>highlight</key>
        <styleUrl>#icon-1733-1A237E-highlight</styleUrl>
      </Pair>
    </StyleMap>
    <Style id="icon-1733-A52714-normal">
      <IconStyle>
        <color>ff1427a5</color>
        <scale>1</scale>
        <Icon>
          <href>https://www.gstatic.com/mapspro/images/stock/503-wht-blank_maps.png</href>
        </Icon>
      </IconStyle>
      <LabelStyle>
        <scale>0</scale>
      </LabelStyle>
    </Style>
    <Style id="icon-1733-A52714-highlight">
      <IconStyle>
        <color>ff1427a5</color>
        <scale>1</scale>
        <Icon>
          <href>https://www.gstatic.com/mapspro/images/stock/503-wht-blank_maps.png</href>
        </Icon>
      </IconStyle>
      <LabelStyle>
        <scale>1</scale>
      </LabelStyle>
    </Style>
    <StyleMap id="icon-1733-A52714">
      <Pair>
        <key>normal</key>
        <styleUrl>#icon-1733-A52714-normal</styleUrl>
      </Pair>
      <Pair>
        <key>highlight</key>
        <styleUrl>#icon-1733-A52714-highlight</styleUrl>
      </Pair>
    </StyleMap>
    <Style id="icon-1735-1A237E-normal">
      <IconStyle>
        <color>ff7e231a</color>
        <scale>1</scale>
        <Icon>
          <href>https://www.gstatic.com/mapspro/images/stock/503-wht-blank_maps.png</href>
        </Icon>
      </IconStyle>
      <LabelStyle>
        <scale>0</scale>
      </LabelStyle>
    </Style>
    <Style id="icon-1735-1A237E-highlight">
      <IconStyle>
        <color>ff7e231a</color>
        <scale>1</scale>
        <Icon>
          <href>https://www.gstatic.com/mapspro/images/stock/503-wht-blank_maps.png</href>
        </Icon>
      </IconStyle>
      <LabelStyle>
        <scale>1</scale>
      </LabelStyle>
    </Style>
    <StyleMap id="icon-1735-1A237E">
      <Pair>
        <key>normal</key>
        <styleUrl>#icon-1735-1A237E-normal</styleUrl>
      </Pair>
      <Pair>
        <key>highlight</key>
        <styleUrl>#icon-1735-1A237E-highlight</styleUrl>
      </Pair>
    </StyleMap>
    <Style id="icon-1735-A52714-normal">
      <IconStyle>
        <color>ff1427a5</color>
        <scale>1</scale>
        <Icon>
          <href>https://www.gstatic.com/mapspro/images/stock/503-wht-blank_maps.png</href>
        </Icon>
      </IconStyle>
      <LabelStyle>
        <scale>0</scale>
      </LabelStyle>
    </Style>
    <Style id="icon-1735-A52714-highlight">
      <IconStyle>
        <color>ff1427a5</color>
        <scale>1</scale>
        <Icon>
          <href>https://www.gstatic.com/mapspro/images/stock/503-wht-blank_maps.png</href>
        </Icon>
      </IconStyle>
      <LabelStyle>
        <scale>1</scale>
      </LabelStyle>
    </Style>
    <StyleMap id="icon-1735-A52714">
      <Pair>
        <key>normal</key>
        <styleUrl>#icon-1735-A52714-normal</styleUrl>
      </Pair>
      <Pair>
        <key>highlight</key>
        <styleUrl>#icon-1735-A52714-highlight</styleUrl>
      </Pair>
    </StyleMap>
    <Folder>
      <name>札幌市公園トイレ</name>
      <Placemark>
        <name>屯田西公園</name>
        <description><![CDATA[説明: 冬期開放: <br>冬期未開放: ◯<br>身障者対応: <br>身障者非対応: ◯<br>種別: 4.身障者対応(冬期未開放)<br>冬期開放: <br>冬期未開放: ◯<br>身障者対応: ◯<br>身障者非対応: <br>種別: 4.身障者対応(冬期未開放)]]></description>
        <styleUrl>#icon-1735-1A237E</styleUrl>
        <ExtendedData>
          <Data name="説明">
            <value>冬期開放: 
冬期未開放: ◯
身障者対応: 
身障者非対応: ◯
種別: 4.身障者対応(冬期未開放)</value>
          </Data>
          <Data name="冬期開放">
            <value/>
          </Data>
          <Data name="冬期未開放">
            <value>◯</value>
          </Data>
          <Data name="身障者対応">
            <value>◯</value>
          </Data>
          <Data name="身障者非対応">
            <value/>
          </Data>
          <Data name="種別">
            <value>4.身障者対応(冬期未開放)</value>
          </Data>
        </ExtendedData>
        <Point>
          <coordinates>
            141.321435,43.13012,0
          </coordinates>
        </Point>
      </Placemark>
      <Placemark>
        <name>南あいの里公園</name>
        <description><![CDATA[説明: 冬期開放: <br>冬期未開放: ◯<br>身障者対応: ◯<br>身障者非対応: <br>種別: 4.身障者対応(冬期未開放)<br>冬期開放: <br>冬期未開放: ◯<br>身障者対応: ◯<br>身障者非対応: <br>種別: 4.身障者対応(冬期未開放)]]></description>
        <styleUrl>#icon-1735-1A237E</styleUrl>
        <ExtendedData>
          <Data name="説明">
            <value>冬期開放: 
冬期未開放: ◯
身障者対応: ◯
身障者非対応: 
種別: 4.身障者対応(冬期未開放)</value>
          </Data>
          <Data name="冬期開放">
            <value/>
          </Data>
          <Data name="冬期未開放">
            <value>◯</value>
          </Data>
          <Data name="身障者対応">
            <value>◯</value>
          </Data>
          <Data name="身障者非対応">
            <value/>
          </Data>
          <Data name="種別">
            <value>4.身障者対応(冬期未開放)</value>
          </Data>
        </ExtendedData>
        <Point>
          <coordinates>
            141.405903,43.152026,0
          </coordinates>
        </Point>
      </Placemark>
      <Placemark>
        <name>石山北公園</name>
        <description><![CDATA[説明: 冬期開放: ◯<br>冬期未開放: <br>身障者対応: <br>身障者非対応: ◯<br>種別: 1.冬期開放(身障者非対応)<br>冬期開放: ◯<br>冬期未開放: <br>身障者対応: <br>身障者非対応: ◯<br>種別: 1.冬期開放(身障者非対応)]]></description>
        <styleUrl>#icon-1733-1A237E</styleUrl>
        <ExtendedData>
          <Data name="説明">
            <value>冬期開放: ◯
冬期未開放: 
身障者対応: 
身障者非対応: ◯
種別: 1.冬期開放(身障者非対応)</value>
          </Data>
          <Data name="冬期開放">
            <value>◯</value>
          </Data>
          <Data name="冬期未開放">
            <value/>
          </Data>
          <Data name="身障者対応">
            <value/>
          </Data>
          <Data name="身障者非対応">
            <value>◯</value>
          </Data>
          <Data name="種別">
            <value>1.冬期開放(身障者非対応)</value>
          </Data>
        </ExtendedData>
        <Point>
          <coordinates>
            141.334644,42.968827,0
          </coordinates>
        </Point>
      </Placemark>
      <Placemark>
        <name>三笠緑地</name>
        <description><![CDATA[説明: 冬期開放: <br>冬期未開放: ◯<br>身障者対応: <br>身障者非対応: ◯<br>種別: 2.冬期未開放(身障者非対応)<br>冬期開放: <br>冬期未開放: ◯<br>身障者対応: <br>身障者非対応: ◯<br>種別: 2.冬期未開放(身障者非対応)]]></description>
        <styleUrl>#icon-1733-1A237E</styleUrl>
        <ExtendedData>
          <Data name="説明">
            <value>冬期開放: 
冬期未開放: ◯
身障者対応: 
身障者非対応: ◯
種別: 2.冬期未開放(身障者非対応)</value>
          </Data>
          <Data name="冬期開放">
            <value/>
          </Data>
          <Data name="冬期未開放">
            <value>◯</value>
          </Data>
          <Data name="身障者対応">
            <value/>
          </Data>
          <Data name="身障者非対応">
            <value>◯</value>
          </Data>
          <Data name="種別">
            <value>2.冬期未開放(身障者非対応)</value>
          </Data>
        </ExtendedData>
        <Point>
          <coordinates>
            141.161531,42.97125,0
          </coordinates>
        </Point>
      </Placemark>
      <Placemark>
        <name>南が丘公園</name>
        <description><![CDATA[説明: 冬期開放: <br>冬期未開放: ◯<br>身障者対応: <br>身障者非対応: ◯<br>種別: 2.冬期未開放(身障者非対応)<br>冬期開放: <br>冬期未開放: ◯<br>身障者対応: <br>身障者非対応: ◯<br>種別: 2.冬期未開放(身障者非対応)]]></description>
        <styleUrl>#icon-1733-1A237E</styleUrl>
        <ExtendedData>
          <Data name="説明">
            <value>冬期開放: 
冬期未開放: ◯
身障者対応: 
身障者非対応: ◯
種別: 2.冬期未開放(身障者非対応)</value>
          </Data>
          <Data name="冬期開放">
            <value/>
          </Data>
          <Data name="冬期未開放">
            <value>◯</value>
          </Data>
          <Data name="身障者対応">
            <value/>
          </Data>
          <Data name="身障者非対応">
            <value>◯</value>
          </Data>
          <Data name="種別">
            <value>2.冬期未開放(身障者非対応)</value>
          </Data>
        </ExtendedData>
        <Point>
          <coordinates>
            141.327681,42.983846,0
          </coordinates>
        </Point>
      </Placemark>
      <Placemark>
        <name>十五島公園</name>
        <description><![CDATA[説明: 冬期開放: <br>冬期未開放: ◯<br>身障者対応: <br>身障者非対応: ◯<br>種別: 2.冬期未開放(身障者非対応)<br>冬期開放: <br>冬期未開放: ◯<br>身障者対応: <br>身障者非対応: ◯<br>種別: 2.冬期未開放(身障者非対応)]]></description>
        <styleUrl>#icon-1733-1A237E</styleUrl>
        <ExtendedData>
          <Data name="説明">
            <value>冬期開放: 
冬期未開放: ◯
身障者対応: 
身障者非対応: ◯
種別: 2.冬期未開放(身障者非対応)</value>
          </Data>
          <Data name="冬期開放">
            <value/>
          </Data>
          <Data name="冬期未開放">
            <value>◯</value>
          </Data>
          <Data name="身障者対応">
            <value/>
          </Data>
          <Data name="身障者非対応">
            <value>◯</value>
          </Data>
          <Data name="種別">
            <value>2.冬期未開放(身障者非対応)</value>
          </Data>
        </ExtendedData>
        <Point>
          <coordinates>
            141.300681,42.966027,0
          </coordinates>
        </Point>
      </Placemark>
      <Placemark>
        <name>十五島公園</name>
        <description><![CDATA[説明: 冬期開放: <br>冬期未開放: ◯<br>身障者対応: ◯<br>身障者非対応: <br>種別: 4.身障者対応(冬期未開放)<br>冬期開放: <br>冬期未開放: ◯<br>身障者対応: ◯<br>身障者非対応: <br>種別: 4.身障者対応(冬期未開放)]]></description>
        <styleUrl>#icon-1735-1A237E</styleUrl>
        <ExtendedData>
          <Data name="説明">
            <value>冬期開放: 
冬期未開放: ◯
身障者対応: ◯
身障者非対応: 
種別: 4.身障者対応(冬期未開放)</value>
          </Data>
          <Data name="冬期開放">
            <value/>
          </Data>
          <Data name="冬期未開放">
            <value>◯</value>
          </Data>
          <Data name="身障者対応">
            <value>◯</value>
          </Data>
          <Data name="身障者非対応">
            <value/>
          </Data>
          <Data name="種別">
            <value>4.身障者対応(冬期未開放)</value>
          </Data>
        </ExtendedData>
        <Point>
          <coordinates>
            141.2991007,42.9673347,0
          </coordinates>
        </Point>
      </Placemark>
      <Placemark>
        <name>川沿公園</name>
        <description><![CDATA[説明: 冬期開放: <br>冬期未開放: ◯<br>身障者対応: <br>身障者非対応: ◯<br>種別: 2.冬期未開放(身障者非対応)<br>冬期開放: <br>冬期未開放: ◯<br>身障者対応: <br>身障者非対応: ◯<br>種別: 2.冬期未開放(身障者非対応)]]></description>
        <styleUrl>#icon-1733-1A237E</styleUrl>
        <ExtendedData>
          <Data name="説明">
            <value>冬期開放: 
冬期未開放: ◯
身障者対応: 
身障者非対応: ◯
種別: 2.冬期未開放(身障者非対応)</value>
          </Data>
          <Data name="冬期開放">
            <value/>
          </Data>
          <Data name="冬期未開放">
            <value>◯</value>
          </Data>
          <Data name="身障者対応">
            <value/>
          </Data>
          <Data name="身障者非対応">
            <value>◯</value>
          </Data>
          <Data name="種別">
            <value>2.冬期未開放(身障者非対応)</value>
          </Data>
        </ExtendedData>
        <Point>
          <coordinates>
            141.338287,42.976646,0
          </coordinates>
        </Point>
      </Placemark>
      <Placemark>
        <name>石山緑地</name>
        <description><![CDATA[説明: 冬期開放: <br>冬期未開放: ◯<br>身障者対応: <br>身障者非対応: ◯<br>種別: 2.冬期未開放(身障者非対応)<br>冬期開放: <br>冬期未開放: ◯<br>身障者対応: <br>身障者非対応: ◯<br>種別: 2.冬期未開放(身障者非対応)]]></description>
        <styleUrl>#icon-1733-1A237E</styleUrl>
        <ExtendedData>
          <Data name="説明">
            <value>冬期開放: 
冬期未開放: ◯
身障者対応: 
身障者非対応: ◯
種別: 2.冬期未開放(身障者非対応)</value>
          </Data>
          <Data name="冬期開放">
            <value/>
          </Data>
          <Data name="冬期未開放">
            <value>◯</value>
          </Data>
          <Data name="身障者対応">
            <value/>
          </Data>
          <Data name="身障者非対応">
            <value>◯</value>
          </Data>
          <Data name="種別">
            <value>2.冬期未開放(身障者非対応)</value>
          </Data>
        </ExtendedData>
        <Point>
          <coordinates>
            141.343181,42.970432,0
          </coordinates>
        </Point>
      </Placemark>
      <Placemark>
        <name>常盤公園</name>
        <description><![CDATA[説明: 冬期開放: <br>冬期未開放: ◯<br>身障者対応: ◯<br>身障者非対応: <br>種別: 4.身障者対応(冬期未開放)<br>冬期開放: <br>冬期未開放: ◯<br>身障者対応: ◯<br>身障者非対応: <br>種別: 4.身障者対応(冬期未開放)]]></description>
        <styleUrl>#icon-1733-1A237E</styleUrl>
        <ExtendedData>
          <Data name="説明">
            <value>冬期開放: 
冬期未開放: ◯
身障者対応: ◯
身障者非対応: 
種別: 4.身障者対応(冬期未開放)</value>
          </Data>
          <Data name="冬期開放">
            <value/>
          </Data>
          <Data name="冬期未開放">
            <value>◯</value>
          </Data>
          <Data name="身障者対応">
            <value>◯</value>
          </Data>
          <Data name="身障者非対応">
            <value/>
          </Data>
          <Data name="種別">
            <value>4.身障者対応(冬期未開放)</value>
          </Data>
        </ExtendedData>
        <Point>
          <coordinates>
            141.3500526,42.943024,0
          </coordinates>
        </Point>
      </Placemark>
      <Placemark>
        <name>真駒内虹の緑地</name>
        <description><![CDATA[説明: 冬期開放: <br>冬期未開放: ◯<br>身障者対応: <br>身障者非対応: ◯<br>種別: 2.冬期未開放(身障者非対応)<br>冬期開放: <br>冬期未開放: ◯<br>身障者対応: <br>身障者非対応: ◯<br>種別: 2.冬期未開放(身障者非対応)]]></description>
        <styleUrl>#icon-1733-1A237E</styleUrl>
        <ExtendedData>
          <Data name="説明">
            <value>冬期開放: 
冬期未開放: ◯
身障者対応: 
身障者非対応: ◯
種別: 2.冬期未開放(身障者非対応)</value>
          </Data>
          <Data name="冬期開放">
            <value/>
          </Data>
          <Data name="冬期未開放">
            <value>◯</value>
          </Data>
          <Data name="身障者対応">
            <value/>
          </Data>
          <Data name="身障者非対応">
            <value>◯</value>
          </Data>
          <Data name="種別">
            <value>2.冬期未開放(身障者非対応)</value>
          </Data>
        </ExtendedData>
        <Point>
          <coordinates>
            141.347669,42.930398,0
          </coordinates>
        </Point>
      </Placemark>
      <Placemark>
        <name>中ノ沢公園</name>
        <description><![CDATA[説明: 冬期開放: <br>冬期未開放: ◯<br>身障者対応: <br>身障者非対応: ◯<br>種別: 2.冬期未開放(身障者非対応)<br>冬期開放: <br>冬期未開放: ◯<br>身障者対応: <br>身障者非対応: ◯<br>種別: 2.冬期未開放(身障者非対応)]]></description>
        <styleUrl>#icon-1733-1A237E</styleUrl>
        <ExtendedData>
          <Data name="説明">
            <value>冬期開放: 
冬期未開放: ◯
身障者対応: 
身障者非対応: ◯
種別: 2.冬期未開放(身障者非対応)</value>
          </Data>
          <Data name="冬期開放">
            <value/>
          </Data>
          <Data name="冬期未開放">
            <value>◯</value>
          </Data>
          <Data name="身障者対応">
            <value/>
          </Data>
          <Data name="身障者非対応">
            <value>◯</value>
          </Data>
          <Data name="種別">
            <value>2.冬期未開放(身障者非対応)</value>
          </Data>
        </ExtendedData>
        <Point>
          <coordinates>
            141.32252,42.997207,0
          </coordinates>
        </Point>
      </Placemark>
      <Placemark>
        <name>北ノ沢公園</name>
        <description><![CDATA[説明: 冬期開放: <br>冬期未開放: ◯<br>身障者対応: <br>身障者非対応: ◯<br>種別: 2.冬期未開放(身障者非対応)<br>冬期開放: <br>冬期未開放: ◯<br>身障者対応: <br>身障者非対応: ◯<br>種別: 2.冬期未開放(身障者非対応)]]></description>
        <styleUrl>#icon-1733-1A237E</styleUrl>
        <ExtendedData>
          <Data name="説明">
            <value>冬期開放: 
冬期未開放: ◯
身障者対応: 
身障者非対応: ◯
種別: 2.冬期未開放(身障者非対応)</value>
          </Data>
          <Data name="冬期開放">
            <value/>
          </Data>
          <Data name="冬期未開放">
            <value>◯</value>
          </Data>
          <Data name="身障者対応">
            <value/>
          </Data>
          <Data name="身障者非対応">
            <value>◯</value>
          </Data>
          <Data name="種別">
            <value>2.冬期未開放(身障者非対応)</value>
          </Data>
        </ExtendedData>
        <Point>
          <coordinates>
            141.328138,43.00371,0
          </coordinates>
        </Point>
      </Placemark>
      <Placemark>
        <name>真駒内川緑地</name>
        <description><![CDATA[説明: 冬期開放: <br>冬期未開放: ◯<br>身障者対応: <br>身障者非対応: ◯<br>種別: 2.冬期未開放(身障者非対応)<br>冬期開放: <br>冬期未開放: ◯<br>身障者対応: <br>身障者非対応: ◯<br>種別: 2.冬期未開放(身障者非対応)]]></description>
        <styleUrl>#icon-1733-1A237E</styleUrl>
        <ExtendedData>
          <Data name="説明">
            <value>冬期開放: 
冬期未開放: ◯
身障者対応: 
身障者非対応: ◯
種別: 2.冬期未開放(身障者非対応)</value>
          </Data>
          <Data name="冬期開放">
            <value/>
          </Data>
          <Data name="冬期未開放">
            <value>◯</value>
          </Data>
          <Data name="身障者対応">
            <value/>
          </Data>
          <Data name="身障者非対応">
            <value>◯</value>
          </Data>
          <Data name="種別">
            <value>2.冬期未開放(身障者非対応)</value>
          </Data>
        </ExtendedData>
        <Point>
          <coordinates>
            141.35044,42.988658,0
          </coordinates>
        </Point>
      </Placemark>
      <Placemark>
        <name>南沢スワン公園</name>
        <description><![CDATA[説明: 冬期開放: <br>冬期未開放: ◯<br>身障者対応: <br>身障者非対応: ◯<br>種別: 2.冬期未開放(身障者非対応)<br>冬期開放: <br>冬期未開放: ◯<br>身障者対応: <br>身障者非対応: ◯<br>種別: 2.冬期未開放(身障者非対応)]]></description>
        <styleUrl>#icon-1733-1A237E</styleUrl>
        <ExtendedData>
          <Data name="説明">
            <value>冬期開放: 
冬期未開放: ◯
身障者対応: 
身障者非対応: ◯
種別: 2.冬期未開放(身障者非対応)</value>
          </Data>
          <Data name="冬期開放">
            <value/>
          </Data>
          <Data name="冬期未開放">
            <value>◯</value>
          </Data>
          <Data name="身障者対応">
            <value/>
          </Data>
          <Data name="身障者非対応">
            <value>◯</value>
          </Data>
          <Data name="種別">
            <value>2.冬期未開放(身障者非対応)</value>
          </Data>
        </ExtendedData>
        <Point>
          <coordinates>
            141.310885,42.990898,0
          </coordinates>
        </Point>
      </Placemark>
      <Placemark>
        <name>エドウィン・ダン記念公園</name>
        <description><![CDATA[説明: 冬期開放: ◯<br>冬期未開放: <br>身障者対応: ◯<br>身障者非対応: <br>種別: 3.身障者対応(冬期開放)<br>冬期開放: ◯<br>冬期未開放: <br>身障者対応: ◯<br>身障者非対応: <br>種別: 3.身障者対応(冬期開放)]]></description>
        <styleUrl>#icon-1735-A52714</styleUrl>
        <ExtendedData>
          <Data name="説明">
            <value>冬期開放: ◯
冬期未開放: 
身障者対応: ◯
身障者非対応: 
種別: 3.身障者対応(冬期開放)</value>
          </Data>
          <Data name="冬期開放">
            <value>◯</value>
          </Data>
          <Data name="冬期未開放">
            <value/>
          </Data>
          <Data name="身障者対応">
            <value>◯</value>
          </Data>
          <Data name="身障者非対応">
            <value/>
          </Data>
          <Data name="種別">
            <value>3.身障者対応(冬期開放)</value>
          </Data>
        </ExtendedData>
        <Point>
          <coordinates>
            141.351167,42.987469,0
          </coordinates>
        </Point>
      </Placemark>
      <Placemark>
        <name>藻岩下公園</name>
        <description><![CDATA[説明: 冬期開放: ◯<br>冬期未開放: <br>身障者対応: ◯<br>身障者非対応: <br>種別: 3.身障者対応(冬期開放)<br>冬期開放: ◯<br>冬期未開放: <br>身障者対応: ◯<br>身障者非対応: <br>種別: 3.身障者対応(冬期開放)]]></description>
        <styleUrl>#icon-1735-A52714</styleUrl>
        <ExtendedData>
          <Data name="説明">
            <value>冬期開放: ◯
冬期未開放: 
身障者対応: ◯
身障者非対応: 
種別: 3.身障者対応(冬期開放)</value>
          </Data>
          <Data name="冬期開放">
            <value>◯</value>
          </Data>
          <Data name="冬期未開放">
            <value/>
          </Data>
          <Data name="身障者対応">
            <value>◯</value>
          </Data>
          <Data name="身障者非対応">
            <value/>
          </Data>
          <Data name="種別">
            <value>3.身障者対応(冬期開放)</value>
          </Data>
        </ExtendedData>
        <Point>
          <coordinates>
            141.3506,43.018289,0
          </coordinates>
        </Point>
      </Placemark>
      <Placemark>
        <name>真駒内曙公園</name>
        <description><![CDATA[説明: 冬期開放: ◯<br>冬期未開放: <br>身障者対応: ◯<br>身障者非対応: <br>種別: 3.身障者対応(冬期開放)<br>冬期開放: ◯<br>冬期未開放: <br>身障者対応: ◯<br>身障者非対応: <br>種別: 3.身障者対応(冬期開放)]]></description>
        <styleUrl>#icon-1735-A52714</styleUrl>
        <ExtendedData>
          <Data name="説明">
            <value>冬期開放: ◯
冬期未開放: 
身障者対応: ◯
身障者非対応: 
種別: 3.身障者対応(冬期開放)</value>
          </Data>
          <Data name="冬期開放">
            <value>◯</value>
          </Data>
          <Data name="冬期未開放">
            <value/>
          </Data>
          <Data name="身障者対応">
            <value>◯</value>
          </Data>
          <Data name="身障者非対応">
            <value/>
          </Data>
          <Data name="種別">
            <value>3.身障者対応(冬期開放)</value>
          </Data>
        </ExtendedData>
        <Point>
          <coordinates>
            141.35293,42.998374,0
          </coordinates>
        </Point>
      </Placemark>
      <Placemark>
        <name>真駒内五輪記念公園</name>
        <description><![CDATA[説明: 冬期開放: ◯<br>冬期未開放: <br>身障者対応: ◯<br>身障者非対応: <br>種別: 3.身障者対応(冬期開放)<br>冬期開放: ◯<br>冬期未開放: <br>身障者対応: ◯<br>身障者非対応: <br>種別: 3.身障者対応(冬期開放)]]></description>
        <styleUrl>#icon-1735-A52714</styleUrl>
        <ExtendedData>
          <Data name="説明">
            <value>冬期開放: ◯
冬期未開放: 
身障者対応: ◯
身障者非対応: 
種別: 3.身障者対応(冬期開放)</value>
          </Data>
          <Data name="冬期開放">
            <value>◯</value>
          </Data>
          <Data name="冬期未開放">
            <value/>
          </Data>
          <Data name="身障者対応">
            <value>◯</value>
          </Data>
          <Data name="身障者非対応">
            <value/>
          </Data>
          <Data name="種別">
            <value>3.身障者対応(冬期開放)</value>
          </Data>
        </ExtendedData>
        <Point>
          <coordinates>
            141.35352,42.992945,0
          </coordinates>
        </Point>
      </Placemark>
      <Placemark>
        <name>川沿公園</name>
        <description><![CDATA[説明: 冬期開放: <br>冬期未開放: ◯<br>身障者対応: <br>身障者非対応: ◯<br>種別: 2.冬期未開放(身障者非対応)<br>冬期開放: <br>冬期未開放: ◯<br>身障者対応: <br>身障者非対応: ◯<br>種別: 2.冬期未開放(身障者非対応)]]></description>
        <styleUrl>#icon-1733-1A237E</styleUrl>
        <ExtendedData>
          <Data name="説明">
            <value>冬期開放: 
冬期未開放: ◯
身障者対応: 
身障者非対応: ◯
種別: 2.冬期未開放(身障者非対応)</value>
          </Data>
          <Data name="冬期開放">
            <value/>
          </Data>
          <Data name="冬期未開放">
            <value>◯</value>
          </Data>
          <Data name="身障者対応">
            <value/>
          </Data>
          <Data name="身障者非対応">
            <value>◯</value>
          </Data>
          <Data name="種別">
            <value>2.冬期未開放(身障者非対応)</value>
          </Data>
        </ExtendedData>
        <Point>
          <coordinates>
            141.339087,42.978569,0
          </coordinates>
        </Point>
      </Placemark>
      <Placemark>
        <name>南沢えいと公園</name>
        <description><![CDATA[説明: 冬期開放: <br>冬期未開放: ◯<br>身障者対応: <br>身障者非対応: ◯<br>種別: 2.冬期未開放(身障者非対応)<br>冬期開放: <br>冬期未開放: ◯<br>身障者対応: <br>身障者非対応: ◯<br>種別: 2.冬期未開放(身障者非対応)]]></description>
        <styleUrl>#icon-1733-1A237E</styleUrl>
        <ExtendedData>
          <Data name="説明">
            <value>冬期開放: 
冬期未開放: ◯
身障者対応: 
身障者非対応: ◯
種別: 2.冬期未開放(身障者非対応)</value>
          </Data>
          <Data name="冬期開放">
            <value/>
          </Data>
          <Data name="冬期未開放">
            <value>◯</value>
          </Data>
          <Data name="身障者対応">
            <value/>
          </Data>
          <Data name="身障者非対応">
            <value>◯</value>
          </Data>
          <Data name="種別">
            <value>2.冬期未開放(身障者非対応)</value>
          </Data>
        </ExtendedData>
        <Point>
          <coordinates>
            141.316664,42.988217,0
          </coordinates>
        </Point>
      </Placemark>
      <Placemark>
        <name>澄川公園</name>
        <description><![CDATA[説明: 冬期開放: <br>冬期未開放: ◯<br>身障者対応: <br>身障者非対応: ◯<br>種別: 2.冬期未開放(身障者非対応)<br>冬期開放: <br>冬期未開放: ◯<br>身障者対応: <br>身障者非対応: ◯<br>種別: 2.冬期未開放(身障者非対応)]]></description>
        <styleUrl>#icon-1733-1A237E</styleUrl>
        <ExtendedData>
          <Data name="説明">
            <value>冬期開放: 
冬期未開放: ◯
身障者対応: 
身障者非対応: ◯
種別: 2.冬期未開放(身障者非対応)</value>
          </Data>
          <Data name="冬期開放">
            <value/>
          </Data>
          <Data name="冬期未開放">
            <value>◯</value>
          </Data>
          <Data name="身障者対応">
            <value/>
          </Data>
          <Data name="身障者非対応">
            <value>◯</value>
          </Data>
          <Data name="種別">
            <value>2.冬期未開放(身障者非対応)</value>
          </Data>
        </ExtendedData>
        <Point>
          <coordinates>
            141.369463,43.004296,0
          </coordinates>
        </Point>
      </Placemark>
      <Placemark>
        <name>十五島公園</name>
        <description><![CDATA[説明: 冬期開放: <br>冬期未開放: ◯<br>身障者対応: <br>身障者非対応: ◯<br>種別: 2.冬期未開放(身障者非対応)<br>冬期開放: <br>冬期未開放: ◯<br>身障者対応: <br>身障者非対応: ◯<br>種別: 2.冬期未開放(身障者非対応)]]></description>
        <styleUrl>#icon-1733-1A237E</styleUrl>
        <ExtendedData>
          <Data name="説明">
            <value>冬期開放: 
冬期未開放: ◯
身障者対応: 
身障者非対応: ◯
種別: 2.冬期未開放(身障者非対応)</value>
          </Data>
          <Data name="冬期開放">
            <value/>
          </Data>
          <Data name="冬期未開放">
            <value>◯</value>
          </Data>
          <Data name="身障者対応">
            <value/>
          </Data>
          <Data name="身障者非対応">
            <value>◯</value>
          </Data>
          <Data name="種別">
            <value>2.冬期未開放(身障者非対応)</value>
          </Data>
        </ExtendedData>
        <Point>
          <coordinates>
            141.3021654,42.9650014,0
          </coordinates>
        </Point>
      </Placemark>
      <Placemark>
        <name>藤野公園</name>
        <description><![CDATA[説明: 冬期開放: ◯<br>冬期未開放: <br>身障者対応: <br>身障者非対応: ◯<br>種別: 1.冬期開放(身障者非対応)<br>冬期開放: ◯<br>冬期未開放: <br>身障者対応: <br>身障者非対応: ◯<br>種別: 1.冬期開放(身障者非対応)]]></description>
        <styleUrl>#icon-1733-A52714</styleUrl>
        <ExtendedData>
          <Data name="説明">
            <value>冬期開放: ◯
冬期未開放: 
身障者対応: 
身障者非対応: ◯
種別: 1.冬期開放(身障者非対応)</value>
          </Data>
          <Data name="冬期開放">
            <value>◯</value>
          </Data>
          <Data name="冬期未開放">
            <value/>
          </Data>
          <Data name="身障者対応">
            <value/>
          </Data>
          <Data name="身障者非対応">
            <value>◯</value>
          </Data>
          <Data name="種別">
            <value>1.冬期開放(身障者非対応)</value>
          </Data>
        </ExtendedData>
        <Point>
          <coordinates>
            141.283024,42.960777,0
          </coordinates>
        </Point>
      </Placemark>
      <Placemark>
        <name>藻南公園</name>
        <description><![CDATA[説明: 冬期開放: <br>冬期未開放: ◯<br>身障者対応: <br>身障者非対応: ◯<br>種別: 2.冬期未開放(身障者非対応)<br>冬期開放: <br>冬期未開放: ◯<br>身障者対応: <br>身障者非対応: ◯<br>種別: 2.冬期未開放(身障者非対応)]]></description>
        <styleUrl>#icon-1733-1A237E</styleUrl>
        <ExtendedData>
          <Data name="説明">
            <value>冬期開放: 
冬期未開放: ◯
身障者対応: 
身障者非対応: ◯
種別: 2.冬期未開放(身障者非対応)</value>
          </Data>
          <Data name="冬期開放">
            <value/>
          </Data>
          <Data name="冬期未開放">
            <value>◯</value>
          </Data>
          <Data name="身障者対応">
            <value/>
          </Data>
          <Data name="身障者非対応">
            <value>◯</value>
          </Data>
          <Data name="種別">
            <value>2.冬期未開放(身障者非対応)</value>
          </Data>
        </ExtendedData>
        <Point>
          <coordinates>
            141.342355,42.982947,0
          </coordinates>
        </Point>
      </Placemark>
      <Placemark>
        <name>豊平川緑地</name>
        <description><![CDATA[説明: 冬期開放: <br>冬期未開放: ◯<br>身障者対応: <br>身障者非対応:◯ <br>種別: 2.冬期未開放(身障者非対応)<br>冬期開放: <br>冬期未開放: ◯<br>身障者対応: <br>身障者非対応: ◯<br>種別: 2.冬期未開放(身障者非対応)]]></description>
        <styleUrl>#icon-1733-1A237E</styleUrl>
        <ExtendedData>
          <Data name="説明">
            <value>冬期開放: 
冬期未開放: ◯
身障者対応: 
身障者非対応:◯ 
種別: 2.冬期未開放(身障者非対応)</value>
          </Data>
          <Data name="冬期開放">
            <value/>
          </Data>
          <Data name="冬期未開放">
            <value>◯</value>
          </Data>
          <Data name="身障者対応">
            <value/>
          </Data>
          <Data name="身障者非対応">
            <value>◯</value>
          </Data>
          <Data name="種別">
            <value>2.冬期未開放(身障者非対応)</value>
          </Data>
        </ExtendedData>
        <Point>
          <coordinates>
            141.3226531,42.9662505,0
          </coordinates>
        </Point>
      </Placemark>
      <Placemark>
        <name>藻南公園</name>
        <description><![CDATA[説明: 冬期開放: ◯<br>冬期未開放: <br>身障者対応: <br>身障者非対応: ◯<br>種別: 1.冬期開放(身障者非対応)<br>冬期開放: ◯<br>冬期未開放: <br>身障者対応: <br>身障者非対応: ◯<br>種別: 1.冬期開放(身障者非対応)]]></description>
        <styleUrl>#icon-1733-A52714</styleUrl>
        <ExtendedData>
          <Data name="説明">
            <value>冬期開放: ◯
冬期未開放: 
身障者対応: 
身障者非対応: ◯
種別: 1.冬期開放(身障者非対応)</value>
          </Data>
          <Data name="冬期開放">
            <value>◯</value>
          </Data>
          <Data name="冬期未開放">
            <value/>
          </Data>
          <Data name="身障者対応">
            <value/>
          </Data>
          <Data name="身障者非対応">
            <value>◯</value>
          </Data>
          <Data name="種別">
            <value>1.冬期開放(身障者非対応)</value>
          </Data>
        </ExtendedData>
        <Point>
          <coordinates>
            141.335121,42.986361,0
          </coordinates>
        </Point>
      </Placemark>
      <Placemark>
        <name>澄川北緑地</name>
        <description><![CDATA[説明: 冬期開放: <br>冬期未開放: ◯<br>身障者対応: ◯<br>身障者非対応: <br>種別: 4.身障者対応(冬期未開放)<br>冬期開放: <br>冬期未開放: ◯<br>身障者対応: ◯<br>身障者非対応: <br>種別: 4.身障者対応(冬期未開放)]]></description>
        <styleUrl>#icon-1735-1A237E</styleUrl>
        <ExtendedData>
          <Data name="説明">
            <value>冬期開放: 
冬期未開放: ◯
身障者対応: ◯
身障者非対応: 
種別: 4.身障者対応(冬期未開放)</value>
          </Data>
          <Data name="冬期開放">
            <value/>
          </Data>
          <Data name="冬期未開放">
            <value>◯</value>
          </Data>
          <Data name="身障者対応">
            <value>◯</value>
          </Data>
          <Data name="身障者非対応">
            <value/>
          </Data>
          <Data name="種別">
            <value>4.身障者対応(冬期未開放)</value>
          </Data>
        </ExtendedData>
        <Point>
          <coordinates>
            141.37336,43.009491,0
          </coordinates>
        </Point>
      </Placemark>
      <Placemark>
        <name>藻南公園</name>
        <description><![CDATA[説明: 冬期開放: <br>冬期未開放: ◯<br>身障者対応: ◯<br>身障者非対応: <br>種別: 4.身障者対応(冬期未開放)<br>冬期開放: <br>冬期未開放: ◯<br>身障者対応: ◯<br>身障者非対応: <br>種別: 4.身障者対応(冬期未開放)]]></description>
        <styleUrl>#icon-1735-1A237E</styleUrl>
        <ExtendedData>
          <Data name="説明">
            <value>冬期開放: 
冬期未開放: ◯
身障者対応: ◯
身障者非対応: 
種別: 4.身障者対応(冬期未開放)</value>
          </Data>
          <Data name="冬期開放">
            <value/>
          </Data>
          <Data name="冬期未開放">
            <value>◯</value>
          </Data>
          <Data name="身障者対応">
            <value>◯</value>
          </Data>
          <Data name="身障者非対応">
            <value/>
          </Data>
          <Data name="種別">
            <value>4.身障者対応(冬期未開放)</value>
          </Data>
        </ExtendedData>
        <Point>
          <coordinates>
            141.343582,42.981104,0
          </coordinates>
        </Point>
      </Placemark>
      <Placemark>
        <name>藤野河畔緑地</name>
        <description><![CDATA[説明: 冬期開放: <br>冬期未開放: ◯<br>身障者対応: ◯<br>身障者非対応: <br>種別: 4.身障者対応(冬期未開放)<br>冬期開放: <br>冬期未開放: ◯<br>身障者対応: ◯<br>身障者非対応: <br>種別: 4.身障者対応(冬期未開放)]]></description>
        <styleUrl>#icon-1735-1A237E</styleUrl>
        <ExtendedData>
          <Data name="説明">
            <value>冬期開放: 
冬期未開放: ◯
身障者対応: ◯
身障者非対応: 
種別: 4.身障者対応(冬期未開放)</value>
          </Data>
          <Data name="冬期開放">
            <value/>
          </Data>
          <Data name="冬期未開放">
            <value>◯</value>
          </Data>
          <Data name="身障者対応">
            <value>◯</value>
          </Data>
          <Data name="身障者非対応">
            <value/>
          </Data>
          <Data name="種別">
            <value>4.身障者対応(冬期未開放)</value>
          </Data>
        </ExtendedData>
        <Point>
          <coordinates>
            141.28958,42.968641,0
          </coordinates>
        </Point>
      </Placemark>
      <Placemark>
        <name>石山北公園</name>
        <description><![CDATA[説明: 冬期開放: ◯<br>冬期未開放: <br>身障者対応: <br>身障者非対応: ◯<br>種別: 1.冬期開放(身障者非対応)<br>冬期開放: ◯<br>冬期未開放: <br>身障者対応: <br>身障者非対応: ◯<br>種別: 1.冬期開放(身障者非対応)]]></description>
        <styleUrl>#icon-1733-A52714</styleUrl>
        <ExtendedData>
          <Data name="説明">
            <value>冬期開放: ◯
冬期未開放: 
身障者対応: 
身障者非対応: ◯
種別: 1.冬期開放(身障者非対応)</value>
          </Data>
          <Data name="冬期開放">
            <value>◯</value>
          </Data>
          <Data name="冬期未開放">
            <value/>
          </Data>
          <Data name="身障者対応">
            <value/>
          </Data>
          <Data name="身障者非対応">
            <value>◯</value>
          </Data>
          <Data name="種別">
            <value>1.冬期開放(身障者非対応)</value>
          </Data>
        </ExtendedData>
        <Point>
          <coordinates>
            141.3384199,42.9708889,0
          </coordinates>
        </Point>
      </Placemark>
      <Placemark>
        <name>穴の川中央緑地</name>
        <description><![CDATA[説明: 冬期開放: <br>冬期未開放: ◯<br>身障者対応: <br>身障者非対応: ◯<br>種別: 2.冬期未開放(身障者非対応)<br>冬期開放: <br>冬期未開放: ◯<br>身障者対応: <br>身障者非対応: ◯<br>種別: 2.冬期未開放(身障者非対応)]]></description>
        <styleUrl>#icon-1733-1A237E</styleUrl>
        <ExtendedData>
          <Data name="説明">
            <value>冬期開放: 
冬期未開放: ◯
身障者対応: 
身障者非対応: ◯
種別: 2.冬期未開放(身障者非対応)</value>
          </Data>
          <Data name="冬期開放">
            <value/>
          </Data>
          <Data name="冬期未開放">
            <value>◯</value>
          </Data>
          <Data name="身障者対応">
            <value/>
          </Data>
          <Data name="身障者非対応">
            <value>◯</value>
          </Data>
          <Data name="種別">
            <value>2.冬期未開放(身障者非対応)</value>
          </Data>
        </ExtendedData>
        <Point>
          <coordinates>
            141.324641,42.950767,0
          </coordinates>
        </Point>
      </Placemark>
      <Placemark>
        <name>十五島公園</name>
        <description><![CDATA[説明: 冬期開放: <br>冬期未開放: ◯<br>身障者対応: <br>身障者非対応: ◯<br>種別: 2.冬期未開放(身障者非対応)<br>冬期開放: <br>冬期未開放: ◯<br>身障者対応: <br>身障者非対応: ◯<br>種別: 2.冬期未開放(身障者非対応)]]></description>
        <styleUrl>#icon-1733-1A237E</styleUrl>
        <ExtendedData>
          <Data name="説明">
            <value>冬期開放: 
冬期未開放: ◯
身障者対応: 
身障者非対応: ◯
種別: 2.冬期未開放(身障者非対応)</value>
          </Data>
          <Data name="冬期開放">
            <value/>
          </Data>
          <Data name="冬期未開放">
            <value>◯</value>
          </Data>
          <Data name="身障者対応">
            <value/>
          </Data>
          <Data name="身障者非対応">
            <value>◯</value>
          </Data>
          <Data name="種別">
            <value>2.冬期未開放(身障者非対応)</value>
          </Data>
        </ExtendedData>
        <Point>
          <coordinates>
            141.298179,42.967729,0
          </coordinates>
        </Point>
      </Placemark>
      <Placemark>
        <name>常盤公園</name>
        <description><![CDATA[説明: 冬期開放: <br>冬期未開放: ◯<br>身障者対応: ◯<br>身障者非対応: <br>種別: 4.身障者対応(冬期未開放)<br>冬期開放: <br>冬期未開放: ◯<br>身障者対応: ◯<br>身障者非対応: <br>種別: 4.身障者対応(冬期未開放)]]></description>
        <styleUrl>#icon-1735-1A237E</styleUrl>
        <ExtendedData>
          <Data name="説明">
            <value>冬期開放: 
冬期未開放: ◯
身障者対応: ◯
身障者非対応: 
種別: 4.身障者対応(冬期未開放)</value>
          </Data>
          <Data name="冬期開放">
            <value/>
          </Data>
          <Data name="冬期未開放">
            <value>◯</value>
          </Data>
          <Data name="身障者対応">
            <value>◯</value>
          </Data>
          <Data name="身障者非対応">
            <value/>
          </Data>
          <Data name="種別">
            <value>4.身障者対応(冬期未開放)</value>
          </Data>
        </ExtendedData>
        <Point>
          <coordinates>
            141.3500658,42.942978,0
          </coordinates>
        </Point>
      </Placemark>
      <Placemark>
        <name>豊平川緑地</name>
        <description><![CDATA[説明: 冬期開放: <br>冬期未開放: ◯<br>身障者対応: <br>身障者非対応: ◯<br>種別: 2.冬期未開放(身障者非対応)<br>冬期開放: <br>冬期未開放: ◯<br>身障者対応: <br>身障者非対応: ◯<br>種別: 2.冬期未開放(身障者非対応)]]></description>
        <styleUrl>#icon-1733-1A237E</styleUrl>
        <ExtendedData>
          <Data name="説明">
            <value>冬期開放: 
冬期未開放: ◯
身障者対応: 
身障者非対応: ◯
種別: 2.冬期未開放(身障者非対応)</value>
          </Data>
          <Data name="冬期開放">
            <value/>
          </Data>
          <Data name="冬期未開放">
            <value>◯</value>
          </Data>
          <Data name="身障者対応">
            <value/>
          </Data>
          <Data name="身障者非対応">
            <value>◯</value>
          </Data>
          <Data name="種別">
            <value>2.冬期未開放(身障者非対応)</value>
          </Data>
        </ExtendedData>
        <Point>
          <coordinates>
            141.353224,43.011765,0
          </coordinates>
        </Point>
      </Placemark>
      <Placemark>
        <name>豊平川緑地</name>
        <description><![CDATA[説明: 冬期開放: <br>冬期未開放: ◯<br>身障者対応: <br>身障者非対応: ◯<br>種別: 2.冬期未開放(身障者非対応)<br>冬期開放: <br>冬期未開放: ◯<br>身障者対応: <br>身障者非対応: ◯<br>種別: 2.冬期未開放(身障者非対応)]]></description>
        <styleUrl>#icon-1733-1A237E</styleUrl>
        <ExtendedData>
          <Data name="説明">
            <value>冬期開放: 
冬期未開放: ◯
身障者対応: 
身障者非対応: ◯
種別: 2.冬期未開放(身障者非対応)</value>
          </Data>
          <Data name="冬期開放">
            <value/>
          </Data>
          <Data name="冬期未開放">
            <value>◯</value>
          </Data>
          <Data name="身障者対応">
            <value/>
          </Data>
          <Data name="身障者非対応">
            <value>◯</value>
          </Data>
          <Data name="種別">
            <value>2.冬期未開放(身障者非対応)</value>
          </Data>
        </ExtendedData>
        <Point>
          <coordinates>
            141.347156,43.007482,0
          </coordinates>
        </Point>
      </Placemark>
      <Placemark>
        <name>豊平川緑地</name>
        <description><![CDATA[説明: 冬期開放: <br>冬期未開放: ◯<br>身障者対応: <br>身障者非対応: ◯<br>種別: 2.冬期未開放(身障者非対応)<br>冬期開放: <br>冬期未開放: ◯<br>身障者対応: <br>身障者非対応: ◯<br>種別: 2.冬期未開放(身障者非対応)]]></description>
        <styleUrl>#icon-1733-1A237E</styleUrl>
        <ExtendedData>
          <Data name="説明">
            <value>冬期開放: 
冬期未開放: ◯
身障者対応: 
身障者非対応: ◯
種別: 2.冬期未開放(身障者非対応)</value>
          </Data>
          <Data name="冬期開放">
            <value/>
          </Data>
          <Data name="冬期未開放">
            <value>◯</value>
          </Data>
          <Data name="身障者対応">
            <value/>
          </Data>
          <Data name="身障者非対応">
            <value>◯</value>
          </Data>
          <Data name="種別">
            <value>2.冬期未開放(身障者非対応)</value>
          </Data>
        </ExtendedData>
        <Point>
          <coordinates>
            141.338376,42.994285,0
          </coordinates>
        </Point>
      </Placemark>
      <Placemark>
        <name>石山東公園</name>
        <description><![CDATA[説明: 冬期開放: <br>冬期未開放: ◯<br>身障者対応: <br>身障者非対応: ◯<br>種別: 2.冬期未開放(身障者非対応)<br>冬期開放: <br>冬期未開放: ◯<br>身障者対応: <br>身障者非対応: ◯<br>種別: 2.冬期未開放(身障者非対応)]]></description>
        <styleUrl>#icon-1733-1A237E</styleUrl>
        <ExtendedData>
          <Data name="説明">
            <value>冬期開放: 
冬期未開放: ◯
身障者対応: 
身障者非対応: ◯
種別: 2.冬期未開放(身障者非対応)</value>
          </Data>
          <Data name="冬期開放">
            <value/>
          </Data>
          <Data name="冬期未開放">
            <value>◯</value>
          </Data>
          <Data name="身障者対応">
            <value/>
          </Data>
          <Data name="身障者非対応">
            <value>◯</value>
          </Data>
          <Data name="種別">
            <value>2.冬期未開放(身障者非対応)</value>
          </Data>
        </ExtendedData>
        <Point>
          <coordinates>
            141.346145,42.959225,0
          </coordinates>
        </Point>
      </Placemark>
      <Placemark>
        <name>石山緑地</name>
        <description><![CDATA[説明: 冬期開放: <br>冬期未開放: ◯<br>身障者対応:◯ <br>身障者非対応: <br>種別: 4.身障者対応(冬期未開放)<br>冬期開放: <br>冬期未開放: ◯<br>身障者対応: ◯<br>身障者非対応: <br>種別: 4.身障者対応(冬期未開放)]]></description>
        <styleUrl>#icon-1735-1A237E</styleUrl>
        <ExtendedData>
          <Data name="説明">
            <value>冬期開放: 
冬期未開放: ◯
身障者対応:◯ 
身障者非対応: 
種別: 4.身障者対応(冬期未開放)</value>
          </Data>
          <Data name="冬期開放">
            <value/>
          </Data>
          <Data name="冬期未開放">
            <value>◯</value>
          </Data>
          <Data name="身障者対応">
            <value>◯</value>
          </Data>
          <Data name="身障者非対応">
            <value/>
          </Data>
          <Data name="種別">
            <value>4.身障者対応(冬期未開放)</value>
          </Data>
        </ExtendedData>
        <Point>
          <coordinates>
            141.3400703,42.9681661,0
          </coordinates>
        </Point>
      </Placemark>
      <Placemark>
        <name>藻南公園</name>
        <description><![CDATA[説明: 冬期開放: ◯<br>冬期未開放: <br>身障者対応:◯ <br>身障者非対応: <br>種別: 2.冬期未開放(身障者非対応<br>冬期開放: ◯<br>冬期未開放: <br>身障者対応: ◯<br>身障者非対応: <br>種別: 2.冬期未開放(身障者非対応]]></description>
        <styleUrl>#icon-1735-1A237E</styleUrl>
        <ExtendedData>
          <Data name="説明">
            <value>冬期開放: ◯
冬期未開放: 
身障者対応:◯ 
身障者非対応: 
種別: 2.冬期未開放(身障者非対応</value>
          </Data>
          <Data name="冬期開放">
            <value>◯</value>
          </Data>
          <Data name="冬期未開放">
            <value/>
          </Data>
          <Data name="身障者対応">
            <value>◯</value>
          </Data>
          <Data name="身障者非対応">
            <value/>
          </Data>
          <Data name="種別">
            <value>2.冬期未開放(身障者非対応</value>
          </Data>
        </ExtendedData>
        <Point>
          <coordinates>
            141.339468,42.9830846,0
          </coordinates>
        </Point>
      </Placemark>
      <Placemark>
        <name>藻南公園</name>
        <description><![CDATA[説明: 冬期開放: <br>冬期未開放: ◯<br>身障者対応: <br>身障者非対応: ◯<br>種別: 2.冬期未開放(身障者非対応)<br>冬期開放: <br>冬期未開放: ◯<br>身障者対応: <br>身障者非対応: ◯<br>種別: 2.冬期未開放(身障者非対応)]]></description>
        <styleUrl>#icon-1733-1A237E</styleUrl>
        <ExtendedData>
          <Data name="説明">
            <value>冬期開放: 
冬期未開放: ◯
身障者対応: 
身障者非対応: ◯
種別: 2.冬期未開放(身障者非対応)</value>
          </Data>
          <Data name="冬期開放">
            <value/>
          </Data>
          <Data name="冬期未開放">
            <value>◯</value>
          </Data>
          <Data name="身障者対応">
            <value/>
          </Data>
          <Data name="身障者非対応">
            <value>◯</value>
          </Data>
          <Data name="種別">
            <value>2.冬期未開放(身障者非対応)</value>
          </Data>
        </ExtendedData>
        <Point>
          <coordinates>
            141.337573,42.984459,0
          </coordinates>
        </Point>
      </Placemark>
      <Placemark>
        <name>藤が丘高台公園</name>
        <description><![CDATA[説明: 冬期開放: <br>冬期未開放: ◯<br>身障者対応: <br>身障者非対応: ◯<br>種別: 2.冬期未開放(身障者非対応)<br>冬期開放: <br>冬期未開放: ◯<br>身障者対応: <br>身障者非対応: ◯<br>種別: 2.冬期未開放(身障者非対応)]]></description>
        <styleUrl>#icon-1733-1A237E</styleUrl>
        <ExtendedData>
          <Data name="説明">
            <value>冬期開放: 
冬期未開放: ◯
身障者対応: 
身障者非対応: ◯
種別: 2.冬期未開放(身障者非対応)</value>
          </Data>
          <Data name="冬期開放">
            <value/>
          </Data>
          <Data name="冬期未開放">
            <value>◯</value>
          </Data>
          <Data name="身障者対応">
            <value/>
          </Data>
          <Data name="身障者非対応">
            <value>◯</value>
          </Data>
          <Data name="種別">
            <value>2.冬期未開放(身障者非対応)</value>
          </Data>
        </ExtendedData>
        <Point>
          <coordinates>
            141.30438,42.959852,0
          </coordinates>
        </Point>
      </Placemark>
      <Placemark>
        <name>藤野東公園</name>
        <description><![CDATA[説明: 冬期開放: <br>冬期未開放: ◯<br>身障者対応: ◯<br>身障者非対応: <br>種別: 4.身障者対応(冬期未開放)<br>冬期開放: <br>冬期未開放: ◯<br>身障者対応: ◯<br>身障者非対応: <br>種別: 4.身障者対応(冬期未開放)]]></description>
        <styleUrl>#icon-1735-1A237E</styleUrl>
        <ExtendedData>
          <Data name="説明">
            <value>冬期開放: 
冬期未開放: ◯
身障者対応: ◯
身障者非対応: 
種別: 4.身障者対応(冬期未開放)</value>
          </Data>
          <Data name="冬期開放">
            <value/>
          </Data>
          <Data name="冬期未開放">
            <value>◯</value>
          </Data>
          <Data name="身障者対応">
            <value>◯</value>
          </Data>
          <Data name="身障者非対応">
            <value/>
          </Data>
          <Data name="種別">
            <value>4.身障者対応(冬期未開放)</value>
          </Data>
        </ExtendedData>
        <Point>
          <coordinates>
            141.307908,42.96138,0
          </coordinates>
        </Point>
      </Placemark>
      <Placemark>
        <name>（藻岩山市民スキー場）</name>
        <description><![CDATA[説明: 冬期開放: ◯<br>冬期未開放: <br>身障者対応: ◯<br>身障者非対応: <br>種別: 3.身障者対応(冬期開放)<br>冬期開放: ◯<br>冬期未開放: <br>身障者対応: ◯<br>身障者非対応: <br>種別: 3.身障者対応(冬期開放)]]></description>
        <styleUrl>#icon-1735-A52714</styleUrl>
        <ExtendedData>
          <Data name="説明">
            <value>冬期開放: ◯
冬期未開放: 
身障者対応: ◯
身障者非対応: 
種別: 3.身障者対応(冬期開放)</value>
          </Data>
          <Data name="冬期開放">
            <value>◯</value>
          </Data>
          <Data name="冬期未開放">
            <value/>
          </Data>
          <Data name="身障者対応">
            <value>◯</value>
          </Data>
          <Data name="身障者非対応">
            <value/>
          </Data>
          <Data name="種別">
            <value>3.身障者対応(冬期開放)</value>
          </Data>
        </ExtendedData>
        <Point>
          <coordinates>
            141.333163,43.012468,0
          </coordinates>
        </Point>
      </Placemark>
      <Placemark>
        <name>豊平川緑地</name>
        <description><![CDATA[説明: 冬期開放: <br>冬期未開放: ◯<br>身障者対応: <br>身障者非対応: ◯<br>種別: 2.冬期未開放(身障者非対応)<br>冬期開放: <br>冬期未開放: ◯<br>身障者対応: <br>身障者非対応: ◯<br>種別: 2.冬期未開放(身障者非対応)]]></description>
        <styleUrl>#icon-1733-1A237E</styleUrl>
        <ExtendedData>
          <Data name="説明">
            <value>冬期開放: 
冬期未開放: ◯
身障者対応: 
身障者非対応: ◯
種別: 2.冬期未開放(身障者非対応)</value>
          </Data>
          <Data name="冬期開放">
            <value/>
          </Data>
          <Data name="冬期未開放">
            <value>◯</value>
          </Data>
          <Data name="身障者対応">
            <value/>
          </Data>
          <Data name="身障者非対応">
            <value>◯</value>
          </Data>
          <Data name="種別">
            <value>2.冬期未開放(身障者非対応)</value>
          </Data>
        </ExtendedData>
        <Point>
          <coordinates>
            141.3518074,43.0205975,0
          </coordinates>
        </Point>
      </Placemark>
      <Placemark>
        <name>厚別南緑地</name>
        <description><![CDATA[説明: 冬期開放: <br>冬期未開放: ◯<br>身障者対応: <br>身障者非対応: ◯<br>種別: 2.冬期未開放(身障者非対応)<br>冬期開放: <br>冬期未開放: ◯<br>身障者対応: <br>身障者非対応: ◯<br>種別: 2.冬期未開放(身障者非対応)]]></description>
        <styleUrl>#icon-1733-1A237E</styleUrl>
        <ExtendedData>
          <Data name="説明">
            <value>冬期開放: 
冬期未開放: ◯
身障者対応: 
身障者非対応: ◯
種別: 2.冬期未開放(身障者非対応)</value>
          </Data>
          <Data name="冬期開放">
            <value/>
          </Data>
          <Data name="冬期未開放">
            <value>◯</value>
          </Data>
          <Data name="身障者対応">
            <value/>
          </Data>
          <Data name="身障者非対応">
            <value>◯</value>
          </Data>
          <Data name="種別">
            <value>2.冬期未開放(身障者非対応)</value>
          </Data>
        </ExtendedData>
        <Point>
          <coordinates>
            141.481199,43.019151,0
          </coordinates>
        </Point>
      </Placemark>
      <Placemark>
        <name>青葉中央公園</name>
        <description><![CDATA[説明: 冬期開放: <br>冬期未開放: ◯<br>身障者対応: <br>身障者非対応: ◯<br>種別: 2.冬期未開放(身障者非対応)<br>冬期開放: <br>冬期未開放: ◯<br>身障者対応: <br>身障者非対応: ◯<br>種別: 2.冬期未開放(身障者非対応)]]></description>
        <styleUrl>#icon-1733-1A237E</styleUrl>
        <ExtendedData>
          <Data name="説明">
            <value>冬期開放: 
冬期未開放: ◯
身障者対応: 
身障者非対応: ◯
種別: 2.冬期未開放(身障者非対応)</value>
          </Data>
          <Data name="冬期開放">
            <value/>
          </Data>
          <Data name="冬期未開放">
            <value>◯</value>
          </Data>
          <Data name="身障者対応">
            <value/>
          </Data>
          <Data name="身障者非対応">
            <value>◯</value>
          </Data>
          <Data name="種別">
            <value>2.冬期未開放(身障者非対応)</value>
          </Data>
        </ExtendedData>
        <Point>
          <coordinates>
            141.475158,43.028943,0
          </coordinates>
        </Point>
      </Placemark>
      <Placemark>
        <name>大谷地流通団地南緑地</name>
        <description><![CDATA[説明: 冬期開放: <br>冬期未開放: ◯<br>身障者対応: <br>身障者非対応: ◯<br>種別: 2.冬期未開放(身障者非対応)<br>冬期開放: <br>冬期未開放: ◯<br>身障者対応: <br>身障者非対応: ◯<br>種別: 2.冬期未開放(身障者非対応)]]></description>
        <styleUrl>#icon-1733-1A237E</styleUrl>
        <ExtendedData>
          <Data name="説明">
            <value>冬期開放: 
冬期未開放: ◯
身障者対応: 
身障者非対応: ◯
種別: 2.冬期未開放(身障者非対応)</value>
          </Data>
          <Data name="冬期開放">
            <value/>
          </Data>
          <Data name="冬期未開放">
            <value>◯</value>
          </Data>
          <Data name="身障者対応">
            <value/>
          </Data>
          <Data name="身障者非対応">
            <value>◯</value>
          </Data>
          <Data name="種別">
            <value>2.冬期未開放(身障者非対応)</value>
          </Data>
        </ExtendedData>
        <Point>
          <coordinates>
            141.453999,43.034719,0
          </coordinates>
        </Point>
      </Placemark>
      <Placemark>
        <name>東部緑地</name>
        <description><![CDATA[説明: 冬期開放: <br>冬期未開放: ◯<br>身障者対応: <br>身障者非対応: ◯<br>種別: 2.冬期未開放(身障者非対応)<br>冬期開放: <br>冬期未開放: ◯<br>身障者対応: <br>身障者非対応: ◯<br>種別: 2.冬期未開放(身障者非対応)]]></description>
        <styleUrl>#icon-1733-1A237E</styleUrl>
        <ExtendedData>
          <Data name="説明">
            <value>冬期開放: 
冬期未開放: ◯
身障者対応: 
身障者非対応: ◯
種別: 2.冬期未開放(身障者非対応)</value>
          </Data>
          <Data name="冬期開放">
            <value/>
          </Data>
          <Data name="冬期未開放">
            <value>◯</value>
          </Data>
          <Data name="身障者対応">
            <value/>
          </Data>
          <Data name="身障者非対応">
            <value>◯</value>
          </Data>
          <Data name="種別">
            <value>2.冬期未開放(身障者非対応)</value>
          </Data>
        </ExtendedData>
        <Point>
          <coordinates>
            141.480864,43.009087,0
          </coordinates>
        </Point>
      </Placemark>
      <Placemark>
        <name>馬場公園</name>
        <description><![CDATA[説明: 冬期開放: ◯<br>冬期未開放: <br>身障者対応: ◯<br>身障者非対応: <br>種別: 3.身障者対応(冬期開放)<br>冬期開放: ◯<br>冬期未開放: <br>身障者対応: ◯<br>身障者非対応: <br>種別: 3.身障者対応(冬期開放)]]></description>
        <styleUrl>#icon-1735-A52714</styleUrl>
        <ExtendedData>
          <Data name="説明">
            <value>冬期開放: ◯
冬期未開放: 
身障者対応: ◯
身障者非対応: 
種別: 3.身障者対応(冬期開放)</value>
          </Data>
          <Data name="冬期開放">
            <value>◯</value>
          </Data>
          <Data name="冬期未開放">
            <value/>
          </Data>
          <Data name="身障者対応">
            <value>◯</value>
          </Data>
          <Data name="身障者非対応">
            <value/>
          </Data>
          <Data name="種別">
            <value>3.身障者対応(冬期開放)</value>
          </Data>
        </ExtendedData>
        <Point>
          <coordinates>
            141.462148,43.029229,0
          </coordinates>
        </Point>
      </Placemark>
      <Placemark>
        <name>厚別いなり公園</name>
        <description><![CDATA[説明: 冬期開放: ◯<br>冬期未開放: <br>身障者対応: ◯<br>身障者非対応: <br>種別: 3.身障者対応(冬期開放)<br>冬期開放: ◯<br>冬期未開放: <br>身障者対応: ◯<br>身障者非対応: <br>種別: 3.身障者対応(冬期開放)]]></description>
        <styleUrl>#icon-1735-A52714</styleUrl>
        <ExtendedData>
          <Data name="説明">
            <value>冬期開放: ◯
冬期未開放: 
身障者対応: ◯
身障者非対応: 
種別: 3.身障者対応(冬期開放)</value>
          </Data>
          <Data name="冬期開放">
            <value>◯</value>
          </Data>
          <Data name="冬期未開放">
            <value/>
          </Data>
          <Data name="身障者対応">
            <value>◯</value>
          </Data>
          <Data name="身障者非対応">
            <value/>
          </Data>
          <Data name="種別">
            <value>3.身障者対応(冬期開放)</value>
          </Data>
        </ExtendedData>
        <Point>
          <coordinates>
            141.456014,43.050196,0
          </coordinates>
        </Point>
      </Placemark>
      <Placemark>
        <name>もみじ台西公園</name>
        <description><![CDATA[説明: 冬期開放: ◯<br>冬期未開放: <br>身障者対応: ◯<br>身障者非対応: <br>種別: 3.身障者対応(冬期開放)<br>冬期開放: ◯<br>冬期未開放: <br>身障者対応: ◯<br>身障者非対応: <br>種別: 3.身障者対応(冬期開放)]]></description>
        <styleUrl>#icon-1735-A52714</styleUrl>
        <ExtendedData>
          <Data name="説明">
            <value>冬期開放: ◯
冬期未開放: 
身障者対応: ◯
身障者非対応: 
種別: 3.身障者対応(冬期開放)</value>
          </Data>
          <Data name="冬期開放">
            <value>◯</value>
          </Data>
          <Data name="冬期未開放">
            <value/>
          </Data>
          <Data name="身障者対応">
            <value>◯</value>
          </Data>
          <Data name="身障者非対応">
            <value/>
          </Data>
          <Data name="種別">
            <value>3.身障者対応(冬期開放)</value>
          </Data>
        </ExtendedData>
        <Point>
          <coordinates>
            141.487027,43.032765,0
          </coordinates>
        </Point>
      </Placemark>
      <Placemark>
        <name>もみじ台東公園</name>
        <description><![CDATA[説明: 冬期開放: ◯<br>冬期未開放: <br>身障者対応: ◯<br>身障者非対応: <br>種別: 3.身障者対応(冬期開放)<br>冬期開放: ◯<br>冬期未開放: <br>身障者対応: ◯<br>身障者非対応: <br>種別: 3.身障者対応(冬期開放)]]></description>
        <styleUrl>#icon-1735-A52714</styleUrl>
        <ExtendedData>
          <Data name="説明">
            <value>冬期開放: ◯
冬期未開放: 
身障者対応: ◯
身障者非対応: 
種別: 3.身障者対応(冬期開放)</value>
          </Data>
          <Data name="冬期開放">
            <value>◯</value>
          </Data>
          <Data name="冬期未開放">
            <value/>
          </Data>
          <Data name="身障者対応">
            <value>◯</value>
          </Data>
          <Data name="身障者非対応">
            <value/>
          </Data>
          <Data name="種別">
            <value>3.身障者対応(冬期開放)</value>
          </Data>
        </ExtendedData>
        <Point>
          <coordinates>
            141.496561,43.028994,0
          </coordinates>
        </Point>
      </Placemark>
      <Placemark>
        <name>もみじ台北公園</name>
        <description><![CDATA[説明: 冬期開放: <br>冬期未開放: ◯<br>身障者対応: ◯<br>身障者非対応: <br>種別: 4.身障者対応(冬期未開放)<br>冬期開放: <br>冬期未開放: ◯<br>身障者対応: ◯<br>身障者非対応: <br>種別: 4.身障者対応(冬期未開放)]]></description>
        <styleUrl>#icon-1735-1A237E</styleUrl>
        <ExtendedData>
          <Data name="説明">
            <value>冬期開放: 
冬期未開放: ◯
身障者対応: ◯
身障者非対応: 
種別: 4.身障者対応(冬期未開放)</value>
          </Data>
          <Data name="冬期開放">
            <value/>
          </Data>
          <Data name="冬期未開放">
            <value>◯</value>
          </Data>
          <Data name="身障者対応">
            <value>◯</value>
          </Data>
          <Data name="身障者非対応">
            <value/>
          </Data>
          <Data name="種別">
            <value>4.身障者対応(冬期未開放)</value>
          </Data>
        </ExtendedData>
        <Point>
          <coordinates>
            141.490524,43.035769,0
          </coordinates>
        </Point>
      </Placemark>
      <Placemark>
        <name>大通公園</name>
        <description><![CDATA[説明: 冬期開放: ◯<br>冬期未開放: <br>身障者対応:◯ <br>身障者非対応: <br>種別:3.身障者対応(冬期開放)<br>開放時間AM6:00~PM11:00<br><br>冬期開放: ◯<br>冬期未開放: <br>身障者対応: <br>身障者非対応: ◯<br>種別: 3.身障者対応(冬期開放)]]></description>
        <styleUrl>#icon-1735-A52714</styleUrl>
        <ExtendedData>
          <Data name="説明">
            <value>冬期開放: ◯
冬期未開放: 
身障者対応:◯ 
身障者非対応: 
種別:3.身障者対応(冬期開放)
開放時間AM6:00~PM11:00
</value>
          </Data>
          <Data name="冬期開放">
            <value>◯</value>
          </Data>
          <Data name="冬期未開放">
            <value/>
          </Data>
          <Data name="身障者対応">
            <value/>
          </Data>
          <Data name="身障者非対応">
            <value>◯</value>
          </Data>
          <Data name="種別">
            <value>3.身障者対応(冬期開放)</value>
          </Data>
        </ExtendedData>
        <Point>
          <coordinates>
            141.347253,43.059636,0
          </coordinates>
        </Point>
      </Placemark>
      <Placemark>
        <name>大通公園</name>
        <description><![CDATA[説明: 冬期開放: ◯<br>冬期未開放: <br>身障者対応:◯ <br>身障者非対応: <br>種別:3.身障者対応(冬期開放)<br>開放時間AM6:00~PM11:00<br><br>冬期開放: ◯<br>冬期未開放: <br>身障者対応: <br>身障者非対応: ◯<br>種別: 3.身障者対応(冬期開放)]]></description>
        <styleUrl>#icon-1735-A52714</styleUrl>
        <ExtendedData>
          <Data name="説明">
            <value>冬期開放: ◯
冬期未開放: 
身障者対応:◯ 
身障者非対応: 
種別:3.身障者対応(冬期開放)
開放時間AM6:00~PM11:00
</value>
          </Data>
          <Data name="冬期開放">
            <value>◯</value>
          </Data>
          <Data name="冬期未開放">
            <value/>
          </Data>
          <Data name="身障者対応">
            <value/>
          </Data>
          <Data name="身障者非対応">
            <value>◯</value>
          </Data>
          <Data name="種別">
            <value>3.身障者対応(冬期開放)</value>
          </Data>
        </ExtendedData>
        <Point>
          <coordinates>
            141.344131,43.059201,0
          </coordinates>
        </Point>
      </Placemark>
      <Placemark>
        <name>大通公園</name>
        <description><![CDATA[説明: 冬期開放: ◯<br>冬期未開放: <br>身障者対応:◯ <br>身障者非対応: <br>種別: 3.身障者対応(冬期開放)<br>開放時間AM6:00~PM11:00<br><br>冬期開放: ◯<br>冬期未開放: <br>身障者対応: <br>身障者非対応: ◯<br>種別: 3.身障者対応(冬期開放)]]></description>
        <styleUrl>#icon-1735-A52714</styleUrl>
        <ExtendedData>
          <Data name="説明">
            <value>冬期開放: ◯
冬期未開放: 
身障者対応:◯ 
身障者非対応: 
種別: 3.身障者対応(冬期開放)
開放時間AM6:00~PM11:00
</value>
          </Data>
          <Data name="冬期開放">
            <value>◯</value>
          </Data>
          <Data name="冬期未開放">
            <value/>
          </Data>
          <Data name="身障者対応">
            <value/>
          </Data>
          <Data name="身障者非対応">
            <value>◯</value>
          </Data>
          <Data name="種別">
            <value>3.身障者対応(冬期開放)</value>
          </Data>
        </ExtendedData>
        <Point>
          <coordinates>
            141.339866,43.058636,0
          </coordinates>
        </Point>
      </Placemark>
      <Placemark>
        <name>円山公園</name>
        <description><![CDATA[説明: 冬期開放: <br>冬期未開放: ◯<br>身障者対応: ◯<br>身障者非対応: <br>種別: 4.身障者対応(冬期未開放)<br>冬期開放: <br>冬期未開放: ◯<br>身障者対応: ◯<br>身障者非対応: <br>種別: 4.身障者対応(冬期未開放)]]></description>
        <styleUrl>#icon-1735-1A237E</styleUrl>
        <ExtendedData>
          <Data name="説明">
            <value>冬期開放: 
冬期未開放: ◯
身障者対応: ◯
身障者非対応: 
種別: 4.身障者対応(冬期未開放)</value>
          </Data>
          <Data name="冬期開放">
            <value/>
          </Data>
          <Data name="冬期未開放">
            <value>◯</value>
          </Data>
          <Data name="身障者対応">
            <value>◯</value>
          </Data>
          <Data name="身障者非対応">
            <value/>
          </Data>
          <Data name="種別">
            <value>4.身障者対応(冬期未開放)</value>
          </Data>
        </ExtendedData>
        <Point>
          <coordinates>
            141.313537,43.053435,0
          </coordinates>
        </Point>
      </Placemark>
      <Placemark>
        <name>永山記念公園</name>
        <description><![CDATA[説明: 冬期開放: <br>冬期未開放: ◯<br>身障者対応: ◯<br>身障者非対応: <br>種別: 4.身障者対応(冬期未開放)<br>冬期開放: <br>冬期未開放: ◯<br>身障者対応: ◯<br>身障者非対応: <br>種別: 4.身障者対応(冬期未開放)]]></description>
        <styleUrl>#icon-1735-1A237E</styleUrl>
        <ExtendedData>
          <Data name="説明">
            <value>冬期開放: 
冬期未開放: ◯
身障者対応: ◯
身障者非対応: 
種別: 4.身障者対応(冬期未開放)</value>
          </Data>
          <Data name="冬期開放">
            <value/>
          </Data>
          <Data name="冬期未開放">
            <value>◯</value>
          </Data>
          <Data name="身障者対応">
            <value>◯</value>
          </Data>
          <Data name="身障者非対応">
            <value/>
          </Data>
          <Data name="種別">
            <value>4.身障者対応(冬期未開放)</value>
          </Data>
        </ExtendedData>
        <Point>
          <coordinates>
            141.364169,43.06506,0
          </coordinates>
        </Point>
      </Placemark>
      <Placemark>
        <name>旭山記念公園</name>
        <description><![CDATA[説明: 冬期開放: <br>冬期未開放: ◯<br>身障者対応: ◯<br>身障者非対応: <br>種別: 4.身障者対応(冬期未開放)<br>冬期開放: <br>冬期未開放: ◯<br>身障者対応: ◯<br>身障者非対応: <br>種別: 4.身障者対応(冬期未開放)]]></description>
        <styleUrl>#icon-1735-1A237E</styleUrl>
        <ExtendedData>
          <Data name="説明">
            <value>冬期開放: 
冬期未開放: ◯
身障者対応: ◯
身障者非対応: 
種別: 4.身障者対応(冬期未開放)</value>
          </Data>
          <Data name="冬期開放">
            <value/>
          </Data>
          <Data name="冬期未開放">
            <value>◯</value>
          </Data>
          <Data name="身障者対応">
            <value>◯</value>
          </Data>
          <Data name="身障者非対応">
            <value/>
          </Data>
          <Data name="種別">
            <value>4.身障者対応(冬期未開放)</value>
          </Data>
        </ExtendedData>
        <Point>
          <coordinates>
            141.315012,43.040346,0
          </coordinates>
        </Point>
      </Placemark>
      <Placemark>
        <name>中島公園</name>
        <description><![CDATA[説明: 冬期開放: <br>冬期未開放: ◯<br>身障者対応: <br>身障者非対応: ◯<br>種別: 4.身障者対応(冬期未開放)<br>冬期開放: <br>冬期未開放: ◯<br>身障者対応: <br>身障者非対応: ◯<br>種別: 4.身障者対応(冬期未開放)]]></description>
        <styleUrl>#icon-1735-1A237E</styleUrl>
        <ExtendedData>
          <Data name="説明">
            <value>冬期開放: 
冬期未開放: ◯
身障者対応: 
身障者非対応: ◯
種別: 4.身障者対応(冬期未開放)</value>
          </Data>
          <Data name="冬期開放">
            <value/>
          </Data>
          <Data name="冬期未開放">
            <value>◯</value>
          </Data>
          <Data name="身障者対応">
            <value/>
          </Data>
          <Data name="身障者非対応">
            <value>◯</value>
          </Data>
          <Data name="種別">
            <value>4.身障者対応(冬期未開放)</value>
          </Data>
        </ExtendedData>
        <Point>
          <coordinates>
            141.351747,43.045477,0
          </coordinates>
        </Point>
      </Placemark>
      <Placemark>
        <name>中島公園</name>
        <description><![CDATA[説明: 冬期開放: <br>冬期未開放: ◯<br>身障者対応: ◯<br>身障者非対応: <br>種別: 4.身障者対応(冬期未開放)<br>冬期開放: <br>冬期未開放: ◯<br>身障者対応: ◯<br>身障者非対応: <br>種別: 4.身障者対応(冬期未開放)]]></description>
        <styleUrl>#icon-1735-1A237E</styleUrl>
        <ExtendedData>
          <Data name="説明">
            <value>冬期開放: 
冬期未開放: ◯
身障者対応: ◯
身障者非対応: 
種別: 4.身障者対応(冬期未開放)</value>
          </Data>
          <Data name="冬期開放">
            <value/>
          </Data>
          <Data name="冬期未開放">
            <value>◯</value>
          </Data>
          <Data name="身障者対応">
            <value>◯</value>
          </Data>
          <Data name="身障者非対応">
            <value/>
          </Data>
          <Data name="種別">
            <value>4.身障者対応(冬期未開放)</value>
          </Data>
        </ExtendedData>
        <Point>
          <coordinates>
            141.355647,43.039783,0
          </coordinates>
        </Point>
      </Placemark>
      <Placemark>
        <name>中島公園</name>
        <description><![CDATA[説明: 冬期開放: <br>冬期未開放: ◯<br>身障者対応: <br>身障者非対応: ◯<br>種別: 4.身障者対応(冬期未開放)<br>冬期開放: <br>冬期未開放: ◯<br>身障者対応: <br>身障者非対応: ◯<br>種別: 4.身障者対応(冬期未開放)]]></description>
        <styleUrl>#icon-1735-1A237E</styleUrl>
        <ExtendedData>
          <Data name="説明">
            <value>冬期開放: 
冬期未開放: ◯
身障者対応: 
身障者非対応: ◯
種別: 4.身障者対応(冬期未開放)</value>
          </Data>
          <Data name="冬期開放">
            <value/>
          </Data>
          <Data name="冬期未開放">
            <value>◯</value>
          </Data>
          <Data name="身障者対応">
            <value/>
          </Data>
          <Data name="身障者非対応">
            <value>◯</value>
          </Data>
          <Data name="種別">
            <value>4.身障者対応(冬期未開放)</value>
          </Data>
        </ExtendedData>
        <Point>
          <coordinates>
            141.356328,43.045771,0
          </coordinates>
        </Point>
      </Placemark>
      <Placemark>
        <name>中島公園</name>
        <description><![CDATA[説明: 冬期開放: ◯<br>冬期未開放: <br>身障者対応: <br>身障者非対応: ◯<br>種別: 3.身障者対応(冬期開放)<br>冬期開放: ◯<br>冬期未開放: <br>身障者対応: <br>身障者非対応: ◯<br>種別: 3.身障者対応(冬期開放)]]></description>
        <styleUrl>#icon-1735-A52714</styleUrl>
        <ExtendedData>
          <Data name="説明">
            <value>冬期開放: ◯
冬期未開放: 
身障者対応: 
身障者非対応: ◯
種別: 3.身障者対応(冬期開放)</value>
          </Data>
          <Data name="冬期開放">
            <value>◯</value>
          </Data>
          <Data name="冬期未開放">
            <value/>
          </Data>
          <Data name="身障者対応">
            <value/>
          </Data>
          <Data name="身障者非対応">
            <value>◯</value>
          </Data>
          <Data name="種別">
            <value>3.身障者対応(冬期開放)</value>
          </Data>
        </ExtendedData>
        <Point>
          <coordinates>
            141.354452,43.048611,0
          </coordinates>
        </Point>
      </Placemark>
      <Placemark>
        <name>中島公園</name>
        <description><![CDATA[説明: 冬期開放: <br>冬期未開放: ◯<br>身障者対応: ◯<br>身障者非対応: <br>種別: 4.身障者対応(冬期未開放)<br>冬期開放: <br>冬期未開放: ◯<br>身障者対応: ◯<br>身障者非対応: <br>種別: 4.身障者対応(冬期未開放)]]></description>
        <styleUrl>#icon-1735-1A237E</styleUrl>
        <ExtendedData>
          <Data name="説明">
            <value>冬期開放: 
冬期未開放: ◯
身障者対応: ◯
身障者非対応: 
種別: 4.身障者対応(冬期未開放)</value>
          </Data>
          <Data name="冬期開放">
            <value/>
          </Data>
          <Data name="冬期未開放">
            <value>◯</value>
          </Data>
          <Data name="身障者対応">
            <value>◯</value>
          </Data>
          <Data name="身障者非対応">
            <value/>
          </Data>
          <Data name="種別">
            <value>4.身障者対応(冬期未開放)</value>
          </Data>
        </ExtendedData>
        <Point>
          <coordinates>
            141.35385,43.041656,0
          </coordinates>
        </Point>
      </Placemark>
      <Placemark>
        <name>東7丁目緑地</name>
        <description><![CDATA[説明: 冬期開放: ◯<br>冬期未開放: <br>身障者対応: <br>身障者非対応: ◯<br>種別: 1.冬期開放(身障者非対応)<br>冬期開放: ◯<br>冬期未開放: <br>身障者対応: <br>身障者非対応: ◯<br>種別: 1.冬期開放(身障者非対応)]]></description>
        <styleUrl>#icon-1733-A52714</styleUrl>
        <ExtendedData>
          <Data name="説明">
            <value>冬期開放: ◯
冬期未開放: 
身障者対応: 
身障者非対応: ◯
種別: 1.冬期開放(身障者非対応)</value>
          </Data>
          <Data name="冬期開放">
            <value>◯</value>
          </Data>
          <Data name="冬期未開放">
            <value/>
          </Data>
          <Data name="身障者対応">
            <value/>
          </Data>
          <Data name="身障者非対応">
            <value>◯</value>
          </Data>
          <Data name="種別">
            <value>1.冬期開放(身障者非対応)</value>
          </Data>
        </ExtendedData>
        <Point>
          <coordinates>
            141.366072,43.065055,0
          </coordinates>
        </Point>
      </Placemark>
      <Placemark>
        <name>緑ヶ丘公園</name>
        <description><![CDATA[説明: 冬期開放: ◯<br>冬期未開放: <br>身障者対応:◯ <br>身障者非対応: <br>種別: 1.冬期開放(身障者非対応)<br>冬期開放: ◯<br>冬期未開放: <br>身障者対応: ◯<br>身障者非対応: <br>種別: 1.冬期開放(身障者対応)]]></description>
        <styleUrl>#icon-1735-A52714</styleUrl>
        <ExtendedData>
          <Data name="説明">
            <value>冬期開放: ◯
冬期未開放: 
身障者対応:◯ 
身障者非対応: 
種別: 1.冬期開放(身障者非対応)</value>
          </Data>
          <Data name="冬期開放">
            <value>◯</value>
          </Data>
          <Data name="冬期未開放">
            <value/>
          </Data>
          <Data name="身障者対応">
            <value>◯</value>
          </Data>
          <Data name="身障者非対応">
            <value/>
          </Data>
          <Data name="種別">
            <value>1.冬期開放(身障者対応)</value>
          </Data>
        </ExtendedData>
        <Point>
          <coordinates>
            141.320956,43.042639,0
          </coordinates>
        </Point>
      </Placemark>
      <Placemark>
        <name>旭山記念公園</name>
        <description><![CDATA[説明: 冬期開放: ◯<br>冬期未開放: <br>身障者対応: ◯<br>身障者非対応: <br>種別: 4.身障者対応(冬期未開放)<br>冬期開放: ◯<br>冬期未開放: <br>身障者対応: ◯<br>身障者非対応: <br>種別: 4.身障者対応(冬期未開放)]]></description>
        <styleUrl>#icon-1735-1A237E</styleUrl>
        <ExtendedData>
          <Data name="説明">
            <value>冬期開放: ◯
冬期未開放: 
身障者対応: ◯
身障者非対応: 
種別: 4.身障者対応(冬期未開放)</value>
          </Data>
          <Data name="冬期開放">
            <value>◯</value>
          </Data>
          <Data name="冬期未開放">
            <value/>
          </Data>
          <Data name="身障者対応">
            <value>◯</value>
          </Data>
          <Data name="身障者非対応">
            <value/>
          </Data>
          <Data name="種別">
            <value>4.身障者対応(冬期未開放)</value>
          </Data>
        </ExtendedData>
        <Point>
          <coordinates>
            141.312094,43.036982,0
          </coordinates>
        </Point>
      </Placemark>
      <Placemark>
        <name>旭山記念公園</name>
        <description><![CDATA[説明: 冬期開放: <br>冬期未開放: ◯<br>身障者対応: <br>身障者非対応: ◯<br>種別: 2.冬期未開放(身障者非対応)<br>冬期開放: <br>冬期未開放: ◯<br>身障者対応: <br>身障者非対応: ◯<br>種別: 2.冬期未開放(身障者非対応)]]></description>
        <styleUrl>#icon-1733-1A237E</styleUrl>
        <ExtendedData>
          <Data name="説明">
            <value>冬期開放: 
冬期未開放: ◯
身障者対応: 
身障者非対応: ◯
種別: 2.冬期未開放(身障者非対応)</value>
          </Data>
          <Data name="冬期開放">
            <value/>
          </Data>
          <Data name="冬期未開放">
            <value>◯</value>
          </Data>
          <Data name="身障者対応">
            <value/>
          </Data>
          <Data name="身障者非対応">
            <value>◯</value>
          </Data>
          <Data name="種別">
            <value>2.冬期未開放(身障者非対応)</value>
          </Data>
        </ExtendedData>
        <Point>
          <coordinates>
            141.317395,43.040623,0
          </coordinates>
        </Point>
      </Placemark>
      <Placemark>
        <name>旭山記念公園</name>
        <description><![CDATA[説明: 冬期開放: <br>冬期未開放: ◯<br>身障者対応: ◯<br>身障者非対応: <br>種別: 3.身障者対応(冬期開放)<br>冬期開放: <br>冬期未開放: ◯<br>身障者対応: ◯<br>身障者非対応: <br>種別: 3.身障者対応(冬期開放)]]></description>
        <styleUrl>#icon-1735-A52714</styleUrl>
        <ExtendedData>
          <Data name="説明">
            <value>冬期開放: 
冬期未開放: ◯
身障者対応: ◯
身障者非対応: 
種別: 3.身障者対応(冬期開放)</value>
          </Data>
          <Data name="冬期開放">
            <value/>
          </Data>
          <Data name="冬期未開放">
            <value>◯</value>
          </Data>
          <Data name="身障者対応">
            <value>◯</value>
          </Data>
          <Data name="身障者非対応">
            <value/>
          </Data>
          <Data name="種別">
            <value>3.身障者対応(冬期開放)</value>
          </Data>
        </ExtendedData>
        <Point>
          <coordinates>
            141.312974,43.039188,0
          </coordinates>
        </Point>
      </Placemark>
      <Placemark>
        <name>円山公園</name>
        <description><![CDATA[説明: 冬期開放: <br>冬期未開放: ◯<br>身障者対応: ◯<br>身障者非対応: <br>種別: 4.身障者対応(冬期未開放)<br>冬期開放: <br>冬期未開放: ◯<br>身障者対応: ◯<br>身障者非対応: <br>種別: 4.身障者対応(冬期未開放)]]></description>
        <styleUrl>#icon-1735-1A237E</styleUrl>
        <ExtendedData>
          <Data name="説明">
            <value>冬期開放: 
冬期未開放: ◯
身障者対応: ◯
身障者非対応: 
種別: 4.身障者対応(冬期未開放)</value>
          </Data>
          <Data name="冬期開放">
            <value/>
          </Data>
          <Data name="冬期未開放">
            <value>◯</value>
          </Data>
          <Data name="身障者対応">
            <value>◯</value>
          </Data>
          <Data name="身障者非対応">
            <value/>
          </Data>
          <Data name="種別">
            <value>4.身障者対応(冬期未開放)</value>
          </Data>
        </ExtendedData>
        <Point>
          <coordinates>
            141.305423,43.05566,0
          </coordinates>
        </Point>
      </Placemark>
      <Placemark>
        <name>円山公園</name>
        <description><![CDATA[説明: 冬期開放: ◯<br>冬期未開放: <br>身障者対応: <br>身障者非対応: ◯<br>種別: 3.身障者対応(冬期開放)<br>冬期開放: ◯<br>冬期未開放: <br>身障者対応: <br>身障者非対応: ◯<br>種別: 3.身障者対応(冬期開放)]]></description>
        <styleUrl>#icon-1735-A52714</styleUrl>
        <ExtendedData>
          <Data name="説明">
            <value>冬期開放: ◯
冬期未開放: 
身障者対応: 
身障者非対応: ◯
種別: 3.身障者対応(冬期開放)</value>
          </Data>
          <Data name="冬期開放">
            <value>◯</value>
          </Data>
          <Data name="冬期未開放">
            <value/>
          </Data>
          <Data name="身障者対応">
            <value/>
          </Data>
          <Data name="身障者非対応">
            <value>◯</value>
          </Data>
          <Data name="種別">
            <value>3.身障者対応(冬期開放)</value>
          </Data>
        </ExtendedData>
        <Point>
          <coordinates>
            141.3139544,43.0550387,0
          </coordinates>
        </Point>
      </Placemark>
      <Placemark>
        <name>円山公園</name>
        <description><![CDATA[説明: 冬期開放: <br>冬期未開放: ◯<br>身障者対応: ◯<br>身障者非対応: <br>種別: 4.身障者対応(冬期未開放)<br>冬期開放: <br>冬期未開放: ◯<br>身障者対応: ◯<br>身障者非対応: <br>種別: 4.身障者対応(冬期未開放)]]></description>
        <styleUrl>#icon-1735-1A237E</styleUrl>
        <ExtendedData>
          <Data name="説明">
            <value>冬期開放: 
冬期未開放: ◯
身障者対応: ◯
身障者非対応: 
種別: 4.身障者対応(冬期未開放)</value>
          </Data>
          <Data name="冬期開放">
            <value/>
          </Data>
          <Data name="冬期未開放">
            <value>◯</value>
          </Data>
          <Data name="身障者対応">
            <value>◯</value>
          </Data>
          <Data name="身障者非対応">
            <value/>
          </Data>
          <Data name="種別">
            <value>4.身障者対応(冬期未開放)</value>
          </Data>
        </ExtendedData>
        <Point>
          <coordinates>
            141.305187,43.0460414,0
          </coordinates>
        </Point>
      </Placemark>
      <Placemark>
        <name>円山公園</name>
        <description><![CDATA[説明: 冬期開放: ◯<br>冬期未開放: <br>身障者対応: <br>身障者非対応: ◯<br>種別: 1.冬期開放(身障者非対応)<br>冬期開放: ◯<br>冬期未開放: <br>身障者対応: <br>身障者非対応: ◯<br>種別: 1.冬期開放(身障者非対応)]]></description>
        <styleUrl>#icon-1733-A52714</styleUrl>
        <ExtendedData>
          <Data name="説明">
            <value>冬期開放: ◯
冬期未開放: 
身障者対応: 
身障者非対応: ◯
種別: 1.冬期開放(身障者非対応)</value>
          </Data>
          <Data name="冬期開放">
            <value>◯</value>
          </Data>
          <Data name="冬期未開放">
            <value/>
          </Data>
          <Data name="身障者対応">
            <value/>
          </Data>
          <Data name="身障者非対応">
            <value>◯</value>
          </Data>
          <Data name="種別">
            <value>1.冬期開放(身障者非対応)</value>
          </Data>
        </ExtendedData>
        <Point>
          <coordinates>
            141.301847,43.051798,0
          </coordinates>
        </Point>
      </Placemark>
      <Placemark>
        <name>（自然歩道・藻岩山ルート）</name>
        <description><![CDATA[説明: 冬期開放: ◯<br>冬期未開放: <br>身障者対応: <br>身障者非対応: ◯<br>種別: 1.冬期開放(身障者非対応)<br>冬期開放: ◯<br>冬期未開放: <br>身障者対応: <br>身障者非対応: ◯<br>種別: 3.身障者対応(冬期開放)]]></description>
        <styleUrl>#icon-1733-A52714</styleUrl>
        <ExtendedData>
          <Data name="説明">
            <value>冬期開放: ◯
冬期未開放: 
身障者対応: 
身障者非対応: ◯
種別: 1.冬期開放(身障者非対応)</value>
          </Data>
          <Data name="冬期開放">
            <value>◯</value>
          </Data>
          <Data name="冬期未開放">
            <value/>
          </Data>
          <Data name="身障者対応">
            <value/>
          </Data>
          <Data name="身障者非対応">
            <value>◯</value>
          </Data>
          <Data name="種別">
            <value>3.身障者対応(冬期開放)</value>
          </Data>
        </ExtendedData>
        <Point>
          <coordinates>
            141.322042,43.036475,0
          </coordinates>
        </Point>
      </Placemark>
      <Placemark>
        <name>中島公園</name>
        <description><![CDATA[説明: 冬期開放: <br>冬期未開放: ◯<br>身障者対応: <br>身障者非対応: ◯<br>種別: 4.身障者対応(冬期未開放)<br>冬期開放: <br>冬期未開放: ◯<br>身障者対応: <br>身障者非対応: ◯<br>種別: 4.身障者対応(冬期未開放)]]></description>
        <styleUrl>#icon-1735-1A237E</styleUrl>
        <ExtendedData>
          <Data name="説明">
            <value>冬期開放: 
冬期未開放: ◯
身障者対応: 
身障者非対応: ◯
種別: 4.身障者対応(冬期未開放)</value>
          </Data>
          <Data name="冬期開放">
            <value/>
          </Data>
          <Data name="冬期未開放">
            <value>◯</value>
          </Data>
          <Data name="身障者対応">
            <value/>
          </Data>
          <Data name="身障者非対応">
            <value>◯</value>
          </Data>
          <Data name="種別">
            <value>4.身障者対応(冬期未開放)</value>
          </Data>
        </ExtendedData>
        <Point>
          <coordinates>
            141.354163,43.047287,0
          </coordinates>
        </Point>
      </Placemark>
      <Placemark>
        <name>中島公園</name>
        <description><![CDATA[説明: 冬期開放: ◯<br>冬期未開放: <br>身障者対応: <br>身障者非対応: ◯<br>種別: 1.冬期開放(身障者非対応)<br>冬期開放: ◯<br>冬期未開放: <br>身障者対応: <br>身障者非対応: ◯<br>種別: 1.冬期開放(身障者非対応)]]></description>
        <styleUrl>#icon-1735-A52714</styleUrl>
        <ExtendedData>
          <Data name="説明">
            <value>冬期開放: ◯
冬期未開放: 
身障者対応: 
身障者非対応: ◯
種別: 1.冬期開放(身障者非対応)</value>
          </Data>
          <Data name="冬期開放">
            <value>◯</value>
          </Data>
          <Data name="冬期未開放">
            <value/>
          </Data>
          <Data name="身障者対応">
            <value/>
          </Data>
          <Data name="身障者非対応">
            <value>◯</value>
          </Data>
          <Data name="種別">
            <value>1.冬期開放(身障者非対応)</value>
          </Data>
        </ExtendedData>
        <Point>
          <coordinates>
            141.354303,43.042751,0
          </coordinates>
        </Point>
      </Placemark>
      <Placemark>
        <name>大通公園</name>
        <description><![CDATA[説明: 冬期開放: ◯<br>冬期未開放: <br>身障者対応:◯ <br>身障者非対応: <br>種別: 3.身障者対応(冬期開放)<br>開放時間AM6:00~PM11:00<br>冬期開放: ◯<br>冬期未開放: <br>身障者対応: <br>身障者非対応: ◯<br>種別: 3.身障者対応(冬期開放)]]></description>
        <styleUrl>#icon-1735-A52714</styleUrl>
        <ExtendedData>
          <Data name="説明">
            <value>冬期開放: ◯
冬期未開放: 
身障者対応:◯ 
身障者非対応: 
種別: 3.身障者対応(冬期開放)
開放時間AM6:00~PM11:00</value>
          </Data>
          <Data name="冬期開放">
            <value>◯</value>
          </Data>
          <Data name="冬期未開放">
            <value/>
          </Data>
          <Data name="身障者対応">
            <value/>
          </Data>
          <Data name="身障者非対応">
            <value>◯</value>
          </Data>
          <Data name="種別">
            <value>3.身障者対応(冬期開放)</value>
          </Data>
        </ExtendedData>
        <Point>
          <coordinates>
            141.352675,43.060365,0
          </coordinates>
        </Point>
      </Placemark>
      <Placemark>
        <name>大通公園</name>
        <description><![CDATA[説明: 冬期開放: ◯<br>冬期未開放: <br>身障者対応: ◯ <br>身障者非対応:<br>種別: 3.身障者対応(冬期開放)<br>開放時間AM6:00~PM11:00<br><br>冬期開放: ◯<br>冬期未開放: <br>身障者対応: <br>身障者非対応: ◯<br>種別: 3.身障者対応(冬期開放)]]></description>
        <styleUrl>#icon-1735-A52714</styleUrl>
        <ExtendedData>
          <Data name="説明">
            <value>冬期開放: ◯
冬期未開放: 
身障者対応: ◯ 
身障者非対応:
種別: 3.身障者対応(冬期開放)
開放時間AM6:00~PM11:00
</value>
          </Data>
          <Data name="冬期開放">
            <value>◯</value>
          </Data>
          <Data name="冬期未開放">
            <value/>
          </Data>
          <Data name="身障者対応">
            <value/>
          </Data>
          <Data name="身障者非対応">
            <value>◯</value>
          </Data>
          <Data name="種別">
            <value>3.身障者対応(冬期開放)</value>
          </Data>
        </ExtendedData>
        <Point>
          <coordinates>
            141.350015,43.059997,0
          </coordinates>
        </Point>
      </Placemark>
      <Placemark>
        <name>伏見東緑地</name>
        <description><![CDATA[説明: 冬期開放: <br>冬期未開放: ◯<br>身障者対応: ◯<br>身障者非対応: <br>種別: 4.身障者対応(冬期未開放)<br>冬期開放: <br>冬期未開放: ◯<br>身障者対応: ◯<br>身障者非対応: <br>種別: 4.身障者対応(冬期未開放)]]></description>
        <styleUrl>#icon-1735-1A237E</styleUrl>
        <ExtendedData>
          <Data name="説明">
            <value>冬期開放: 
冬期未開放: ◯
身障者対応: ◯
身障者非対応: 
種別: 4.身障者対応(冬期未開放)</value>
          </Data>
          <Data name="冬期開放">
            <value/>
          </Data>
          <Data name="冬期未開放">
            <value>◯</value>
          </Data>
          <Data name="身障者対応">
            <value>◯</value>
          </Data>
          <Data name="身障者非対応">
            <value/>
          </Data>
          <Data name="種別">
            <value>4.身障者対応(冬期未開放)</value>
          </Data>
        </ExtendedData>
        <Point>
          <coordinates>
            141.332866,43.032052,0
          </coordinates>
        </Point>
      </Placemark>
      <Placemark>
        <name>南9条緑地</name>
        <description><![CDATA[説明: 冬期開放: <br>冬期未開放: ◯<br>身障者対応: ◯<br>身障者非対応: <br>種別: 4.身障者対応(冬期未開放)<br>冬期開放: <br>冬期未開放: ◯<br>身障者対応: ◯<br>身障者非対応: <br>種別: 4.身障者対応(冬期未開放)]]></description>
        <styleUrl>#icon-1735-1A237E</styleUrl>
        <ExtendedData>
          <Data name="説明">
            <value>冬期開放: 
冬期未開放: ◯
身障者対応: ◯
身障者非対応: 
種別: 4.身障者対応(冬期未開放)</value>
          </Data>
          <Data name="冬期開放">
            <value/>
          </Data>
          <Data name="冬期未開放">
            <value>◯</value>
          </Data>
          <Data name="身障者対応">
            <value>◯</value>
          </Data>
          <Data name="身障者非対応">
            <value/>
          </Data>
          <Data name="種別">
            <value>4.身障者対応(冬期未開放)</value>
          </Data>
        </ExtendedData>
        <Point>
          <coordinates>
            141.342881,43.048008,0
          </coordinates>
        </Point>
      </Placemark>
      <Placemark>
        <name>荒井山緑地</name>
        <description><![CDATA[説明: 冬期開放: ◯<br>冬期未開放: <br>身障者対応: <br>身障者非対応: ◯<br>種別: 1.冬期開放(身障者非対応)<br>冬期開放: ◯<br>冬期未開放: <br>身障者対応: <br>身障者非対応: ◯<br>種別: 1.冬期開放(身障者非対応)]]></description>
        <styleUrl>#icon-1733-A52714</styleUrl>
        <ExtendedData>
          <Data name="説明">
            <value>冬期開放: ◯
冬期未開放: 
身障者対応: 
身障者非対応: ◯
種別: 1.冬期開放(身障者非対応)</value>
          </Data>
          <Data name="冬期開放">
            <value>◯</value>
          </Data>
          <Data name="冬期未開放">
            <value/>
          </Data>
          <Data name="身障者対応">
            <value/>
          </Data>
          <Data name="身障者非対応">
            <value>◯</value>
          </Data>
          <Data name="種別">
            <value>1.冬期開放(身障者非対応)</value>
          </Data>
        </ExtendedData>
        <Point>
          <coordinates>
            141.296777,43.050418,0
          </coordinates>
        </Point>
      </Placemark>
      <Placemark>
        <name>豊平川緑地</name>
        <description><![CDATA[説明: 冬期開放: <br>冬期未開放: ◯<br>身障者対応: <br>身障者非対応: ◯<br>種別: 2.冬期未開放(身障者非対応)<br>冬期開放: <br>冬期未開放: ◯<br>身障者対応: <br>身障者非対応: ◯<br>種別: 2.冬期未開放(身障者非対応)]]></description>
        <styleUrl>#icon-1733-1A237E</styleUrl>
        <ExtendedData>
          <Data name="説明">
            <value>冬期開放: 
冬期未開放: ◯
身障者対応: 
身障者非対応: ◯
種別: 2.冬期未開放(身障者非対応)</value>
          </Data>
          <Data name="冬期開放">
            <value/>
          </Data>
          <Data name="冬期未開放">
            <value>◯</value>
          </Data>
          <Data name="身障者対応">
            <value/>
          </Data>
          <Data name="身障者非対応">
            <value>◯</value>
          </Data>
          <Data name="種別">
            <value>2.冬期未開放(身障者非対応)</value>
          </Data>
        </ExtendedData>
        <Point>
          <coordinates>
            141.36733,43.060658,0
          </coordinates>
        </Point>
      </Placemark>
      <Placemark>
        <name>豊平川緑地</name>
        <description><![CDATA[説明: 冬期開放: <br>冬期未開放: ◯<br>身障者対応: <br>身障者非対応: ◯<br>種別: 2.冬期未開放(身障者非対応)<br>冬期開放: <br>冬期未開放: ◯<br>身障者対応: <br>身障者非対応: ◯<br>種別: 2.冬期未開放(身障者非対応)]]></description>
        <styleUrl>#icon-1733-1A237E</styleUrl>
        <ExtendedData>
          <Data name="説明">
            <value>冬期開放: 
冬期未開放: ◯
身障者対応: 
身障者非対応: ◯
種別: 2.冬期未開放(身障者非対応)</value>
          </Data>
          <Data name="冬期開放">
            <value/>
          </Data>
          <Data name="冬期未開放">
            <value>◯</value>
          </Data>
          <Data name="身障者対応">
            <value/>
          </Data>
          <Data name="身障者非対応">
            <value>◯</value>
          </Data>
          <Data name="種別">
            <value>2.冬期未開放(身障者非対応)</value>
          </Data>
        </ExtendedData>
        <Point>
          <coordinates>
            141.361429,43.054004,0
          </coordinates>
        </Point>
      </Placemark>
      <Placemark>
        <name>豊平川緑地</name>
        <description><![CDATA[説明: 冬期開放: <br>冬期未開放: ◯<br>身障者対応: <br>身障者非対応: ◯<br>種別: 2.冬期未開放(身障者非対応)<br>冬期開放: <br>冬期未開放: ◯<br>身障者対応: <br>身障者非対応: ◯<br>種別: 2.冬期未開放(身障者非対応)]]></description>
        <styleUrl>#icon-1733-1A237E</styleUrl>
        <ExtendedData>
          <Data name="説明">
            <value>冬期開放: 
冬期未開放: ◯
身障者対応: 
身障者非対応: ◯
種別: 2.冬期未開放(身障者非対応)</value>
          </Data>
          <Data name="冬期開放">
            <value/>
          </Data>
          <Data name="冬期未開放">
            <value>◯</value>
          </Data>
          <Data name="身障者対応">
            <value/>
          </Data>
          <Data name="身障者非対応">
            <value>◯</value>
          </Data>
          <Data name="種別">
            <value>2.冬期未開放(身障者非対応)</value>
          </Data>
        </ExtendedData>
        <Point>
          <coordinates>
            141.360594,43.052701,0
          </coordinates>
        </Point>
      </Placemark>
      <Placemark>
        <name>豊平川緑地</name>
        <description><![CDATA[説明: 冬期開放: <br>冬期未開放: ◯<br>身障者対応: <br>身障者非対応: ◯<br>種別: 2.冬期未開放(身障者非対応)<br>冬期開放: <br>冬期未開放: ◯<br>身障者対応: <br>身障者非対応: ◯<br>種別: 2.冬期未開放(身障者非対応)]]></description>
        <styleUrl>#icon-1733-1A237E</styleUrl>
        <ExtendedData>
          <Data name="説明">
            <value>冬期開放: 
冬期未開放: ◯
身障者対応: 
身障者非対応: ◯
種別: 2.冬期未開放(身障者非対応)</value>
          </Data>
          <Data name="冬期開放">
            <value/>
          </Data>
          <Data name="冬期未開放">
            <value>◯</value>
          </Data>
          <Data name="身障者対応">
            <value/>
          </Data>
          <Data name="身障者非対応">
            <value>◯</value>
          </Data>
          <Data name="種別">
            <value>2.冬期未開放(身障者非対応)</value>
          </Data>
        </ExtendedData>
        <Point>
          <coordinates>
            141.359379,43.049012,0
          </coordinates>
        </Point>
      </Placemark>
      <Placemark>
        <name>豊平川緑地</name>
        <description><![CDATA[説明: 冬期開放: <br>冬期未開放: ◯<br>身障者対応: <br>身障者非対応: ◯<br>種別: 2.冬期未開放(身障者非対応)<br>冬期開放: <br>冬期未開放: ◯<br>身障者対応: <br>身障者非対応: ◯<br>種別: 2.冬期未開放(身障者非対応)]]></description>
        <styleUrl>#icon-1733-1A237E</styleUrl>
        <ExtendedData>
          <Data name="説明">
            <value>冬期開放: 
冬期未開放: ◯
身障者対応: 
身障者非対応: ◯
種別: 2.冬期未開放(身障者非対応)</value>
          </Data>
          <Data name="冬期開放">
            <value/>
          </Data>
          <Data name="冬期未開放">
            <value>◯</value>
          </Data>
          <Data name="身障者対応">
            <value/>
          </Data>
          <Data name="身障者非対応">
            <value>◯</value>
          </Data>
          <Data name="種別">
            <value>2.冬期未開放(身障者非対応)</value>
          </Data>
        </ExtendedData>
        <Point>
          <coordinates>
            141.359103,43.048608,0
          </coordinates>
        </Point>
      </Placemark>
      <Placemark>
        <name>豊平川緑地</name>
        <description><![CDATA[説明: 冬期開放: <br>冬期未開放: ◯<br>身障者対応: <br>身障者非対応: ◯<br>種別: 2.冬期未開放(身障者非対応)<br>冬期開放: <br>冬期未開放: ◯<br>身障者対応: <br>身障者非対応: ◯<br>種別: 2.冬期未開放(身障者非対応)]]></description>
        <styleUrl>#icon-1733-1A237E</styleUrl>
        <ExtendedData>
          <Data name="説明">
            <value>冬期開放: 
冬期未開放: ◯
身障者対応: 
身障者非対応: ◯
種別: 2.冬期未開放(身障者非対応)</value>
          </Data>
          <Data name="冬期開放">
            <value/>
          </Data>
          <Data name="冬期未開放">
            <value>◯</value>
          </Data>
          <Data name="身障者対応">
            <value/>
          </Data>
          <Data name="身障者非対応">
            <value>◯</value>
          </Data>
          <Data name="種別">
            <value>2.冬期未開放(身障者非対応)</value>
          </Data>
        </ExtendedData>
        <Point>
          <coordinates>
            141.358422,43.043168,0
          </coordinates>
        </Point>
      </Placemark>
      <Placemark>
        <name>豊平川緑地</name>
        <description><![CDATA[説明: 冬期開放: <br>冬期未開放: ◯<br>身障者対応: <br>身障者非対応: ◯<br>種別: 2.冬期未開放(身障者非対応)<br>冬期開放: <br>冬期未開放: ◯<br>身障者対応: <br>身障者非対応: ◯<br>種別: 2.冬期未開放(身障者非対応)]]></description>
        <styleUrl>#icon-1733-1A237E</styleUrl>
        <ExtendedData>
          <Data name="説明">
            <value>冬期開放: 
冬期未開放: ◯
身障者対応: 
身障者非対応: ◯
種別: 2.冬期未開放(身障者非対応)</value>
          </Data>
          <Data name="冬期開放">
            <value/>
          </Data>
          <Data name="冬期未開放">
            <value>◯</value>
          </Data>
          <Data name="身障者対応">
            <value/>
          </Data>
          <Data name="身障者非対応">
            <value>◯</value>
          </Data>
          <Data name="種別">
            <value>2.冬期未開放(身障者非対応)</value>
          </Data>
        </ExtendedData>
        <Point>
          <coordinates>
            141.355031,43.035165,0
          </coordinates>
        </Point>
      </Placemark>
      <Placemark>
        <name>豊平川緑地</name>
        <description><![CDATA[説明: 冬期開放: <br>冬期未開放: ◯<br>身障者対応: <br>身障者非対応: ◯<br>種別: 2.冬期未開放(身障者非対応)<br>冬期開放: <br>冬期未開放: ◯<br>身障者対応: <br>身障者非対応: ◯<br>種別: 2.冬期未開放(身障者非対応)]]></description>
        <styleUrl>#icon-1733-1A237E</styleUrl>
        <ExtendedData>
          <Data name="説明">
            <value>冬期開放: 
冬期未開放: ◯
身障者対応: 
身障者非対応: ◯
種別: 2.冬期未開放(身障者非対応)</value>
          </Data>
          <Data name="冬期開放">
            <value/>
          </Data>
          <Data name="冬期未開放">
            <value>◯</value>
          </Data>
          <Data name="身障者対応">
            <value/>
          </Data>
          <Data name="身障者非対応">
            <value>◯</value>
          </Data>
          <Data name="種別">
            <value>2.冬期未開放(身障者非対応)</value>
          </Data>
        </ExtendedData>
        <Point>
          <coordinates>
            141.352975,43.028493,0
          </coordinates>
        </Point>
      </Placemark>
      <Placemark>
        <name>豊平川緑地</name>
        <description><![CDATA[説明: 冬期開放: <br>冬期未開放: ◯<br>身障者対応: <br>身障者非対応: ◯<br>種別: 2.冬期未開放(身障者非対応)<br>冬期開放: <br>冬期未開放: ◯<br>身障者対応: <br>身障者非対応: ◯<br>種別: 2.冬期未開放(身障者非対応)]]></description>
        <styleUrl>#icon-1733-1A237E</styleUrl>
        <ExtendedData>
          <Data name="説明">
            <value>冬期開放: 
冬期未開放: ◯
身障者対応: 
身障者非対応: ◯
種別: 2.冬期未開放(身障者非対応)</value>
          </Data>
          <Data name="冬期開放">
            <value/>
          </Data>
          <Data name="冬期未開放">
            <value>◯</value>
          </Data>
          <Data name="身障者対応">
            <value/>
          </Data>
          <Data name="身障者非対応">
            <value>◯</value>
          </Data>
          <Data name="種別">
            <value>2.冬期未開放(身障者非対応)</value>
          </Data>
        </ExtendedData>
        <Point>
          <coordinates>
            141.352245,43.027758,0
          </coordinates>
        </Point>
      </Placemark>
      <Placemark>
        <name>豊平川緑地</name>
        <description><![CDATA[説明: 冬期開放: <br>冬期未開放: ◯<br>身障者対応: <br>身障者非対応: ◯<br>種別: 2.冬期未開放(身障者非対応)<br>冬期開放: <br>冬期未開放: ◯<br>身障者対応: <br>身障者非対応: ◯<br>種別: 2.冬期未開放(身障者非対応)]]></description>
        <styleUrl>#icon-1733-1A237E</styleUrl>
        <ExtendedData>
          <Data name="説明">
            <value>冬期開放: 
冬期未開放: ◯
身障者対応: 
身障者非対応: ◯
種別: 2.冬期未開放(身障者非対応)</value>
          </Data>
          <Data name="冬期開放">
            <value/>
          </Data>
          <Data name="冬期未開放">
            <value>◯</value>
          </Data>
          <Data name="身障者対応">
            <value/>
          </Data>
          <Data name="身障者非対応">
            <value>◯</value>
          </Data>
          <Data name="種別">
            <value>2.冬期未開放(身障者非対応)</value>
          </Data>
        </ExtendedData>
        <Point>
          <coordinates>
            141.351801,43.026973,0
          </coordinates>
        </Point>
      </Placemark>
      <Placemark>
        <name>豊平川緑地</name>
        <description><![CDATA[説明: 冬期開放: <br>冬期未開放: ◯<br>身障者対応: <br>身障者非対応: ◯<br>種別: 2.冬期未開放(身障者非対応)<br>冬期開放: <br>冬期未開放: ◯<br>身障者対応: <br>身障者非対応: ◯<br>種別: 2.冬期未開放(身障者非対応)]]></description>
        <styleUrl>#icon-1733-1A237E</styleUrl>
        <ExtendedData>
          <Data name="説明">
            <value>冬期開放: 
冬期未開放: ◯
身障者対応: 
身障者非対応: ◯
種別: 2.冬期未開放(身障者非対応)</value>
          </Data>
          <Data name="冬期開放">
            <value/>
          </Data>
          <Data name="冬期未開放">
            <value>◯</value>
          </Data>
          <Data name="身障者対応">
            <value/>
          </Data>
          <Data name="身障者非対応">
            <value>◯</value>
          </Data>
          <Data name="種別">
            <value>2.冬期未開放(身障者非対応)</value>
          </Data>
        </ExtendedData>
        <Point>
          <coordinates>
            141.351858,43.026169,0
          </coordinates>
        </Point>
      </Placemark>
      <Placemark>
        <name>豊平川緑地</name>
        <description><![CDATA[説明: 冬期開放: <br>冬期未開放: ◯<br>身障者対応: <br>身障者非対応: ◯<br>種別: 2.冬期未開放(身障者非対応)<br>冬期開放: <br>冬期未開放: ◯<br>身障者対応: <br>身障者非対応: ◯<br>種別: 2.冬期未開放(身障者非対応)]]></description>
        <styleUrl>#icon-1733-1A237E</styleUrl>
        <ExtendedData>
          <Data name="説明">
            <value>冬期開放: 
冬期未開放: ◯
身障者対応: 
身障者非対応: ◯
種別: 2.冬期未開放(身障者非対応)</value>
          </Data>
          <Data name="冬期開放">
            <value/>
          </Data>
          <Data name="冬期未開放">
            <value>◯</value>
          </Data>
          <Data name="身障者対応">
            <value/>
          </Data>
          <Data name="身障者非対応">
            <value>◯</value>
          </Data>
          <Data name="種別">
            <value>2.冬期未開放(身障者非対応)</value>
          </Data>
        </ExtendedData>
        <Point>
          <coordinates>
            141.351996,43.025098,0
          </coordinates>
        </Point>
      </Placemark>
      <Placemark>
        <name>豊平川緑地</name>
        <description><![CDATA[説明: 冬期開放: <br>冬期未開放: ◯<br>身障者対応: <br>身障者非対応: ◯<br>種別: 2.冬期未開放(身障者非対応)<br>冬期開放: <br>冬期未開放: ◯<br>身障者対応: <br>身障者非対応: ◯<br>種別: 2.冬期未開放(身障者非対応)]]></description>
        <styleUrl>#icon-1733-1A237E</styleUrl>
        <ExtendedData>
          <Data name="説明">
            <value>冬期開放: 
冬期未開放: ◯
身障者対応: 
身障者非対応: ◯
種別: 2.冬期未開放(身障者非対応)</value>
          </Data>
          <Data name="冬期開放">
            <value/>
          </Data>
          <Data name="冬期未開放">
            <value>◯</value>
          </Data>
          <Data name="身障者対応">
            <value/>
          </Data>
          <Data name="身障者非対応">
            <value>◯</value>
          </Data>
          <Data name="種別">
            <value>2.冬期未開放(身障者非対応)</value>
          </Data>
        </ExtendedData>
        <Point>
          <coordinates>
            141.351684,43.022863,0
          </coordinates>
        </Point>
      </Placemark>
      <Placemark>
        <name>創成川公園</name>
        <description><![CDATA[説明: 冬期開放: ◯<br>冬期未開放: <br>身障者対応:◯ <br>身障者非対応: <br>種別: 3.身障者対応(冬期開放)<br>開放時間AM6:00~PM11:00<br><br>冬期開放: ◯<br>冬期未開放: <br>身障者対応: <br>身障者非対応: ◯<br>種別: 3.身障者対応(冬期開放)]]></description>
        <styleUrl>#icon-1735-A52714</styleUrl>
        <ExtendedData>
          <Data name="説明">
            <value>冬期開放: ◯
冬期未開放: 
身障者対応:◯ 
身障者非対応: 
種別: 3.身障者対応(冬期開放)
開放時間AM6:00~PM11:00
</value>
          </Data>
          <Data name="冬期開放">
            <value>◯</value>
          </Data>
          <Data name="冬期未開放">
            <value/>
          </Data>
          <Data name="身障者対応">
            <value/>
          </Data>
          <Data name="身障者非対応">
            <value>◯</value>
          </Data>
          <Data name="種別">
            <value>3.身障者対応(冬期開放)</value>
          </Data>
        </ExtendedData>
        <Point>
          <coordinates>
            141.357768,43.057749,0
          </coordinates>
        </Point>
      </Placemark>
      <Placemark>
        <name>新琴似二番通公園</name>
        <description><![CDATA[説明: 冬期開放: <br>冬期未開放: ◯<br>身障者対応: ◯<br>身障者非対応: <br>種別: 4.身障者対応(冬期未開放)<br>冬期開放: <br>冬期未開放: ◯<br>身障者対応: ◯<br>身障者非対応: <br>種別: 4.身障者対応(冬期未開放)]]></description>
        <styleUrl>#icon-1735-1A237E</styleUrl>
        <ExtendedData>
          <Data name="説明">
            <value>冬期開放: 
冬期未開放: ◯
身障者対応: ◯
身障者非対応: 
種別: 4.身障者対応(冬期未開放)</value>
          </Data>
          <Data name="冬期開放">
            <value/>
          </Data>
          <Data name="冬期未開放">
            <value>◯</value>
          </Data>
          <Data name="身障者対応">
            <value>◯</value>
          </Data>
          <Data name="身障者非対応">
            <value/>
          </Data>
          <Data name="種別">
            <value>4.身障者対応(冬期未開放)</value>
          </Data>
        </ExtendedData>
        <Point>
          <coordinates>
            141.318121,43.111634,0
          </coordinates>
        </Point>
      </Placemark>
      <Placemark>
        <name>麻生緑地</name>
        <description><![CDATA[説明: 冬期開放: ◯<br>冬期未開放: <br>身障者対応: ◯<br>身障者非対応: <br>種別: 3.身障者対応(冬期開放)<br>冬期開放: ◯<br>冬期未開放: <br>身障者対応: ◯<br>身障者非対応: <br>種別: 3.身障者対応(冬期開放)]]></description>
        <styleUrl>#icon-1735-A52714</styleUrl>
        <ExtendedData>
          <Data name="説明">
            <value>冬期開放: ◯
冬期未開放: 
身障者対応: ◯
身障者非対応: 
種別: 3.身障者対応(冬期開放)</value>
          </Data>
          <Data name="冬期開放">
            <value>◯</value>
          </Data>
          <Data name="冬期未開放">
            <value/>
          </Data>
          <Data name="身障者対応">
            <value>◯</value>
          </Data>
          <Data name="身障者非対応">
            <value/>
          </Data>
          <Data name="種別">
            <value>3.身障者対応(冬期開放)</value>
          </Data>
        </ExtendedData>
        <Point>
          <coordinates>
            141.33642,43.107487,0
          </coordinates>
        </Point>
      </Placemark>
      <Placemark>
        <name>新川見はるかす緑地</name>
        <description><![CDATA[説明: 冬期開放: <br>冬期未開放: ◯<br>身障者対応: <br>身障者非対応: ◯<br>種別: 2.冬期未開放(身障者非対応)<br>冬期開放: <br>冬期未開放: ◯<br>身障者対応: <br>身障者非対応: ◯<br>種別: 2.冬期未開放(身障者非対応)]]></description>
        <styleUrl>#icon-1733-1A237E</styleUrl>
        <ExtendedData>
          <Data name="説明">
            <value>冬期開放: 
冬期未開放: ◯
身障者対応: 
身障者非対応: ◯
種別: 2.冬期未開放(身障者非対応)</value>
          </Data>
          <Data name="冬期開放">
            <value/>
          </Data>
          <Data name="冬期未開放">
            <value>◯</value>
          </Data>
          <Data name="身障者対応">
            <value/>
          </Data>
          <Data name="身障者非対応">
            <value>◯</value>
          </Data>
          <Data name="種別">
            <value>2.冬期未開放(身障者非対応)</value>
          </Data>
        </ExtendedData>
        <Point>
          <coordinates>
            141.271294,43.131067,0
          </coordinates>
        </Point>
      </Placemark>
      <Placemark>
        <name>新琴似グリーン公園</name>
        <description><![CDATA[説明: 冬期開放: <br>冬期未開放: ◯<br>身障者対応: ◯<br>身障者非対応: <br>種別: 4.身障者対応(冬期未開放)<br>冬期開放: <br>冬期未開放: ◯<br>身障者対応: ◯<br>身障者非対応: <br>種別: 4.身障者対応(冬期未開放)]]></description>
        <styleUrl>#icon-1735-1A237E</styleUrl>
        <ExtendedData>
          <Data name="説明">
            <value>冬期開放: 
冬期未開放: ◯
身障者対応: ◯
身障者非対応: 
種別: 4.身障者対応(冬期未開放)</value>
          </Data>
          <Data name="冬期開放">
            <value/>
          </Data>
          <Data name="冬期未開放">
            <value>◯</value>
          </Data>
          <Data name="身障者対応">
            <value>◯</value>
          </Data>
          <Data name="身障者非対応">
            <value/>
          </Data>
          <Data name="種別">
            <value>4.身障者対応(冬期未開放)</value>
          </Data>
        </ExtendedData>
        <Point>
          <coordinates>
            141.3079294,43.1190688,0
          </coordinates>
        </Point>
      </Placemark>
      <Placemark>
        <name>屯田みずほ西公園</name>
        <description><![CDATA[説明: 冬期開放: <br>冬期未開放: ◯<br>身障者対応: <br>身障者非対応: ◯<br>種別: 2.冬期未開放(身障者非対応)<br>冬期開放: <br>冬期未開放: ◯<br>身障者対応: <br>身障者非対応: ◯<br>種別: 2.冬期未開放(身障者非対応)]]></description>
        <styleUrl>#icon-1733-1A237E</styleUrl>
        <ExtendedData>
          <Data name="説明">
            <value>冬期開放: 
冬期未開放: ◯
身障者対応: 
身障者非対応: ◯
種別: 2.冬期未開放(身障者非対応)</value>
          </Data>
          <Data name="冬期開放">
            <value/>
          </Data>
          <Data name="冬期未開放">
            <value>◯</value>
          </Data>
          <Data name="身障者対応">
            <value/>
          </Data>
          <Data name="身障者非対応">
            <value>◯</value>
          </Data>
          <Data name="種別">
            <value>2.冬期未開放(身障者非対応)</value>
          </Data>
        </ExtendedData>
        <Point>
          <coordinates>
            141.324252,43.135566,0
          </coordinates>
        </Point>
      </Placemark>
      <Placemark>
        <name>エルムの森公園</name>
        <description><![CDATA[説明: 冬期開放: <br>冬期未開放: ◯<br>身障者対応: <br>身障者非対応: ◯<br>種別: 2.冬期未開放(身障者非対応)<br>冬期開放: <br>冬期未開放: ◯<br>身障者対応: <br>身障者非対応: ◯<br>種別: 2.冬期未開放(身障者非対応)]]></description>
        <styleUrl>#icon-1733-1A237E</styleUrl>
        <ExtendedData>
          <Data name="説明">
            <value>冬期開放: 
冬期未開放: ◯
身障者対応: 
身障者非対応: ◯
種別: 2.冬期未開放(身障者非対応)</value>
          </Data>
          <Data name="冬期開放">
            <value/>
          </Data>
          <Data name="冬期未開放">
            <value>◯</value>
          </Data>
          <Data name="身障者対応">
            <value/>
          </Data>
          <Data name="身障者非対応">
            <value>◯</value>
          </Data>
          <Data name="種別">
            <value>2.冬期未開放(身障者非対応)</value>
          </Data>
        </ExtendedData>
        <Point>
          <coordinates>
            141.328834,43.091702,0
          </coordinates>
        </Point>
      </Placemark>
      <Placemark>
        <name>あいの里東公園</name>
        <description><![CDATA[説明: 冬期開放: <br>冬期未開放: ◯<br>身障者対応: <br>身障者非対応: ◯<br>種別: 2.冬期未開放(身障者非対応)<br>冬期開放: <br>冬期未開放: ◯<br>身障者対応: <br>身障者非対応: ◯<br>種別: 2.冬期未開放(身障者非対応)]]></description>
        <styleUrl>#icon-1733-1A237E</styleUrl>
        <ExtendedData>
          <Data name="説明">
            <value>冬期開放: 
冬期未開放: ◯
身障者対応: 
身障者非対応: ◯
種別: 2.冬期未開放(身障者非対応)</value>
          </Data>
          <Data name="冬期開放">
            <value/>
          </Data>
          <Data name="冬期未開放">
            <value>◯</value>
          </Data>
          <Data name="身障者対応">
            <value/>
          </Data>
          <Data name="身障者非対応">
            <value>◯</value>
          </Data>
          <Data name="種別">
            <value>2.冬期未開放(身障者非対応)</value>
          </Data>
        </ExtendedData>
        <Point>
          <coordinates>
            141.407786,43.158857,0
          </coordinates>
        </Point>
      </Placemark>
      <Placemark>
        <name>屯田西公園</name>
        <description><![CDATA[説明: 冬期開放: <br>冬期未開放: ◯<br>身障者対応: ◯<br>身障者非対応: <br>種別: 4.身障者対応(冬期未開放)<br>冬期開放: <br>冬期未開放: ◯<br>身障者対応: ◯<br>身障者非対応: <br>種別: 4.身障者対応(冬期未開放)]]></description>
        <styleUrl>#icon-1735-A52714</styleUrl>
        <ExtendedData>
          <Data name="説明">
            <value>冬期開放: 
冬期未開放: ◯
身障者対応: ◯
身障者非対応: 
種別: 4.身障者対応(冬期未開放)</value>
          </Data>
          <Data name="冬期開放">
            <value/>
          </Data>
          <Data name="冬期未開放">
            <value>◯</value>
          </Data>
          <Data name="身障者対応">
            <value>◯</value>
          </Data>
          <Data name="身障者非対応">
            <value/>
          </Data>
          <Data name="種別">
            <value>4.身障者対応(冬期未開放)</value>
          </Data>
        </ExtendedData>
        <Point>
          <coordinates>
            141.320666,43.130546,0
          </coordinates>
        </Point>
      </Placemark>
      <Placemark>
        <name>屯田みずほ東公園</name>
        <description><![CDATA[説明: 冬期開放: ◯<br>冬期未開放: <br>身障者対応: <br>身障者非対応: ◯<br>種別: 1.冬期開放(身障者非対応)<br>冬期開放: ◯<br>冬期未開放: <br>身障者対応: <br>身障者非対応: ◯<br>種別: 1.冬期開放(身障者非対応)]]></description>
        <styleUrl>#icon-1733-A52714</styleUrl>
        <ExtendedData>
          <Data name="説明">
            <value>冬期開放: ◯
冬期未開放: 
身障者対応: 
身障者非対応: ◯
種別: 1.冬期開放(身障者非対応)</value>
          </Data>
          <Data name="冬期開放">
            <value>◯</value>
          </Data>
          <Data name="冬期未開放">
            <value/>
          </Data>
          <Data name="身障者対応">
            <value/>
          </Data>
          <Data name="身障者非対応">
            <value>◯</value>
          </Data>
          <Data name="種別">
            <value>1.冬期開放(身障者非対応)</value>
          </Data>
        </ExtendedData>
        <Point>
          <coordinates>
            141.332921,43.133534,0
          </coordinates>
        </Point>
      </Placemark>
      <Placemark>
        <name>百合が原公園</name>
        <description><![CDATA[説明: 冬期開放: ◯<br>冬期未開放: <br>身障者対応: ◯<br>身障者非対応: <br>種別: 3.身障者対応(冬期開放)<br>冬期開放: ◯<br>冬期未開放: <br>身障者対応: ◯<br>身障者非対応: <br>種別: 3.身障者対応(冬期開放)]]></description>
        <styleUrl>#icon-1735-A52714</styleUrl>
        <ExtendedData>
          <Data name="説明">
            <value>冬期開放: ◯
冬期未開放: 
身障者対応: ◯
身障者非対応: 
種別: 3.身障者対応(冬期開放)</value>
          </Data>
          <Data name="冬期開放">
            <value>◯</value>
          </Data>
          <Data name="冬期未開放">
            <value/>
          </Data>
          <Data name="身障者対応">
            <value>◯</value>
          </Data>
          <Data name="身障者非対応">
            <value/>
          </Data>
          <Data name="種別">
            <value>3.身障者対応(冬期開放)</value>
          </Data>
        </ExtendedData>
        <Point>
          <coordinates>
            141.364093,43.128763,0
          </coordinates>
        </Point>
      </Placemark>
      <Placemark>
        <name>百合が原公園</name>
        <description><![CDATA[説明: 冬期開放: ◯<br>冬期未開放: <br>身障者対応: ◯<br>身障者非対応: <br>種別: 3.身障者対応(冬期開放)<br>冬期開放: ◯<br>冬期未開放: <br>身障者対応: ◯<br>身障者非対応: <br>種別: 3.身障者対応(冬期開放)]]></description>
        <styleUrl>#icon-1735-A52714</styleUrl>
        <ExtendedData>
          <Data name="説明">
            <value>冬期開放: ◯
冬期未開放: 
身障者対応: ◯
身障者非対応: 
種別: 3.身障者対応(冬期開放)</value>
          </Data>
          <Data name="冬期開放">
            <value>◯</value>
          </Data>
          <Data name="冬期未開放">
            <value/>
          </Data>
          <Data name="身障者対応">
            <value>◯</value>
          </Data>
          <Data name="身障者非対応">
            <value/>
          </Data>
          <Data name="種別">
            <value>3.身障者対応(冬期開放)</value>
          </Data>
        </ExtendedData>
        <Point>
          <coordinates>
            141.364093,43.128763,0
          </coordinates>
        </Point>
      </Placemark>
      <Placemark>
        <name>百合が原公園</name>
        <description><![CDATA[説明: 冬期開放: <br>冬期未開放: ◯<br>身障者対応: ◯<br>身障者非対応: <br>種別: 4.身障者対応(冬期未開放)<br>冬期開放: <br>冬期未開放: ◯<br>身障者対応: ◯<br>身障者非対応: <br>種別: 4.身障者対応(冬期未開放)]]></description>
        <styleUrl>#icon-1735-1A237E</styleUrl>
        <ExtendedData>
          <Data name="説明">
            <value>冬期開放: 
冬期未開放: ◯
身障者対応: ◯
身障者非対応: 
種別: 4.身障者対応(冬期未開放)</value>
          </Data>
          <Data name="冬期開放">
            <value/>
          </Data>
          <Data name="冬期未開放">
            <value>◯</value>
          </Data>
          <Data name="身障者対応">
            <value>◯</value>
          </Data>
          <Data name="身障者非対応">
            <value/>
          </Data>
          <Data name="種別">
            <value>4.身障者対応(冬期未開放)</value>
          </Data>
        </ExtendedData>
        <Point>
          <coordinates>
            141.366671,43.128958,0
          </coordinates>
        </Point>
      </Placemark>
      <Placemark>
        <name>百合が原公園</name>
        <description><![CDATA[説明: 冬期開放: <br>冬期未開放: ◯<br>身障者対応: ◯<br>身障者非対応: <br>種別: 4.身障者対応(冬期未開放)<br>冬期開放: <br>冬期未開放: ◯<br>身障者対応: ◯<br>身障者非対応: <br>種別: 4.身障者対応(冬期未開放)]]></description>
        <styleUrl>#icon-1735-1A237E</styleUrl>
        <ExtendedData>
          <Data name="説明">
            <value>冬期開放: 
冬期未開放: ◯
身障者対応: ◯
身障者非対応: 
種別: 4.身障者対応(冬期未開放)</value>
          </Data>
          <Data name="冬期開放">
            <value/>
          </Data>
          <Data name="冬期未開放">
            <value>◯</value>
          </Data>
          <Data name="身障者対応">
            <value>◯</value>
          </Data>
          <Data name="身障者非対応">
            <value/>
          </Data>
          <Data name="種別">
            <value>4.身障者対応(冬期未開放)</value>
          </Data>
        </ExtendedData>
        <Point>
          <coordinates>
            141.365165,43.127105,0
          </coordinates>
        </Point>
      </Placemark>
      <Placemark>
        <name>太平公園</name>
        <description><![CDATA[説明: 冬期開放: <br>冬期未開放: ◯<br>身障者対応: ◯<br>身障者非対応: <br>種別: 4.身障者対応(冬期未開放)<br>冬期開放: <br>冬期未開放: ◯<br>身障者対応: ◯<br>身障者非対応: <br>種別: 4.身障者対応(冬期未開放)]]></description>
        <styleUrl>#icon-1735-1A237E</styleUrl>
        <ExtendedData>
          <Data name="説明">
            <value>冬期開放: 
冬期未開放: ◯
身障者対応: ◯
身障者非対応: 
種別: 4.身障者対応(冬期未開放)</value>
          </Data>
          <Data name="冬期開放">
            <value/>
          </Data>
          <Data name="冬期未開放">
            <value>◯</value>
          </Data>
          <Data name="身障者対応">
            <value>◯</value>
          </Data>
          <Data name="身障者非対応">
            <value/>
          </Data>
          <Data name="種別">
            <value>4.身障者対応(冬期未開放)</value>
          </Data>
        </ExtendedData>
        <Point>
          <coordinates>
            141.353043,43.138409,0
          </coordinates>
        </Point>
      </Placemark>
      <Placemark>
        <name>拓北公園</name>
        <description><![CDATA[説明: 冬期開放: <br>冬期未開放: ◯<br>身障者対応: ◯<br>身障者非対応: <br>種別: 4.身障者対応(冬期未開放)<br>冬期開放: <br>冬期未開放: ◯<br>身障者対応: ◯<br>身障者非対応: <br>種別: 4.身障者対応(冬期未開放)]]></description>
        <styleUrl>#icon-1735-1A237E</styleUrl>
        <ExtendedData>
          <Data name="説明">
            <value>冬期開放: 
冬期未開放: ◯
身障者対応: ◯
身障者非対応: 
種別: 4.身障者対応(冬期未開放)</value>
          </Data>
          <Data name="冬期開放">
            <value/>
          </Data>
          <Data name="冬期未開放">
            <value>◯</value>
          </Data>
          <Data name="身障者対応">
            <value>◯</value>
          </Data>
          <Data name="身障者非対応">
            <value/>
          </Data>
          <Data name="種別">
            <value>4.身障者対応(冬期未開放)</value>
          </Data>
        </ExtendedData>
        <Point>
          <coordinates>
            141.386295,43.153639,0
          </coordinates>
        </Point>
      </Placemark>
      <Placemark>
        <name>篠路五ノ戸の森緑地</name>
        <description><![CDATA[説明: 冬期開放: <br>冬期未開放: ◯<br>身障者対応: ◯<br>身障者非対応: <br>種別: 4.身障者対応(冬期未開放)<br>冬期開放: <br>冬期未開放: ◯<br>身障者対応: ◯<br>身障者非対応: <br>種別: 4.身障者対応(冬期未開放)]]></description>
        <styleUrl>#icon-1735-1A237E</styleUrl>
        <ExtendedData>
          <Data name="説明">
            <value>冬期開放: 
冬期未開放: ◯
身障者対応: ◯
身障者非対応: 
種別: 4.身障者対応(冬期未開放)</value>
          </Data>
          <Data name="冬期開放">
            <value/>
          </Data>
          <Data name="冬期未開放">
            <value>◯</value>
          </Data>
          <Data name="身障者対応">
            <value>◯</value>
          </Data>
          <Data name="身障者非対応">
            <value/>
          </Data>
          <Data name="種別">
            <value>4.身障者対応(冬期未開放)</value>
          </Data>
        </ExtendedData>
        <Point>
          <coordinates>
            141.37517,43.141908,0
          </coordinates>
        </Point>
      </Placemark>
      <Placemark>
        <name>茨戸川緑地</name>
        <description><![CDATA[説明: 冬期開放: <br>冬期未開放: ◯<br>身障者対応: ◯<br>身障者非対応: <br>種別: 4.身障者対応(冬期未開放)<br>冬期開放: <br>冬期未開放: ◯<br>身障者対応: ◯<br>身障者非対応: <br>種別: 4.身障者対応(冬期未開放)]]></description>
        <styleUrl>#icon-1735-1A237E</styleUrl>
        <ExtendedData>
          <Data name="説明">
            <value>冬期開放: 
冬期未開放: ◯
身障者対応: ◯
身障者非対応: 
種別: 4.身障者対応(冬期未開放)</value>
          </Data>
          <Data name="冬期開放">
            <value/>
          </Data>
          <Data name="冬期未開放">
            <value>◯</value>
          </Data>
          <Data name="身障者対応">
            <value>◯</value>
          </Data>
          <Data name="身障者非対応">
            <value/>
          </Data>
          <Data name="種別">
            <value>4.身障者対応(冬期未開放)</value>
          </Data>
        </ExtendedData>
        <Point>
          <coordinates>
            141.395048,43.174022,0
          </coordinates>
        </Point>
      </Placemark>
      <Placemark>
        <name>屯田一番通公園</name>
        <description><![CDATA[説明: 冬期開放: <br>冬期未開放: ◯<br>身障者対応: ◯<br>身障者非対応: <br>種別: 4.身障者対応(冬期未開放)<br>冬期開放: <br>冬期未開放: ◯<br>身障者対応: ◯<br>身障者非対応: <br>種別: 4.身障者対応(冬期未開放)]]></description>
        <styleUrl>#icon-1735-1A237E</styleUrl>
        <ExtendedData>
          <Data name="説明">
            <value>冬期開放: 
冬期未開放: ◯
身障者対応: ◯
身障者非対応: 
種別: 4.身障者対応(冬期未開放)</value>
          </Data>
          <Data name="冬期開放">
            <value/>
          </Data>
          <Data name="冬期未開放">
            <value>◯</value>
          </Data>
          <Data name="身障者対応">
            <value>◯</value>
          </Data>
          <Data name="身障者非対応">
            <value/>
          </Data>
          <Data name="種別">
            <value>4.身障者対応(冬期未開放)</value>
          </Data>
        </ExtendedData>
        <Point>
          <coordinates>
            141.341835,43.124253,0
          </coordinates>
        </Point>
      </Placemark>
      <Placemark>
        <name>麻生公園</name>
        <description><![CDATA[説明: 冬期開放: ◯<br>冬期未開放: <br>身障者対応: <br>身障者非対応: ◯<br>種別: 1.冬期開放(身障者非対応)<br>冬期開放: ◯<br>冬期未開放: <br>身障者対応: <br>身障者非対応: ◯<br>種別: 1.冬期開放(身障者非対応)]]></description>
        <styleUrl>#icon-1733-A52714</styleUrl>
        <ExtendedData>
          <Data name="説明">
            <value>冬期開放: ◯
冬期未開放: 
身障者対応: 
身障者非対応: ◯
種別: 1.冬期開放(身障者非対応)</value>
          </Data>
          <Data name="冬期開放">
            <value>◯</value>
          </Data>
          <Data name="冬期未開放">
            <value/>
          </Data>
          <Data name="身障者対応">
            <value/>
          </Data>
          <Data name="身障者非対応">
            <value>◯</value>
          </Data>
          <Data name="種別">
            <value>1.冬期開放(身障者非対応)</value>
          </Data>
        </ExtendedData>
        <Point>
          <coordinates>
            141.332666,43.103008,0
          </coordinates>
        </Point>
      </Placemark>
      <Placemark>
        <name>新川西札ふれあい公園</name>
        <description><![CDATA[説明: 冬期開放: ◯<br>冬期未開放: <br>身障者対応: <br>身障者非対応: ◯<br>種別: 1.冬期開放(身障者非対応)<br>冬期開放: ◯<br>冬期未開放: <br>身障者対応: <br>身障者非対応: ◯<br>種別: 1.冬期開放(身障者非対応)]]></description>
        <styleUrl>#icon-1733-A52714</styleUrl>
        <ExtendedData>
          <Data name="説明">
            <value>冬期開放: ◯
冬期未開放: 
身障者対応: 
身障者非対応: ◯
種別: 1.冬期開放(身障者非対応)</value>
          </Data>
          <Data name="冬期開放">
            <value>◯</value>
          </Data>
          <Data name="冬期未開放">
            <value/>
          </Data>
          <Data name="身障者対応">
            <value/>
          </Data>
          <Data name="身障者非対応">
            <value>◯</value>
          </Data>
          <Data name="種別">
            <value>1.冬期開放(身障者非対応)</value>
          </Data>
        </ExtendedData>
        <Point>
          <coordinates>
            141.285787,43.123392,0
          </coordinates>
        </Point>
      </Placemark>
      <Placemark>
        <name>新琴似中央公園</name>
        <description><![CDATA[説明: 冬期開放: ◯<br>冬期未開放: <br>身障者対応: <br>身障者非対応: ◯<br>種別: 1.冬期開放(身障者非対応)<br>冬期開放: ◯<br>冬期未開放: <br>身障者対応: <br>身障者非対応: ◯<br>種別: 1.冬期開放(身障者非対応)]]></description>
        <styleUrl>#icon-1733-A52714</styleUrl>
        <ExtendedData>
          <Data name="説明">
            <value>冬期開放: ◯
冬期未開放: 
身障者対応: 
身障者非対応: ◯
種別: 1.冬期開放(身障者非対応)</value>
          </Data>
          <Data name="冬期開放">
            <value>◯</value>
          </Data>
          <Data name="冬期未開放">
            <value/>
          </Data>
          <Data name="身障者対応">
            <value/>
          </Data>
          <Data name="身障者非対応">
            <value>◯</value>
          </Data>
          <Data name="種別">
            <value>1.冬期開放(身障者非対応)</value>
          </Data>
        </ExtendedData>
        <Point>
          <coordinates>
            141.321329,43.120307,0
          </coordinates>
        </Point>
      </Placemark>
      <Placemark>
        <name>屯田ひがし公園</name>
        <description><![CDATA[説明: 冬期開放: <br>冬期未開放: ◯<br>身障者対応: <br>身障者非対応: ◯<br>種別: 2.冬期未開放(身障者非対応)<br>冬期開放: <br>冬期未開放: ◯<br>身障者対応: <br>身障者非対応: ◯<br>種別: 2.冬期未開放(身障者非対応)]]></description>
        <styleUrl>#icon-1733-1A237E</styleUrl>
        <ExtendedData>
          <Data name="説明">
            <value>冬期開放: 
冬期未開放: ◯
身障者対応: 
身障者非対応: ◯
種別: 2.冬期未開放(身障者非対応)</value>
          </Data>
          <Data name="冬期開放">
            <value/>
          </Data>
          <Data name="冬期未開放">
            <value>◯</value>
          </Data>
          <Data name="身障者対応">
            <value/>
          </Data>
          <Data name="身障者非対応">
            <value>◯</value>
          </Data>
          <Data name="種別">
            <value>2.冬期未開放(身障者非対応)</value>
          </Data>
        </ExtendedData>
        <Point>
          <coordinates>
            141.343372,43.142441,0
          </coordinates>
        </Point>
      </Placemark>
      <Placemark>
        <name>創成川緑地</name>
        <description><![CDATA[説明: 冬期開放: <br>冬期未開放: ◯<br>身障者対応: <br>身障者非対応: ◯<br>種別: 2.冬期未開放(身障者非対応)<br>冬期開放: <br>冬期未開放: ◯<br>身障者対応: <br>身障者非対応: ◯<br>種別: 2.冬期未開放(身障者非対応)]]></description>
        <styleUrl>#icon-1733-1A237E</styleUrl>
        <ExtendedData>
          <Data name="説明">
            <value>冬期開放: 
冬期未開放: ◯
身障者対応: 
身障者非対応: ◯
種別: 2.冬期未開放(身障者非対応)</value>
          </Data>
          <Data name="冬期開放">
            <value/>
          </Data>
          <Data name="冬期未開放">
            <value>◯</value>
          </Data>
          <Data name="身障者対応">
            <value/>
          </Data>
          <Data name="身障者非対応">
            <value>◯</value>
          </Data>
          <Data name="種別">
            <value>2.冬期未開放(身障者非対応)</value>
          </Data>
        </ExtendedData>
        <Point>
          <coordinates>
            141.345138,43.129375,0
          </coordinates>
        </Point>
      </Placemark>
      <Placemark>
        <name>新琴似西公園</name>
        <description><![CDATA[説明: 冬期開放: <br>冬期未開放: ◯<br>身障者対応: <br>身障者非対応: ◯<br>種別: 2.冬期未開放(身障者非対応)<br>冬期開放: <br>冬期未開放: ◯<br>身障者対応: <br>身障者非対応: ◯<br>種別: 2.冬期未開放(身障者非対応)]]></description>
        <styleUrl>#icon-1733-1A237E</styleUrl>
        <ExtendedData>
          <Data name="説明">
            <value>冬期開放: 
冬期未開放: ◯
身障者対応: 
身障者非対応: ◯
種別: 2.冬期未開放(身障者非対応)</value>
          </Data>
          <Data name="冬期開放">
            <value/>
          </Data>
          <Data name="冬期未開放">
            <value>◯</value>
          </Data>
          <Data name="身障者対応">
            <value/>
          </Data>
          <Data name="身障者非対応">
            <value>◯</value>
          </Data>
          <Data name="種別">
            <value>2.冬期未開放(身障者非対応)</value>
          </Data>
        </ExtendedData>
        <Point>
          <coordinates>
            141.313345,43.12453,0
          </coordinates>
        </Point>
      </Placemark>
      <Placemark>
        <name>新川中央公園</name>
        <description><![CDATA[説明: 冬期開放: <br>冬期未開放: ◯<br>身障者対応: ◯<br>身障者非対応: <br>種別: 4.身障者対応(冬期未開放)<br>冬期開放: <br>冬期未開放: ◯<br>身障者対応: ◯<br>身障者非対応: <br>種別: 4.身障者対応(冬期未開放)]]></description>
        <styleUrl>#icon-1735-1A237E</styleUrl>
        <ExtendedData>
          <Data name="説明">
            <value>冬期開放: 
冬期未開放: ◯
身障者対応: ◯
身障者非対応: 
種別: 4.身障者対応(冬期未開放)</value>
          </Data>
          <Data name="冬期開放">
            <value/>
          </Data>
          <Data name="冬期未開放">
            <value>◯</value>
          </Data>
          <Data name="身障者対応">
            <value>◯</value>
          </Data>
          <Data name="身障者非対応">
            <value/>
          </Data>
          <Data name="種別">
            <value>4.身障者対応(冬期未開放)</value>
          </Data>
        </ExtendedData>
        <Point>
          <coordinates>
            141.301233,43.112469,0
          </coordinates>
        </Point>
      </Placemark>
      <Placemark>
        <name>新琴似グリーン公園</name>
        <description><![CDATA[説明: 冬期開放:◯ <br>冬期未開放: <br>身障者対応: <br>身障者非対応:◯<br>種別: 1.冬期開放(身障者非対応)<br>冬期開放: ◯<br>冬期未開放: <br>身障者対応: <br>身障者非対応: ◯<br>種別: 1.冬期開放(身障者非対応)]]></description>
        <styleUrl>#icon-1733-1A237E</styleUrl>
        <ExtendedData>
          <Data name="説明">
            <value>冬期開放:◯ 
冬期未開放: 
身障者対応: 
身障者非対応:◯
種別: 1.冬期開放(身障者非対応)</value>
          </Data>
          <Data name="冬期開放">
            <value>◯</value>
          </Data>
          <Data name="冬期未開放">
            <value/>
          </Data>
          <Data name="身障者対応">
            <value/>
          </Data>
          <Data name="身障者非対応">
            <value>◯</value>
          </Data>
          <Data name="種別">
            <value>1.冬期開放(身障者非対応)</value>
          </Data>
        </ExtendedData>
        <Point>
          <coordinates>
            141.30789,43.119092,0
          </coordinates>
        </Point>
      </Placemark>
      <Placemark>
        <name>屯田南緑地</name>
        <description><![CDATA[説明: 冬期開放: <br>冬期未開放: ◯<br>身障者対応: <br>身障者非対応: ◯<br>種別: 2.冬期未開放(身障者非対応)<br>冬期開放: <br>冬期未開放: ◯<br>身障者対応: <br>身障者非対応: ◯<br>種別: 2.冬期未開放(身障者非対応)]]></description>
        <styleUrl>#icon-1733-1A237E</styleUrl>
        <ExtendedData>
          <Data name="説明">
            <value>冬期開放: 
冬期未開放: ◯
身障者対応: 
身障者非対応: ◯
種別: 2.冬期未開放(身障者非対応)</value>
          </Data>
          <Data name="冬期開放">
            <value/>
          </Data>
          <Data name="冬期未開放">
            <value>◯</value>
          </Data>
          <Data name="身障者対応">
            <value/>
          </Data>
          <Data name="身障者非対応">
            <value>◯</value>
          </Data>
          <Data name="種別">
            <value>2.冬期未開放(身障者非対応)</value>
          </Data>
        </ExtendedData>
        <Point>
          <coordinates>
            141.334489,43.124837,0
          </coordinates>
        </Point>
      </Placemark>
      <Placemark>
        <name>新琴似北公園</name>
        <description><![CDATA[説明: 冬期開放: <br>冬期未開放: ◯<br>身障者対応: <br>身障者非対応: ◯<br>種別: 2.冬期未開放(身障者非対応)<br>冬期開放: <br>冬期未開放: ◯<br>身障者対応: <br>身障者非対応: ◯<br>種別: 2.冬期未開放(身障者非対応)]]></description>
        <styleUrl>#icon-1733-1A237E</styleUrl>
        <ExtendedData>
          <Data name="説明">
            <value>冬期開放: 
冬期未開放: ◯
身障者対応: 
身障者非対応: ◯
種別: 2.冬期未開放(身障者非対応)</value>
          </Data>
          <Data name="冬期開放">
            <value/>
          </Data>
          <Data name="冬期未開放">
            <value>◯</value>
          </Data>
          <Data name="身障者対応">
            <value/>
          </Data>
          <Data name="身障者非対応">
            <value>◯</value>
          </Data>
          <Data name="種別">
            <value>2.冬期未開放(身障者非対応)</value>
          </Data>
        </ExtendedData>
        <Point>
          <coordinates>
            141.332281,43.118895,0
          </coordinates>
        </Point>
      </Placemark>
      <Placemark>
        <name>屯田西公園</name>
        <description><![CDATA[説明: 冬期開放: <br>冬期未開放: ◯<br>身障者対応: ◯<br>身障者非対応: <br>種別: 4.身障者対応(冬期未開放)<br>冬期開放: <br>冬期未開放: ◯<br>身障者対応: ◯<br>身障者非対応: <br>種別: 4.身障者対応(冬期未開放)]]></description>
        <styleUrl>#icon-1735-1A237E</styleUrl>
        <ExtendedData>
          <Data name="説明">
            <value>冬期開放: 
冬期未開放: ◯
身障者対応: ◯
身障者非対応: 
種別: 4.身障者対応(冬期未開放)</value>
          </Data>
          <Data name="冬期開放">
            <value/>
          </Data>
          <Data name="冬期未開放">
            <value>◯</value>
          </Data>
          <Data name="身障者対応">
            <value>◯</value>
          </Data>
          <Data name="身障者非対応">
            <value/>
          </Data>
          <Data name="種別">
            <value>4.身障者対応(冬期未開放)</value>
          </Data>
        </ExtendedData>
        <Point>
          <coordinates>
            141.3167637,43.1321391,0
          </coordinates>
        </Point>
      </Placemark>
      <Placemark>
        <name>上篠路公園</name>
        <description><![CDATA[説明: 冬期開放: <br>冬期未開放: ◯<br>身障者対応: <br>身障者非対応: ◯<br>種別: 2.冬期未開放(身障者非対応)<br>冬期開放: <br>冬期未開放: ◯<br>身障者対応: <br>身障者非対応: ◯<br>種別: 2.冬期未開放(身障者非対応)]]></description>
        <styleUrl>#icon-1733-1A237E</styleUrl>
        <ExtendedData>
          <Data name="説明">
            <value>冬期開放: 
冬期未開放: ◯
身障者対応: 
身障者非対応: ◯
種別: 2.冬期未開放(身障者非対応)</value>
          </Data>
          <Data name="冬期開放">
            <value/>
          </Data>
          <Data name="冬期未開放">
            <value>◯</value>
          </Data>
          <Data name="身障者対応">
            <value/>
          </Data>
          <Data name="身障者非対応">
            <value>◯</value>
          </Data>
          <Data name="種別">
            <value>2.冬期未開放(身障者非対応)</value>
          </Data>
        </ExtendedData>
        <Point>
          <coordinates>
            141.369521,43.147087,0
          </coordinates>
        </Point>
      </Placemark>
      <Placemark>
        <name>あいの里緑道</name>
        <description><![CDATA[説明: 冬期開放: <br>冬期未開放: ◯<br>身障者対応: <br>身障者非対応: ◯<br>種別: 2.冬期未開放(身障者非対応)<br>冬期開放: <br>冬期未開放: ◯<br>身障者対応: <br>身障者非対応: ◯<br>種別: 2.冬期未開放(身障者非対応)]]></description>
        <styleUrl>#icon-1733-1A237E</styleUrl>
        <ExtendedData>
          <Data name="説明">
            <value>冬期開放: 
冬期未開放: ◯
身障者対応: 
身障者非対応: ◯
種別: 2.冬期未開放(身障者非対応)</value>
          </Data>
          <Data name="冬期開放">
            <value/>
          </Data>
          <Data name="冬期未開放">
            <value>◯</value>
          </Data>
          <Data name="身障者対応">
            <value/>
          </Data>
          <Data name="身障者非対応">
            <value>◯</value>
          </Data>
          <Data name="種別">
            <value>2.冬期未開放(身障者非対応)</value>
          </Data>
        </ExtendedData>
        <Point>
          <coordinates>
            141.390526,43.168129,0
          </coordinates>
        </Point>
      </Placemark>
      <Placemark>
        <name>伏籠川緑地</name>
        <description><![CDATA[説明: 冬期開放: <br>冬期未開放: ◯<br>身障者対応: <br>身障者非対応: ◯<br>種別: 2.冬期未開放(身障者非対応)<br>冬期開放: <br>冬期未開放: ◯<br>身障者対応: <br>身障者非対応: ◯<br>種別: 2.冬期未開放(身障者非対応)]]></description>
        <styleUrl>#icon-1733-1A237E</styleUrl>
        <ExtendedData>
          <Data name="説明">
            <value>冬期開放: 
冬期未開放: ◯
身障者対応: 
身障者非対応: ◯
種別: 2.冬期未開放(身障者非対応)</value>
          </Data>
          <Data name="冬期開放">
            <value/>
          </Data>
          <Data name="冬期未開放">
            <value>◯</value>
          </Data>
          <Data name="身障者対応">
            <value/>
          </Data>
          <Data name="身障者非対応">
            <value>◯</value>
          </Data>
          <Data name="種別">
            <value>2.冬期未開放(身障者非対応)</value>
          </Data>
        </ExtendedData>
        <Point>
          <coordinates>
            141.353265,43.164618,0
          </coordinates>
        </Point>
      </Placemark>
      <Placemark>
        <name>あいの里西公園</name>
        <description><![CDATA[説明: 冬期開放: <br>冬期未開放: ◯<br>身障者対応: <br>身障者非対応: ◯<br>種別: 2.冬期未開放(身障者非対応)<br>冬期開放: <br>冬期未開放: ◯<br>身障者対応: <br>身障者非対応: ◯<br>種別: 2.冬期未開放(身障者非対応)]]></description>
        <styleUrl>#icon-1733-1A237E</styleUrl>
        <ExtendedData>
          <Data name="説明">
            <value>冬期開放: 
冬期未開放: ◯
身障者対応: 
身障者非対応: ◯
種別: 2.冬期未開放(身障者非対応)</value>
          </Data>
          <Data name="冬期開放">
            <value/>
          </Data>
          <Data name="冬期未開放">
            <value>◯</value>
          </Data>
          <Data name="身障者対応">
            <value/>
          </Data>
          <Data name="身障者非対応">
            <value>◯</value>
          </Data>
          <Data name="種別">
            <value>2.冬期未開放(身障者非対応)</value>
          </Data>
        </ExtendedData>
        <Point>
          <coordinates>
            141.390443,43.1622,0
          </coordinates>
        </Point>
      </Placemark>
      <Placemark>
        <name>屯田北公園</name>
        <description><![CDATA[説明: 冬期開放: <br>冬期未開放: ◯<br>身障者対応: <br>身障者非対応: ◯<br>種別: 2.冬期未開放(身障者非対応)<br>冬期開放: <br>冬期未開放: ◯<br>身障者対応: <br>身障者非対応: ◯<br>種別: 2.冬期未開放(身障者非対応)]]></description>
        <styleUrl>#icon-1733-1A237E</styleUrl>
        <ExtendedData>
          <Data name="説明">
            <value>冬期開放: 
冬期未開放: ◯
身障者対応: 
身障者非対応: ◯
種別: 2.冬期未開放(身障者非対応)</value>
          </Data>
          <Data name="冬期開放">
            <value/>
          </Data>
          <Data name="冬期未開放">
            <value>◯</value>
          </Data>
          <Data name="身障者対応">
            <value/>
          </Data>
          <Data name="身障者非対応">
            <value>◯</value>
          </Data>
          <Data name="種別">
            <value>2.冬期未開放(身障者非対応)</value>
          </Data>
        </ExtendedData>
        <Point>
          <coordinates>
            141.324573,43.141167,0
          </coordinates>
        </Point>
      </Placemark>
      <Placemark>
        <name>新琴似安春公園</name>
        <description><![CDATA[説明: 冬期開放: <br>冬期未開放: ◯<br>身障者対応: <br>身障者非対応: ◯<br>種別: 2.冬期未開放(身障者非対応)<br>冬期開放: <br>冬期未開放: ◯<br>身障者対応: <br>身障者非対応: ◯<br>種別: 2.冬期未開放(身障者非対応)]]></description>
        <styleUrl>#icon-1733-1A237E</styleUrl>
        <ExtendedData>
          <Data name="説明">
            <value>冬期開放: 
冬期未開放: ◯
身障者対応: 
身障者非対応: ◯
種別: 2.冬期未開放(身障者非対応)</value>
          </Data>
          <Data name="冬期開放">
            <value/>
          </Data>
          <Data name="冬期未開放">
            <value>◯</value>
          </Data>
          <Data name="身障者対応">
            <value/>
          </Data>
          <Data name="身障者非対応">
            <value>◯</value>
          </Data>
          <Data name="種別">
            <value>2.冬期未開放(身障者非対応)</value>
          </Data>
        </ExtendedData>
        <Point>
          <coordinates>
            141.326181,43.109951,0
          </coordinates>
        </Point>
      </Placemark>
      <Placemark>
        <name>太平公園</name>
        <description><![CDATA[説明: 冬期開放: <br>冬期未開放: ◯<br>身障者対応: ◯<br>身障者非対応: <br>種別: 4.身障者対応(冬期未開放)<br>冬期開放: <br>冬期未開放: ◯<br>身障者対応: ◯<br>身障者非対応: <br>種別: 4.身障者対応(冬期未開放)]]></description>
        <styleUrl>#icon-1735-1A237E</styleUrl>
        <ExtendedData>
          <Data name="説明">
            <value>冬期開放: 
冬期未開放: ◯
身障者対応: ◯
身障者非対応: 
種別: 4.身障者対応(冬期未開放)</value>
          </Data>
          <Data name="冬期開放">
            <value/>
          </Data>
          <Data name="冬期未開放">
            <value>◯</value>
          </Data>
          <Data name="身障者対応">
            <value>◯</value>
          </Data>
          <Data name="身障者非対応">
            <value/>
          </Data>
          <Data name="種別">
            <value>4.身障者対応(冬期未開放)</value>
          </Data>
        </ExtendedData>
        <Point>
          <coordinates>
            141.354617,43.139384,0
          </coordinates>
        </Point>
      </Placemark>
      <Placemark>
        <name>あいの里公園</name>
        <description><![CDATA[説明: 冬期開放: <br>冬期未開放: ◯<br>身障者対応: ◯<br>身障者非対応: <br>種別: 4.身障者対応(冬期未開放)<br>冬期開放: <br>冬期未開放: ◯<br>身障者対応: ◯<br>身障者非対応: <br>種別: 4.身障者対応(冬期未開放)]]></description>
        <styleUrl>#icon-1735-1A237E</styleUrl>
        <ExtendedData>
          <Data name="説明">
            <value>冬期開放: 
冬期未開放: ◯
身障者対応: ◯
身障者非対応: 
種別: 4.身障者対応(冬期未開放)</value>
          </Data>
          <Data name="冬期開放">
            <value/>
          </Data>
          <Data name="冬期未開放">
            <value>◯</value>
          </Data>
          <Data name="身障者対応">
            <value>◯</value>
          </Data>
          <Data name="身障者非対応">
            <value/>
          </Data>
          <Data name="種別">
            <value>4.身障者対応(冬期未開放)</value>
          </Data>
        </ExtendedData>
        <Point>
          <coordinates>
            141.4108513,43.1665613,0
          </coordinates>
        </Point>
      </Placemark>
      <Placemark>
        <name>あいの里公園</name>
        <description><![CDATA[説明: 冬期開放: <br>冬期未開放: ◯<br>身障者対応: <br>身障者非対応: ◯<br>種別: 2.冬期未開放(身障者非対応)<br>冬期開放: <br>冬期未開放: ◯<br>身障者対応: <br>身障者非対応: ◯<br>種別: 2.冬期未開放(身障者非対応)]]></description>
        <styleUrl>#icon-1733-1A237E</styleUrl>
        <ExtendedData>
          <Data name="説明">
            <value>冬期開放: 
冬期未開放: ◯
身障者対応: 
身障者非対応: ◯
種別: 2.冬期未開放(身障者非対応)</value>
          </Data>
          <Data name="冬期開放">
            <value/>
          </Data>
          <Data name="冬期未開放">
            <value>◯</value>
          </Data>
          <Data name="身障者対応">
            <value/>
          </Data>
          <Data name="身障者非対応">
            <value>◯</value>
          </Data>
          <Data name="種別">
            <value>2.冬期未開放(身障者非対応)</value>
          </Data>
        </ExtendedData>
        <Point>
          <coordinates>
            141.409734,43.164177,0
          </coordinates>
        </Point>
      </Placemark>
      <Placemark>
        <name>あいの里北公園</name>
        <description><![CDATA[説明: 冬期開放: <br>冬期未開放: ◯<br>身障者対応: <br>身障者非対応: ◯<br>種別: 2.冬期未開放(身障者非対応)<br>冬期開放: <br>冬期未開放: ◯<br>身障者対応: <br>身障者非対応: ◯<br>種別: 2.冬期未開放(身障者非対応)]]></description>
        <styleUrl>#icon-1733-1A237E</styleUrl>
        <ExtendedData>
          <Data name="説明">
            <value>冬期開放: 
冬期未開放: ◯
身障者対応: 
身障者非対応: ◯
種別: 2.冬期未開放(身障者非対応)</value>
          </Data>
          <Data name="冬期開放">
            <value/>
          </Data>
          <Data name="冬期未開放">
            <value>◯</value>
          </Data>
          <Data name="身障者対応">
            <value/>
          </Data>
          <Data name="身障者非対応">
            <value>◯</value>
          </Data>
          <Data name="種別">
            <value>2.冬期未開放(身障者非対応)</value>
          </Data>
        </ExtendedData>
        <Point>
          <coordinates>
            141.399237,43.162607,0
          </coordinates>
        </Point>
      </Placemark>
      <Placemark>
        <name>篠路みどり公園</name>
        <description><![CDATA[説明: 冬期開放: ◯<br>冬期未開放: <br>身障者対応: <br>身障者非対応: ◯<br>種別: 1.冬期開放(身障者非対応)<br>冬期開放: ◯<br>冬期未開放: <br>身障者対応: <br>身障者非対応: ◯<br>種別: 1.冬期開放(身障者非対応)]]></description>
        <styleUrl>#icon-1733-A52714</styleUrl>
        <ExtendedData>
          <Data name="説明">
            <value>冬期開放: ◯
冬期未開放: 
身障者対応: 
身障者非対応: ◯
種別: 1.冬期開放(身障者非対応)</value>
          </Data>
          <Data name="冬期開放">
            <value>◯</value>
          </Data>
          <Data name="冬期未開放">
            <value/>
          </Data>
          <Data name="身障者対応">
            <value/>
          </Data>
          <Data name="身障者非対応">
            <value>◯</value>
          </Data>
          <Data name="種別">
            <value>1.冬期開放(身障者非対応)</value>
          </Data>
        </ExtendedData>
        <Point>
          <coordinates>
            141.361616,43.153407,0
          </coordinates>
        </Point>
      </Placemark>
      <Placemark>
        <name>篠路駅前西公園</name>
        <description><![CDATA[説明: 冬期開放: ◯<br>冬期未開放: <br>身障者対応: ◯<br>身障者非対応: <br>種別: 3.身障者対応(冬期開放)<br>冬期開放: ◯<br>冬期未開放: <br>身障者対応: ◯<br>身障者非対応: <br>種別: 3.身障者対応(冬期開放)]]></description>
        <styleUrl>#icon-1735-A52714</styleUrl>
        <ExtendedData>
          <Data name="説明">
            <value>冬期開放: ◯
冬期未開放: 
身障者対応: ◯
身障者非対応: 
種別: 3.身障者対応(冬期開放)</value>
          </Data>
          <Data name="冬期開放">
            <value>◯</value>
          </Data>
          <Data name="冬期未開放">
            <value/>
          </Data>
          <Data name="身障者対応">
            <value>◯</value>
          </Data>
          <Data name="身障者非対応">
            <value/>
          </Data>
          <Data name="種別">
            <value>3.身障者対応(冬期開放)</value>
          </Data>
        </ExtendedData>
        <Point>
          <coordinates>
            141.355308,43.147815,0
          </coordinates>
        </Point>
      </Placemark>
      <Placemark>
        <name>新光公園</name>
        <description><![CDATA[説明: 冬期開放: <br>冬期未開放: ◯<br>身障者対応: ◯<br>身障者非対応: <br>種別: 4.身障者対応(冬期未開放)<br>冬期開放: <br>冬期未開放: ◯<br>身障者対応: ◯<br>身障者非対応: <br>種別: 4.身障者対応(冬期未開放)]]></description>
        <styleUrl>#icon-1735-1A237E</styleUrl>
        <ExtendedData>
          <Data name="説明">
            <value>冬期開放: 
冬期未開放: ◯
身障者対応: ◯
身障者非対応: 
種別: 4.身障者対応(冬期未開放)</value>
          </Data>
          <Data name="冬期開放">
            <value/>
          </Data>
          <Data name="冬期未開放">
            <value>◯</value>
          </Data>
          <Data name="身障者対応">
            <value>◯</value>
          </Data>
          <Data name="身障者非対応">
            <value/>
          </Data>
          <Data name="種別">
            <value>4.身障者対応(冬期未開放)</value>
          </Data>
        </ExtendedData>
        <Point>
          <coordinates>
            141.308877,43.109619,0
          </coordinates>
        </Point>
      </Placemark>
      <Placemark>
        <name>太平公園</name>
        <description><![CDATA[説明: 冬期開放: ◯<br>冬期未開放: <br>身障者対応: <br>身障者非対応: ◯<br>種別: 1.冬期開放(身障者非対応)<br>冬期開放: ◯<br>冬期未開放: <br>身障者対応: <br>身障者非対応: ◯<br>種別: 1.冬期開放(身障者非対応)]]></description>
        <styleUrl>#icon-1733-A52714</styleUrl>
        <ExtendedData>
          <Data name="説明">
            <value>冬期開放: ◯
冬期未開放: 
身障者対応: 
身障者非対応: ◯
種別: 1.冬期開放(身障者非対応)</value>
          </Data>
          <Data name="冬期開放">
            <value>◯</value>
          </Data>
          <Data name="冬期未開放">
            <value/>
          </Data>
          <Data name="身障者対応">
            <value/>
          </Data>
          <Data name="身障者非対応">
            <value>◯</value>
          </Data>
          <Data name="種別">
            <value>1.冬期開放(身障者非対応)</value>
          </Data>
        </ExtendedData>
        <Point>
          <coordinates>
            141.353162,43.138488,0
          </coordinates>
        </Point>
      </Placemark>
      <Placemark>
        <name>拓北いきいき公園</name>
        <description><![CDATA[説明: 冬期開放: <br>冬期未開放: ◯<br>身障者対応: <br>身障者非対応: ◯<br>種別: 2.冬期未開放(身障者非対応)<br>冬期開放: <br>冬期未開放: ◯<br>身障者対応: <br>身障者非対応: ◯<br>種別: 2.冬期未開放(身障者非対応)]]></description>
        <styleUrl>#icon-1733-1A237E</styleUrl>
        <ExtendedData>
          <Data name="説明">
            <value>冬期開放: 
冬期未開放: ◯
身障者対応: 
身障者非対応: ◯
種別: 2.冬期未開放(身障者非対応)</value>
          </Data>
          <Data name="冬期開放">
            <value/>
          </Data>
          <Data name="冬期未開放">
            <value>◯</value>
          </Data>
          <Data name="身障者対応">
            <value/>
          </Data>
          <Data name="身障者非対応">
            <value>◯</value>
          </Data>
          <Data name="種別">
            <value>2.冬期未開放(身障者非対応)</value>
          </Data>
        </ExtendedData>
        <Point>
          <coordinates>
            141.373414,43.15145,0
          </coordinates>
        </Point>
      </Placemark>
      <Placemark>
        <name>屯田公園</name>
        <description><![CDATA[説明: 冬期開放: <br>冬期未開放: ◯<br>身障者対応: ◯<br>身障者非対応: <br>種別: 4.身障者対応(冬期未開放)<br>冬期開放: <br>冬期未開放: ◯<br>身障者対応: ◯<br>身障者非対応: <br>種別: 4.身障者対応(冬期未開放)]]></description>
        <styleUrl>#icon-1735-1A237E</styleUrl>
        <ExtendedData>
          <Data name="説明">
            <value>冬期開放: 
冬期未開放: ◯
身障者対応: ◯
身障者非対応: 
種別: 4.身障者対応(冬期未開放)</value>
          </Data>
          <Data name="冬期開放">
            <value/>
          </Data>
          <Data name="冬期未開放">
            <value>◯</value>
          </Data>
          <Data name="身障者対応">
            <value>◯</value>
          </Data>
          <Data name="身障者非対応">
            <value/>
          </Data>
          <Data name="種別">
            <value>4.身障者対応(冬期未開放)</value>
          </Data>
        </ExtendedData>
        <Point>
          <coordinates>
            141.334354,43.141485,0
          </coordinates>
        </Point>
      </Placemark>
      <Placemark>
        <name>百合が原公園</name>
        <description><![CDATA[説明: 冬期開放: <br>冬期未開放: ◯<br>身障者対応: ◯<br>身障者非対応: <br>種別: 4.身障者対応(冬期未開放)<br>冬期開放: <br>冬期未開放: ◯<br>身障者対応: ◯<br>身障者非対応: <br>種別: 4.身障者対応(冬期未開放)]]></description>
        <styleUrl>#icon-1735-1A237E</styleUrl>
        <ExtendedData>
          <Data name="説明">
            <value>冬期開放: 
冬期未開放: ◯
身障者対応: ◯
身障者非対応: 
種別: 4.身障者対応(冬期未開放)</value>
          </Data>
          <Data name="冬期開放">
            <value/>
          </Data>
          <Data name="冬期未開放">
            <value>◯</value>
          </Data>
          <Data name="身障者対応">
            <value>◯</value>
          </Data>
          <Data name="身障者非対応">
            <value/>
          </Data>
          <Data name="種別">
            <value>4.身障者対応(冬期未開放)</value>
          </Data>
        </ExtendedData>
        <Point>
          <coordinates>
            141.365747,43.130401,0
          </coordinates>
        </Point>
      </Placemark>
      <Placemark>
        <name>百合が原公園</name>
        <description><![CDATA[説明: 冬期開放: ◯<br>冬期未開放: <br>身障者対応: ◯<br>身障者非対応: <br>種別: 4.身障者対応(冬期未開放)<br>冬期開放: ◯<br>冬期未開放: <br>身障者対応: ◯<br>身障者非対応: <br>種別: 4.身障者対応(冬期未開放)]]></description>
        <styleUrl>#icon-1735-1A237E</styleUrl>
        <ExtendedData>
          <Data name="説明">
            <value>冬期開放: ◯
冬期未開放: 
身障者対応: ◯
身障者非対応: 
種別: 4.身障者対応(冬期未開放)</value>
          </Data>
          <Data name="冬期開放">
            <value>◯</value>
          </Data>
          <Data name="冬期未開放">
            <value/>
          </Data>
          <Data name="身障者対応">
            <value>◯</value>
          </Data>
          <Data name="身障者非対応">
            <value/>
          </Data>
          <Data name="種別">
            <value>4.身障者対応(冬期未開放)</value>
          </Data>
        </ExtendedData>
        <Point>
          <coordinates>
            141.3621518,43.126839,0
          </coordinates>
        </Point>
      </Placemark>
      <Placemark>
        <name>厚別中央公園</name>
        <description><![CDATA[説明: 冬期開放: ◯<br>冬期未開放: <br>身障者対応: ◯<br>身障者非対応: <br>種別: 3.身障者対応(冬期開放)<br>冬期開放: ◯<br>冬期未開放: <br>身障者対応: ◯<br>身障者非対応: <br>種別: 3.身障者対応(冬期開放)]]></description>
        <styleUrl>#icon-1735-A52714</styleUrl>
        <ExtendedData>
          <Data name="説明">
            <value>冬期開放: ◯
冬期未開放: 
身障者対応: ◯
身障者非対応: 
種別: 3.身障者対応(冬期開放)</value>
          </Data>
          <Data name="冬期開放">
            <value>◯</value>
          </Data>
          <Data name="冬期未開放">
            <value/>
          </Data>
          <Data name="身障者対応">
            <value>◯</value>
          </Data>
          <Data name="身障者非対応">
            <value/>
          </Data>
          <Data name="種別">
            <value>3.身障者対応(冬期開放)</value>
          </Data>
        </ExtendedData>
        <Point>
          <coordinates>
            141.46399,43.038352,0
          </coordinates>
        </Point>
      </Placemark>
      <Placemark>
        <name>小野幌くりの木公園</name>
        <description><![CDATA[説明: 冬期開放: ◯<br>冬期未開放: <br>身障者対応: ◯<br>身障者非対応: <br>種別: 3.身障者対応(冬期開放)<br>冬期開放: ◯<br>冬期未開放: <br>身障者対応: ◯<br>身障者非対応: <br>種別: 3.身障者対応(冬期開放)]]></description>
        <styleUrl>#icon-1735-A52714</styleUrl>
        <ExtendedData>
          <Data name="説明">
            <value>冬期開放: ◯
冬期未開放: 
身障者対応: ◯
身障者非対応: 
種別: 3.身障者対応(冬期開放)</value>
          </Data>
          <Data name="冬期開放">
            <value>◯</value>
          </Data>
          <Data name="冬期未開放">
            <value/>
          </Data>
          <Data name="身障者対応">
            <value>◯</value>
          </Data>
          <Data name="身障者非対応">
            <value/>
          </Data>
          <Data name="種別">
            <value>3.身障者対応(冬期開放)</value>
          </Data>
        </ExtendedData>
        <Point>
          <coordinates>
            141.485773,43.046921,0
          </coordinates>
        </Point>
      </Placemark>
      <Placemark>
        <name>科学舘公園</name>
        <description><![CDATA[説明: 冬期開放: ◯<br>冬期未開放: <br>身障者対応: ◯<br>身障者非対応: <br>種別: 3.身障者対応(冬期開放)<br>冬期開放: ◯<br>冬期未開放: <br>身障者対応: ◯<br>身障者非対応: <br>種別: 3.身障者対応(冬期開放)]]></description>
        <styleUrl>#icon-1735-A52714</styleUrl>
        <ExtendedData>
          <Data name="説明">
            <value>冬期開放: ◯
冬期未開放: 
身障者対応: ◯
身障者非対応: 
種別: 3.身障者対応(冬期開放)</value>
          </Data>
          <Data name="冬期開放">
            <value>◯</value>
          </Data>
          <Data name="冬期未開放">
            <value/>
          </Data>
          <Data name="身障者対応">
            <value>◯</value>
          </Data>
          <Data name="身障者非対応">
            <value/>
          </Data>
          <Data name="種別">
            <value>3.身障者対応(冬期開放)</value>
          </Data>
        </ExtendedData>
        <Point>
          <coordinates>
            141.473029,43.03536,0
          </coordinates>
        </Point>
      </Placemark>
      <Placemark>
        <name>厚別公園</name>
        <description><![CDATA[説明: 冬期開放: <br>冬期未開放: ◯<br>身障者対応: <br>身障者非対応: ◯<br>種別: 2.冬期未開放(身障者非対応)<br>冬期開放: <br>冬期未開放: ◯<br>身障者対応: <br>身障者非対応: ◯<br>種別: 2.冬期未開放(身障者非対応)]]></description>
        <styleUrl>#icon-1733-1A237E</styleUrl>
        <ExtendedData>
          <Data name="説明">
            <value>冬期開放: 
冬期未開放: ◯
身障者対応: 
身障者非対応: ◯
種別: 2.冬期未開放(身障者非対応)</value>
          </Data>
          <Data name="冬期開放">
            <value/>
          </Data>
          <Data name="冬期未開放">
            <value>◯</value>
          </Data>
          <Data name="身障者対応">
            <value/>
          </Data>
          <Data name="身障者非対応">
            <value>◯</value>
          </Data>
          <Data name="種別">
            <value>2.冬期未開放(身障者非対応)</value>
          </Data>
        </ExtendedData>
        <Point>
          <coordinates>
            141.463918,43.020708,0
          </coordinates>
        </Point>
      </Placemark>
      <Placemark>
        <name>厚別公園</name>
        <description><![CDATA[説明: 冬期開放: <br>冬期未開放: ◯<br>身障者対応: ◯<br>身障者非対応: <br>種別: 4.身障者対応(冬期未開放)<br>冬期開放: <br>冬期未開放: ◯<br>身障者対応: ◯<br>身障者非対応: <br>種別: 4.身障者対応(冬期未開放)]]></description>
        <styleUrl>#icon-1735-1A237E</styleUrl>
        <ExtendedData>
          <Data name="説明">
            <value>冬期開放: 
冬期未開放: ◯
身障者対応: ◯
身障者非対応: 
種別: 4.身障者対応(冬期未開放)</value>
          </Data>
          <Data name="冬期開放">
            <value/>
          </Data>
          <Data name="冬期未開放">
            <value>◯</value>
          </Data>
          <Data name="身障者対応">
            <value>◯</value>
          </Data>
          <Data name="身障者非対応">
            <value/>
          </Data>
          <Data name="種別">
            <value>4.身障者対応(冬期未開放)</value>
          </Data>
        </ExtendedData>
        <Point>
          <coordinates>
            141.463905,43.020591,0
          </coordinates>
        </Point>
      </Placemark>
      <Placemark>
        <name>もみじ台緑地</name>
        <description><![CDATA[説明: 冬期開放: <br>冬期未開放: ◯<br>身障者対応: ◯<br>身障者非対応: <br>種別: 4.身障者対応(冬期未開放)<br>冬期開放: <br>冬期未開放: ◯<br>身障者対応: ◯<br>身障者非対応: <br>種別: 4.身障者対応(冬期未開放)]]></description>
        <styleUrl>#icon-1735-1A237E</styleUrl>
        <ExtendedData>
          <Data name="説明">
            <value>冬期開放: 
冬期未開放: ◯
身障者対応: ◯
身障者非対応: 
種別: 4.身障者対応(冬期未開放)</value>
          </Data>
          <Data name="冬期開放">
            <value/>
          </Data>
          <Data name="冬期未開放">
            <value>◯</value>
          </Data>
          <Data name="身障者対応">
            <value>◯</value>
          </Data>
          <Data name="身障者非対応">
            <value/>
          </Data>
          <Data name="種別">
            <value>4.身障者対応(冬期未開放)</value>
          </Data>
        </ExtendedData>
        <Point>
          <coordinates>
            141.501251,43.021751,0
          </coordinates>
        </Point>
      </Placemark>
      <Placemark>
        <name>もみじ台緑地</name>
        <description><![CDATA[説明: 冬期開放: <br>冬期未開放: ◯<br>身障者対応: ◯<br>身障者非対応: <br>種別: 4.身障者対応(冬期未開放)<br>冬期開放: <br>冬期未開放: ◯<br>身障者対応: ◯<br>身障者非対応: <br>種別: 4.身障者対応(冬期未開放)]]></description>
        <styleUrl>#icon-1735-1A237E</styleUrl>
        <ExtendedData>
          <Data name="説明">
            <value>冬期開放: 
冬期未開放: ◯
身障者対応: ◯
身障者非対応: 
種別: 4.身障者対応(冬期未開放)</value>
          </Data>
          <Data name="冬期開放">
            <value/>
          </Data>
          <Data name="冬期未開放">
            <value>◯</value>
          </Data>
          <Data name="身障者対応">
            <value>◯</value>
          </Data>
          <Data name="身障者非対応">
            <value/>
          </Data>
          <Data name="種別">
            <value>4.身障者対応(冬期未開放)</value>
          </Data>
        </ExtendedData>
        <Point>
          <coordinates>
            141.501251,43.021751,0
          </coordinates>
        </Point>
      </Placemark>
      <Placemark>
        <name>上野幌西公園</name>
        <description><![CDATA[説明: 冬期開放: <br>冬期未開放: ◯<br>身障者対応: ◯<br>身障者非対応: <br>種別: 4.身障者対応(冬期未開放)<br>冬期開放: <br>冬期未開放: ◯<br>身障者対応: ◯<br>身障者非対応: <br>種別: 4.身障者対応(冬期未開放)]]></description>
        <styleUrl>#icon-1735-1A237E</styleUrl>
        <ExtendedData>
          <Data name="説明">
            <value>冬期開放: 
冬期未開放: ◯
身障者対応: ◯
身障者非対応: 
種別: 4.身障者対応(冬期未開放)</value>
          </Data>
          <Data name="冬期開放">
            <value/>
          </Data>
          <Data name="冬期未開放">
            <value>◯</value>
          </Data>
          <Data name="身障者対応">
            <value>◯</value>
          </Data>
          <Data name="身障者非対応">
            <value/>
          </Data>
          <Data name="種別">
            <value>4.身障者対応(冬期未開放)</value>
          </Data>
        </ExtendedData>
        <Point>
          <coordinates>
            141.466577,43.014561,0
          </coordinates>
        </Point>
      </Placemark>
      <Placemark>
        <name>もみじ台緑地</name>
        <description><![CDATA[説明: 冬期開放: <br>冬期未開放: ◯<br>身障者対応: ◯<br>身障者非対応: <br>種別: 4.身障者対応(冬期未開放)<br>冬期開放: <br>冬期未開放: ◯<br>身障者対応: ◯<br>身障者非対応: <br>種別: 4.身障者対応(冬期未開放)]]></description>
        <styleUrl>#icon-1735-1A237E</styleUrl>
        <ExtendedData>
          <Data name="説明">
            <value>冬期開放: 
冬期未開放: ◯
身障者対応: ◯
身障者非対応: 
種別: 4.身障者対応(冬期未開放)</value>
          </Data>
          <Data name="冬期開放">
            <value/>
          </Data>
          <Data name="冬期未開放">
            <value>◯</value>
          </Data>
          <Data name="身障者対応">
            <value>◯</value>
          </Data>
          <Data name="身障者非対応">
            <value/>
          </Data>
          <Data name="種別">
            <value>4.身障者対応(冬期未開放)</value>
          </Data>
        </ExtendedData>
        <Point>
          <coordinates>
            141.488202,43.023358,0
          </coordinates>
        </Point>
      </Placemark>
      <Placemark>
        <name>もみじ台緑地</name>
        <description><![CDATA[説明: 冬期開放: <br>冬期未開放: ◯<br>身障者対応: ◯<br>身障者非対応: <br>種別: 4.身障者対応(冬期未開放)<br>冬期開放: <br>冬期未開放: ◯<br>身障者対応: ◯<br>身障者非対応: <br>種別: 4.身障者対応(冬期未開放)]]></description>
        <styleUrl>#icon-1735-1A237E</styleUrl>
        <ExtendedData>
          <Data name="説明">
            <value>冬期開放: 
冬期未開放: ◯
身障者対応: ◯
身障者非対応: 
種別: 4.身障者対応(冬期未開放)</value>
          </Data>
          <Data name="冬期開放">
            <value/>
          </Data>
          <Data name="冬期未開放">
            <value>◯</value>
          </Data>
          <Data name="身障者対応">
            <value>◯</value>
          </Data>
          <Data name="身障者非対応">
            <value/>
          </Data>
          <Data name="種別">
            <value>4.身障者対応(冬期未開放)</value>
          </Data>
        </ExtendedData>
        <Point>
          <coordinates>
            141.488202,43.023358,0
          </coordinates>
        </Point>
      </Placemark>
      <Placemark>
        <name>厚別南公園</name>
        <description><![CDATA[説明: 冬期開放: ◯<br>冬期未開放: <br>身障者対応: ◯<br>身障者非対応: <br>種別: 3.身障者対応(冬期開放)<br>冬期開放: ◯<br>冬期未開放: <br>身障者対応: ◯<br>身障者非対応: <br>種別: 3.身障者対応(冬期開放)]]></description>
        <styleUrl>#icon-1735-A52714</styleUrl>
        <ExtendedData>
          <Data name="説明">
            <value>冬期開放: ◯
冬期未開放: 
身障者対応: ◯
身障者非対応: 
種別: 3.身障者対応(冬期開放)</value>
          </Data>
          <Data name="冬期開放">
            <value>◯</value>
          </Data>
          <Data name="冬期未開放">
            <value/>
          </Data>
          <Data name="身障者対応">
            <value>◯</value>
          </Data>
          <Data name="身障者非対応">
            <value/>
          </Data>
          <Data name="種別">
            <value>3.身障者対応(冬期開放)</value>
          </Data>
        </ExtendedData>
        <Point>
          <coordinates>
            141.475915,43.025273,0
          </coordinates>
        </Point>
      </Placemark>
      <Placemark>
        <name>大谷地流通団地東側緑地</name>
        <description><![CDATA[説明: 冬期開放: <br>冬期未開放: ◯<br>身障者対応: ◯<br>身障者非対応: <br>種別: 4.身障者対応(冬期未開放)<br>冬期開放: <br>冬期未開放: ◯<br>身障者対応: ◯<br>身障者非対応: <br>種別: 4.身障者対応(冬期未開放)]]></description>
        <styleUrl>#icon-1735-1A237E</styleUrl>
        <ExtendedData>
          <Data name="説明">
            <value>冬期開放: 
冬期未開放: ◯
身障者対応: ◯
身障者非対応: 
種別: 4.身障者対応(冬期未開放)</value>
          </Data>
          <Data name="冬期開放">
            <value/>
          </Data>
          <Data name="冬期未開放">
            <value>◯</value>
          </Data>
          <Data name="身障者対応">
            <value>◯</value>
          </Data>
          <Data name="身障者非対応">
            <value/>
          </Data>
          <Data name="種別">
            <value>4.身障者対応(冬期未開放)</value>
          </Data>
        </ExtendedData>
        <Point>
          <coordinates>
            141.457428,43.04171,0
          </coordinates>
        </Point>
      </Placemark>
      <Placemark>
        <name>厚別北若葉公園</name>
        <description><![CDATA[説明: 冬期開放: <br>冬期未開放: ◯<br>身障者対応: <br>身障者非対応: ◯<br>種別: 2.冬期未開放(身障者非対応)<br>冬期開放: <br>冬期未開放: ◯<br>身障者対応: <br>身障者非対応: ◯<br>種別: 2.冬期未開放(身障者非対応)]]></description>
        <styleUrl>#icon-1733-1A237E</styleUrl>
        <ExtendedData>
          <Data name="説明">
            <value>冬期開放: 
冬期未開放: ◯
身障者対応: 
身障者非対応: ◯
種別: 2.冬期未開放(身障者非対応)</value>
          </Data>
          <Data name="冬期開放">
            <value/>
          </Data>
          <Data name="冬期未開放">
            <value>◯</value>
          </Data>
          <Data name="身障者対応">
            <value/>
          </Data>
          <Data name="身障者非対応">
            <value>◯</value>
          </Data>
          <Data name="種別">
            <value>2.冬期未開放(身障者非対応)</value>
          </Data>
        </ExtendedData>
        <Point>
          <coordinates>
            141.478873,43.057104,0
          </coordinates>
        </Point>
      </Placemark>
      <Placemark>
        <name>上野幌中央公園</name>
        <description><![CDATA[説明: 冬期開放: ◯<br>冬期未開放: <br>身障者対応: ◯<br>身障者非対応: <br>種別: 3.身障者対応(冬期開放)<br>冬期開放: ◯<br>冬期未開放: <br>身障者対応: ◯<br>身障者非対応: <br>種別: 3.身障者対応(冬期開放)]]></description>
        <styleUrl>#icon-1735-A52714</styleUrl>
        <ExtendedData>
          <Data name="説明">
            <value>冬期開放: ◯
冬期未開放: 
身障者対応: ◯
身障者非対応: 
種別: 3.身障者対応(冬期開放)</value>
          </Data>
          <Data name="冬期開放">
            <value>◯</value>
          </Data>
          <Data name="冬期未開放">
            <value/>
          </Data>
          <Data name="身障者対応">
            <value>◯</value>
          </Data>
          <Data name="身障者非対応">
            <value/>
          </Data>
          <Data name="種別">
            <value>3.身障者対応(冬期開放)</value>
          </Data>
        </ExtendedData>
        <Point>
          <coordinates>
            141.4752725,43.0153473,0
          </coordinates>
        </Point>
      </Placemark>
      <Placemark>
        <name>上野幌公園</name>
        <description><![CDATA[説明: 冬期開放: ◯<br>冬期未開放: <br>身障者対応: <br>身障者非対応: ◯<br>種別: 1.冬期開放(身障者非対応)<br>冬期開放: ◯<br>冬期未開放: <br>身障者対応: <br>身障者非対応: ◯<br>種別: 1.冬期開放(身障者非対応)]]></description>
        <styleUrl>#icon-1733-A52714</styleUrl>
        <ExtendedData>
          <Data name="説明">
            <value>冬期開放: ◯
冬期未開放: 
身障者対応: 
身障者非対応: ◯
種別: 1.冬期開放(身障者非対応)</value>
          </Data>
          <Data name="冬期開放">
            <value>◯</value>
          </Data>
          <Data name="冬期未開放">
            <value/>
          </Data>
          <Data name="身障者対応">
            <value/>
          </Data>
          <Data name="身障者非対応">
            <value>◯</value>
          </Data>
          <Data name="種別">
            <value>1.冬期開放(身障者非対応)</value>
          </Data>
        </ExtendedData>
        <Point>
          <coordinates>
            141.472871,43.026015,0
          </coordinates>
        </Point>
      </Placemark>
      <Placemark>
        <name>もみじ台緑地</name>
        <description><![CDATA[説明: 冬期開放: <br>冬期未開放: ◯<br>身障者対応: <br>身障者非対応: ◯<br>種別: 2.冬期未開放(身障者非対応)<br>冬期開放: <br>冬期未開放: ◯<br>身障者対応: <br>身障者非対応: ◯<br>種別: 2.冬期未開放(身障者非対応)]]></description>
        <styleUrl>#icon-1733-1A237E</styleUrl>
        <ExtendedData>
          <Data name="説明">
            <value>冬期開放: 
冬期未開放: ◯
身障者対応: 
身障者非対応: ◯
種別: 2.冬期未開放(身障者非対応)</value>
          </Data>
          <Data name="冬期開放">
            <value/>
          </Data>
          <Data name="冬期未開放">
            <value>◯</value>
          </Data>
          <Data name="身障者対応">
            <value/>
          </Data>
          <Data name="身障者非対応">
            <value>◯</value>
          </Data>
          <Data name="種別">
            <value>2.冬期未開放(身障者非対応)</value>
          </Data>
        </ExtendedData>
        <Point>
          <coordinates>
            141.498461,43.038309,0
          </coordinates>
        </Point>
      </Placemark>
      <Placemark>
        <name>青葉緑地</name>
        <description><![CDATA[説明: 冬期開放: <br>冬期未開放: ◯<br>身障者対応: <br>身障者非対応: ◯<br>種別: 2.冬期未開放(身障者非対応)<br>冬期開放: <br>冬期未開放: ◯<br>身障者対応: <br>身障者非対応: ◯<br>種別: 2.冬期未開放(身障者非対応)]]></description>
        <styleUrl>#icon-1733-1A237E</styleUrl>
        <ExtendedData>
          <Data name="説明">
            <value>冬期開放: 
冬期未開放: ◯
身障者対応: 
身障者非対応: ◯
種別: 2.冬期未開放(身障者非対応)</value>
          </Data>
          <Data name="冬期開放">
            <value/>
          </Data>
          <Data name="冬期未開放">
            <value>◯</value>
          </Data>
          <Data name="身障者対応">
            <value/>
          </Data>
          <Data name="身障者非対応">
            <value>◯</value>
          </Data>
          <Data name="種別">
            <value>2.冬期未開放(身障者非対応)</value>
          </Data>
        </ExtendedData>
        <Point>
          <coordinates>
            141.478961,43.031933,0
          </coordinates>
        </Point>
      </Placemark>
      <Placemark>
        <name>厚別南緑地</name>
        <description><![CDATA[説明: 冬期開放: <br>冬期未開放: ◯<br>身障者対応: <br>身障者非対応: ◯<br>種別: 2.冬期未開放(身障者非対応)<br>冬期開放: <br>冬期未開放: ◯<br>身障者対応: <br>身障者非対応: ◯<br>種別: 2.冬期未開放(身障者非対応)]]></description>
        <styleUrl>#icon-1733-1A237E</styleUrl>
        <ExtendedData>
          <Data name="説明">
            <value>冬期開放: 
冬期未開放: ◯
身障者対応: 
身障者非対応: ◯
種別: 2.冬期未開放(身障者非対応)</value>
          </Data>
          <Data name="冬期開放">
            <value/>
          </Data>
          <Data name="冬期未開放">
            <value>◯</value>
          </Data>
          <Data name="身障者対応">
            <value/>
          </Data>
          <Data name="身障者非対応">
            <value>◯</value>
          </Data>
          <Data name="種別">
            <value>2.冬期未開放(身障者非対応)</value>
          </Data>
        </ExtendedData>
        <Point>
          <coordinates>
            141.480556,43.023084,0
          </coordinates>
        </Point>
      </Placemark>
      <Placemark>
        <name>青葉中央公園</name>
        <description><![CDATA[説明: 冬期開放: <br>冬期未開放: ◯<br>身障者対応: <br>身障者非対応: ◯<br>種別: 1.冬期開放(身障者非対応)<br>冬期開放: <br>冬期未開放: ◯<br>身障者対応: <br>身障者非対応: ◯<br>種別: 1.冬期開放(身障者非対応)]]></description>
        <styleUrl>#icon-1733-A52714</styleUrl>
        <ExtendedData>
          <Data name="説明">
            <value>冬期開放: 
冬期未開放: ◯
身障者対応: 
身障者非対応: ◯
種別: 1.冬期開放(身障者非対応)</value>
          </Data>
          <Data name="冬期開放">
            <value/>
          </Data>
          <Data name="冬期未開放">
            <value>◯</value>
          </Data>
          <Data name="身障者対応">
            <value/>
          </Data>
          <Data name="身障者非対応">
            <value>◯</value>
          </Data>
          <Data name="種別">
            <value>1.冬期開放(身障者非対応)</value>
          </Data>
        </ExtendedData>
        <Point>
          <coordinates>
            141.474439,43.031298,0
          </coordinates>
        </Point>
      </Placemark>
      <Placemark>
        <name>厚別西公園</name>
        <description><![CDATA[説明: 冬期開放: ◯<br>冬期未開放: <br>身障者対応: ◯<br>身障者非対応: <br>種別: 3.身障者対応(冬期開放)<br>冬期開放: ◯<br>冬期未開放: <br>身障者対応: ◯<br>身障者非対応: <br>種別: 3.身障者対応(冬期開放)]]></description>
        <styleUrl>#icon-1735-A52714</styleUrl>
        <ExtendedData>
          <Data name="説明">
            <value>冬期開放: ◯
冬期未開放: 
身障者対応: ◯
身障者非対応: 
種別: 3.身障者対応(冬期開放)</value>
          </Data>
          <Data name="冬期開放">
            <value>◯</value>
          </Data>
          <Data name="冬期未開放">
            <value/>
          </Data>
          <Data name="身障者対応">
            <value>◯</value>
          </Data>
          <Data name="身障者非対応">
            <value/>
          </Data>
          <Data name="種別">
            <value>3.身障者対応(冬期開放)</value>
          </Data>
        </ExtendedData>
        <Point>
          <coordinates>
            141.463194,43.049475,0
          </coordinates>
        </Point>
      </Placemark>
      <Placemark>
        <name>下野幌高台公園</name>
        <description><![CDATA[説明: 冬期開放: <br>冬期未開放: ◯<br>身障者対応: ◯<br>身障者非対応: <br>種別: 4.身障者対応(冬期未開放)<br>冬期開放: <br>冬期未開放: ◯<br>身障者対応: ◯<br>身障者非対応: <br>種別: 4.身障者対応(冬期未開放)]]></description>
        <styleUrl>#icon-1735-1A237E</styleUrl>
        <ExtendedData>
          <Data name="説明">
            <value>冬期開放: 
冬期未開放: ◯
身障者対応: ◯
身障者非対応: 
種別: 4.身障者対応(冬期未開放)</value>
          </Data>
          <Data name="冬期開放">
            <value/>
          </Data>
          <Data name="冬期未開放">
            <value>◯</value>
          </Data>
          <Data name="身障者対応">
            <value>◯</value>
          </Data>
          <Data name="身障者非対応">
            <value/>
          </Data>
          <Data name="種別">
            <value>4.身障者対応(冬期未開放)</value>
          </Data>
        </ExtendedData>
        <Point>
          <coordinates>
            141.485382,43.041925,0
          </coordinates>
        </Point>
      </Placemark>
      <Placemark>
        <name>厚別公園</name>
        <description><![CDATA[説明: 冬期開放: <br>冬期未開放: ◯<br>身障者対応: <br>身障者非対応: ◯<br>種別: 2.冬期未開放(身障者非対応)<br>冬期開放: <br>冬期未開放: ◯<br>身障者対応: <br>身障者非対応: ◯<br>種別: 2.冬期未開放(身障者非対応)]]></description>
        <styleUrl>#icon-1733-1A237E</styleUrl>
        <ExtendedData>
          <Data name="説明">
            <value>冬期開放: 
冬期未開放: ◯
身障者対応: 
身障者非対応: ◯
種別: 2.冬期未開放(身障者非対応)</value>
          </Data>
          <Data name="冬期開放">
            <value/>
          </Data>
          <Data name="冬期未開放">
            <value>◯</value>
          </Data>
          <Data name="身障者対応">
            <value/>
          </Data>
          <Data name="身障者非対応">
            <value>◯</value>
          </Data>
          <Data name="種別">
            <value>2.冬期未開放(身障者非対応)</value>
          </Data>
        </ExtendedData>
        <Point>
          <coordinates>
            141.465606,43.018001,0
          </coordinates>
        </Point>
      </Placemark>
      <Placemark>
        <name>もみじ台緑地</name>
        <description><![CDATA[説明: 冬期開放: <br>冬期未開放: ◯<br>身障者対応: <br>身障者非対応: ◯<br>種別: 2.冬期未開放(身障者非対応)<br>冬期開放: <br>冬期未開放: ◯<br>身障者対応: <br>身障者非対応: ◯<br>種別: 2.冬期未開放(身障者非対応)]]></description>
        <styleUrl>#icon-1733-1A237E</styleUrl>
        <ExtendedData>
          <Data name="説明">
            <value>冬期開放: 
冬期未開放: ◯
身障者対応: 
身障者非対応: ◯
種別: 2.冬期未開放(身障者非対応)</value>
          </Data>
          <Data name="冬期開放">
            <value/>
          </Data>
          <Data name="冬期未開放">
            <value>◯</value>
          </Data>
          <Data name="身障者対応">
            <value/>
          </Data>
          <Data name="身障者非対応">
            <value>◯</value>
          </Data>
          <Data name="種別">
            <value>2.冬期未開放(身障者非対応)</value>
          </Data>
        </ExtendedData>
        <Point>
          <coordinates>
            141.487383,43.02558,0
          </coordinates>
        </Point>
      </Placemark>
      <Placemark>
        <name>もみじ台緑地</name>
        <description><![CDATA[説明: 冬期開放: <br>冬期未開放: ◯<br>身障者対応: <br>身障者非対応: ◯<br>種別: 2.冬期未開放(身障者非対応)<br>冬期開放: <br>冬期未開放: ◯<br>身障者対応: <br>身障者非対応: ◯<br>種別: 2.冬期未開放(身障者非対応)]]></description>
        <styleUrl>#icon-1733-1A237E</styleUrl>
        <ExtendedData>
          <Data name="説明">
            <value>冬期開放: 
冬期未開放: ◯
身障者対応: 
身障者非対応: ◯
種別: 2.冬期未開放(身障者非対応)</value>
          </Data>
          <Data name="冬期開放">
            <value/>
          </Data>
          <Data name="冬期未開放">
            <value>◯</value>
          </Data>
          <Data name="身障者対応">
            <value/>
          </Data>
          <Data name="身障者非対応">
            <value>◯</value>
          </Data>
          <Data name="種別">
            <value>2.冬期未開放(身障者非対応)</value>
          </Data>
        </ExtendedData>
        <Point>
          <coordinates>
            141.499056,43.035134,0
          </coordinates>
        </Point>
      </Placemark>
      <Placemark>
        <name>大谷地の森公園</name>
        <description><![CDATA[説明: 冬期開放: <br>冬期未開放: ◯<br>身障者対応: <br>身障者非対応: ◯<br>種別: 2.冬期未開放(身障者非対応)<br>冬期開放: <br>冬期未開放: ◯<br>身障者対応: <br>身障者非対応: ◯<br>種別: 2.冬期未開放(身障者非対応)]]></description>
        <styleUrl>#icon-1733-1A237E</styleUrl>
        <ExtendedData>
          <Data name="説明">
            <value>冬期開放: 
冬期未開放: ◯
身障者対応: 
身障者非対応: ◯
種別: 2.冬期未開放(身障者非対応)</value>
          </Data>
          <Data name="冬期開放">
            <value/>
          </Data>
          <Data name="冬期未開放">
            <value>◯</value>
          </Data>
          <Data name="身障者対応">
            <value/>
          </Data>
          <Data name="身障者非対応">
            <value>◯</value>
          </Data>
          <Data name="種別">
            <value>2.冬期未開放(身障者非対応)</value>
          </Data>
        </ExtendedData>
        <Point>
          <coordinates>
            141.447334,43.022093,0
          </coordinates>
        </Point>
      </Placemark>
      <Placemark>
        <name>もみじ台南公園</name>
        <description><![CDATA[説明: 冬期開放: <br>冬期未開放: ◯<br>身障者対応: ◯<br>身障者非対応: <br>種別: 4.身障者対応(冬期未開放)<br>冬期開放: <br>冬期未開放: ◯<br>身障者対応: ◯<br>身障者非対応: <br>種別: 4.身障者対応(冬期未開放)]]></description>
        <styleUrl>#icon-1735-1A237E</styleUrl>
        <ExtendedData>
          <Data name="説明">
            <value>冬期開放: 
冬期未開放: ◯
身障者対応: ◯
身障者非対応: 
種別: 4.身障者対応(冬期未開放)</value>
          </Data>
          <Data name="冬期開放">
            <value/>
          </Data>
          <Data name="冬期未開放">
            <value>◯</value>
          </Data>
          <Data name="身障者対応">
            <value>◯</value>
          </Data>
          <Data name="身障者非対応">
            <value/>
          </Data>
          <Data name="種別">
            <value>4.身障者対応(冬期未開放)</value>
          </Data>
        </ExtendedData>
        <Point>
          <coordinates>
            141.497153,43.023861,0
          </coordinates>
        </Point>
      </Placemark>
      <Placemark>
        <name>熊の沢公園</name>
        <description><![CDATA[説明: 冬期開放: ◯<br>冬期未開放: <br>身障者対応: ◯<br>身障者非対応: <br>種別: 3.身障者対応(冬期開放)<br>冬期開放: ◯<br>冬期未開放: <br>身障者対応: ◯<br>身障者非対応: <br>種別: 3.身障者対応(冬期開放)]]></description>
        <styleUrl>#icon-1735-A52714</styleUrl>
        <ExtendedData>
          <Data name="説明">
            <value>冬期開放: ◯
冬期未開放: 
身障者対応: ◯
身障者非対応: 
種別: 3.身障者対応(冬期開放)</value>
          </Data>
          <Data name="冬期開放">
            <value>◯</value>
          </Data>
          <Data name="冬期未開放">
            <value/>
          </Data>
          <Data name="身障者対応">
            <value>◯</value>
          </Data>
          <Data name="身障者非対応">
            <value/>
          </Data>
          <Data name="種別">
            <value>3.身障者対応(冬期開放)</value>
          </Data>
        </ExtendedData>
        <Point>
          <coordinates>
            141.490212,43.030977,0
          </coordinates>
        </Point>
      </Placemark>
      <Placemark>
        <name>熊の沢公園</name>
        <description><![CDATA[説明: 冬期開放: ◯<br>冬期未開放: <br>身障者対応: ◯<br>身障者非対応: <br>種別: 4.身障者対応(冬期未開放)<br>冬期開放: ◯<br>冬期未開放: <br>身障者対応: ◯<br>身障者非対応: <br>種別: 4.身障者対応(冬期未開放)]]></description>
        <styleUrl>#icon-1735-1A237E</styleUrl>
        <ExtendedData>
          <Data name="説明">
            <value>冬期開放: ◯
冬期未開放: 
身障者対応: ◯
身障者非対応: 
種別: 4.身障者対応(冬期未開放)</value>
          </Data>
          <Data name="冬期開放">
            <value>◯</value>
          </Data>
          <Data name="冬期未開放">
            <value/>
          </Data>
          <Data name="身障者対応">
            <value>◯</value>
          </Data>
          <Data name="身障者非対応">
            <value/>
          </Data>
          <Data name="種別">
            <value>4.身障者対応(冬期未開放)</value>
          </Data>
        </ExtendedData>
        <Point>
          <coordinates>
            141.490212,43.030977,0
          </coordinates>
        </Point>
      </Placemark>
      <Placemark>
        <name>熊の沢公園</name>
        <description><![CDATA[説明: 冬期開放: ◯<br>冬期未開放: <br>身障者対応: ◯<br>身障者非対応: <br>種別: 3.身障者対応(冬期開放)<br>冬期開放: ◯<br>冬期未開放: <br>身障者対応: ◯<br>身障者非対応: <br>種別: 3.身障者対応(冬期開放)]]></description>
        <styleUrl>#icon-1735-A52714</styleUrl>
        <ExtendedData>
          <Data name="説明">
            <value>冬期開放: ◯
冬期未開放: 
身障者対応: ◯
身障者非対応: 
種別: 3.身障者対応(冬期開放)</value>
          </Data>
          <Data name="冬期開放">
            <value>◯</value>
          </Data>
          <Data name="冬期未開放">
            <value/>
          </Data>
          <Data name="身障者対応">
            <value>◯</value>
          </Data>
          <Data name="身障者非対応">
            <value/>
          </Data>
          <Data name="種別">
            <value>3.身障者対応(冬期開放)</value>
          </Data>
        </ExtendedData>
        <Point>
          <coordinates>
            141.49148,43.031157,0
          </coordinates>
        </Point>
      </Placemark>
      <Placemark>
        <name>熊の沢公園</name>
        <description><![CDATA[説明: 冬期開放: ◯<br>冬期未開放: <br>身障者対応: ◯<br>身障者非対応: <br>種別: 3.身障者対応(冬期開放)<br>冬期開放: ◯<br>冬期未開放: <br>身障者対応: ◯<br>身障者非対応: <br>種別: 3.身障者対応(冬期開放)]]></description>
        <styleUrl>#icon-1735-A52714</styleUrl>
        <ExtendedData>
          <Data name="説明">
            <value>冬期開放: ◯
冬期未開放: 
身障者対応: ◯
身障者非対応: 
種別: 3.身障者対応(冬期開放)</value>
          </Data>
          <Data name="冬期開放">
            <value>◯</value>
          </Data>
          <Data name="冬期未開放">
            <value/>
          </Data>
          <Data name="身障者対応">
            <value>◯</value>
          </Data>
          <Data name="身障者非対応">
            <value/>
          </Data>
          <Data name="種別">
            <value>3.身障者対応(冬期開放)</value>
          </Data>
        </ExtendedData>
        <Point>
          <coordinates>
            141.49148,43.031157,0
          </coordinates>
        </Point>
      </Placemark>
      <Placemark>
        <name>青葉中央公園</name>
        <description><![CDATA[説明: 冬期開放: ◯<br>冬期未開放: <br>身障者対応: <br>身障者非対応: ◯<br>種別: 4.身障者対応(冬期未開放)<br>冬期開放: ◯<br>冬期未開放: <br>身障者対応: <br>身障者非対応: ◯<br>種別: 4.身障者対応(冬期未開放)]]></description>
        <styleUrl>#icon-1735-1A237E</styleUrl>
        <ExtendedData>
          <Data name="説明">
            <value>冬期開放: ◯
冬期未開放: 
身障者対応: 
身障者非対応: ◯
種別: 4.身障者対応(冬期未開放)</value>
          </Data>
          <Data name="冬期開放">
            <value>◯</value>
          </Data>
          <Data name="冬期未開放">
            <value/>
          </Data>
          <Data name="身障者対応">
            <value/>
          </Data>
          <Data name="身障者非対応">
            <value>◯</value>
          </Data>
          <Data name="種別">
            <value>4.身障者対応(冬期未開放)</value>
          </Data>
        </ExtendedData>
        <Point>
          <coordinates>
            141.475091,43.0311,0
          </coordinates>
        </Point>
      </Placemark>
      <Placemark>
        <name>下手稲公園</name>
        <description><![CDATA[説明: 冬期開放: <br>冬期未開放: ◯<br>身障者対応: <br>身障者非対応: ◯<br>種別: 2.冬期未開放(身障者非対応)<br>冬期開放: <br>冬期未開放: ◯<br>身障者対応: <br>身障者非対応: ◯<br>種別: 2.冬期未開放(身障者非対応)]]></description>
        <styleUrl>#icon-1733-1A237E</styleUrl>
        <ExtendedData>
          <Data name="説明">
            <value>冬期開放: 
冬期未開放: ◯
身障者対応: 
身障者非対応: ◯
種別: 2.冬期未開放(身障者非対応)</value>
          </Data>
          <Data name="冬期開放">
            <value/>
          </Data>
          <Data name="冬期未開放">
            <value>◯</value>
          </Data>
          <Data name="身障者対応">
            <value/>
          </Data>
          <Data name="身障者非対応">
            <value>◯</value>
          </Data>
          <Data name="種別">
            <value>2.冬期未開放(身障者非対応)</value>
          </Data>
        </ExtendedData>
        <Point>
          <coordinates>
            141.249614,43.12809,0
          </coordinates>
        </Point>
      </Placemark>
      <Placemark>
        <name>前田西公園</name>
        <description><![CDATA[説明: 冬期開放: <br>冬期未開放: ◯<br>身障者対応: <br>身障者非対応: ◯<br>種別: 2.冬期未開放(身障者非対応)<br>冬期開放: <br>冬期未開放: ◯<br>身障者対応: <br>身障者非対応: ◯<br>種別: 2.冬期未開放(身障者非対応)]]></description>
        <styleUrl>#icon-1733-1A237E</styleUrl>
        <ExtendedData>
          <Data name="説明">
            <value>冬期開放: 
冬期未開放: ◯
身障者対応: 
身障者非対応: ◯
種別: 2.冬期未開放(身障者非対応)</value>
          </Data>
          <Data name="冬期開放">
            <value/>
          </Data>
          <Data name="冬期未開放">
            <value>◯</value>
          </Data>
          <Data name="身障者対応">
            <value/>
          </Data>
          <Data name="身障者非対応">
            <value>◯</value>
          </Data>
          <Data name="種別">
            <value>2.冬期未開放(身障者非対応)</value>
          </Data>
        </ExtendedData>
        <Point>
          <coordinates>
            141.253309,43.135791,0
          </coordinates>
        </Point>
      </Placemark>
      <Placemark>
        <name>前田森林公園</name>
        <description><![CDATA[説明: 冬期開放: <br>冬期未開放: ◯<br>身障者対応: <br>身障者非対応: ◯<br>種別: 2.冬期未開放(身障者非対応)<br>冬期開放: <br>冬期未開放: ◯<br>身障者対応: <br>身障者非対応: ◯<br>種別: 2.冬期未開放(身障者非対応)]]></description>
        <styleUrl>#icon-1733-1A237E</styleUrl>
        <ExtendedData>
          <Data name="説明">
            <value>冬期開放: 
冬期未開放: ◯
身障者対応: 
身障者非対応: ◯
種別: 2.冬期未開放(身障者非対応)</value>
          </Data>
          <Data name="冬期開放">
            <value/>
          </Data>
          <Data name="冬期未開放">
            <value>◯</value>
          </Data>
          <Data name="身障者対応">
            <value/>
          </Data>
          <Data name="身障者非対応">
            <value>◯</value>
          </Data>
          <Data name="種別">
            <value>2.冬期未開放(身障者非対応)</value>
          </Data>
        </ExtendedData>
        <Point>
          <coordinates>
            141.255314,43.145355,0
          </coordinates>
        </Point>
      </Placemark>
      <Placemark>
        <name>三樽別河畔緑地</name>
        <description><![CDATA[説明: 冬期開放: <br>冬期未開放: ◯<br>身障者対応: <br>身障者非対応: ◯<br>種別: 2.冬期未開放(身障者非対応)<br>冬期開放: <br>冬期未開放: ◯<br>身障者対応: <br>身障者非対応: ◯<br>種別: 2.冬期未開放(身障者非対応)]]></description>
        <styleUrl>#icon-1733-1A237E</styleUrl>
        <ExtendedData>
          <Data name="説明">
            <value>冬期開放: 
冬期未開放: ◯
身障者対応: 
身障者非対応: ◯
種別: 2.冬期未開放(身障者非対応)</value>
          </Data>
          <Data name="冬期開放">
            <value/>
          </Data>
          <Data name="冬期未開放">
            <value>◯</value>
          </Data>
          <Data name="身障者対応">
            <value/>
          </Data>
          <Data name="身障者非対応">
            <value>◯</value>
          </Data>
          <Data name="種別">
            <value>2.冬期未開放(身障者非対応)</value>
          </Data>
        </ExtendedData>
        <Point>
          <coordinates>
            141.239777,43.109475,0
          </coordinates>
        </Point>
      </Placemark>
      <Placemark>
        <name>富丘東公園</name>
        <description><![CDATA[説明: 冬期開放: <br>冬期未開放: ◯<br>身障者対応: <br>身障者非対応: ◯<br>種別: 2.冬期未開放(身障者非対応)<br>冬期開放: <br>冬期未開放: ◯<br>身障者対応: <br>身障者非対応: ◯<br>種別: 2.冬期未開放(身障者非対応)]]></description>
        <styleUrl>#icon-1733-1A237E</styleUrl>
        <ExtendedData>
          <Data name="説明">
            <value>冬期開放: 
冬期未開放: ◯
身障者対応: 
身障者非対応: ◯
種別: 2.冬期未開放(身障者非対応)</value>
          </Data>
          <Data name="冬期開放">
            <value/>
          </Data>
          <Data name="冬期未開放">
            <value>◯</value>
          </Data>
          <Data name="身障者対応">
            <value/>
          </Data>
          <Data name="身障者非対応">
            <value>◯</value>
          </Data>
          <Data name="種別">
            <value>2.冬期未開放(身障者非対応)</value>
          </Data>
        </ExtendedData>
        <Point>
          <coordinates>
            141.257839,43.109947,0
          </coordinates>
        </Point>
      </Placemark>
      <Placemark>
        <name>曙西緑地</name>
        <description><![CDATA[説明: 冬期開放: <br>冬期未開放: ◯<br>身障者対応: <br>身障者非対応: ◯<br>種別: 2.冬期未開放(身障者非対応)<br>冬期開放: <br>冬期未開放: ◯<br>身障者対応: <br>身障者非対応: ◯<br>種別: 2.冬期未開放(身障者非対応)]]></description>
        <styleUrl>#icon-1733-1A237E</styleUrl>
        <ExtendedData>
          <Data name="説明">
            <value>冬期開放: 
冬期未開放: ◯
身障者対応: 
身障者非対応: ◯
種別: 2.冬期未開放(身障者非対応)</value>
          </Data>
          <Data name="冬期開放">
            <value/>
          </Data>
          <Data name="冬期未開放">
            <value>◯</value>
          </Data>
          <Data name="身障者対応">
            <value/>
          </Data>
          <Data name="身障者非対応">
            <value>◯</value>
          </Data>
          <Data name="種別">
            <value>2.冬期未開放(身障者非対応)</value>
          </Data>
        </ExtendedData>
        <Point>
          <coordinates>
            141.222979,43.132585,0
          </coordinates>
        </Point>
      </Placemark>
      <Placemark>
        <name>富丘西公園</name>
        <description><![CDATA[説明: 冬期開放: <br>冬期未開放: ◯<br>身障者対応: <br>身障者非対応: ◯<br>種別: 2.冬期未開放(身障者非対応)<br>冬期開放: <br>冬期未開放: ◯<br>身障者対応: <br>身障者非対応: ◯<br>種別: 2.冬期未開放(身障者非対応)]]></description>
        <styleUrl>#icon-1733-1A237E</styleUrl>
        <ExtendedData>
          <Data name="説明">
            <value>冬期開放: 
冬期未開放: ◯
身障者対応: 
身障者非対応: ◯
種別: 2.冬期未開放(身障者非対応)</value>
          </Data>
          <Data name="冬期開放">
            <value/>
          </Data>
          <Data name="冬期未開放">
            <value>◯</value>
          </Data>
          <Data name="身障者対応">
            <value/>
          </Data>
          <Data name="身障者非対応">
            <value>◯</value>
          </Data>
          <Data name="種別">
            <value>2.冬期未開放(身障者非対応)</value>
          </Data>
        </ExtendedData>
        <Point>
          <coordinates>
            141.243649,43.109514,0
          </coordinates>
        </Point>
      </Placemark>
      <Placemark>
        <name>富丘西公園</name>
        <description><![CDATA[説明: 冬期開放: <br>冬期未開放: ◯<br>身障者対応: <br>身障者非対応: ◯<br>種別: 2.冬期未開放(身障者非対応)<br>冬期開放: <br>冬期未開放: ◯<br>身障者対応: <br>身障者非対応: ◯<br>種別: 2.冬期未開放(身障者非対応)]]></description>
        <styleUrl>#icon-1733-1A237E</styleUrl>
        <ExtendedData>
          <Data name="説明">
            <value>冬期開放: 
冬期未開放: ◯
身障者対応: 
身障者非対応: ◯
種別: 2.冬期未開放(身障者非対応)</value>
          </Data>
          <Data name="冬期開放">
            <value/>
          </Data>
          <Data name="冬期未開放">
            <value>◯</value>
          </Data>
          <Data name="身障者対応">
            <value/>
          </Data>
          <Data name="身障者非対応">
            <value>◯</value>
          </Data>
          <Data name="種別">
            <value>2.冬期未開放(身障者非対応)</value>
          </Data>
        </ExtendedData>
        <Point>
          <coordinates>
            141.245267,43.110331,0
          </coordinates>
        </Point>
      </Placemark>
      <Placemark>
        <name>星観緑地</name>
        <description><![CDATA[説明: 冬期開放: <br>冬期未開放: ◯<br>身障者対応: <br>身障者非対応: ◯<br>種別: 2.冬期未開放(身障者非対応)<br>冬期開放: <br>冬期未開放: ◯<br>身障者対応: <br>身障者非対応: ◯<br>種別: 2.冬期未開放(身障者非対応)]]></description>
        <styleUrl>#icon-1733-1A237E</styleUrl>
        <ExtendedData>
          <Data name="説明">
            <value>冬期開放: 
冬期未開放: ◯
身障者対応: 
身障者非対応: ◯
種別: 2.冬期未開放(身障者非対応)</value>
          </Data>
          <Data name="冬期開放">
            <value/>
          </Data>
          <Data name="冬期未開放">
            <value>◯</value>
          </Data>
          <Data name="身障者対応">
            <value/>
          </Data>
          <Data name="身障者非対応">
            <value>◯</value>
          </Data>
          <Data name="種別">
            <value>2.冬期未開放(身障者非対応)</value>
          </Data>
        </ExtendedData>
        <Point>
          <coordinates>
            141.191531,43.135171,0
          </coordinates>
        </Point>
      </Placemark>
      <Placemark>
        <name>ていねやまのは緑地</name>
        <description><![CDATA[説明: 冬期開放: <br>冬期未開放: ◯<br>身障者対応: <br>身障者非対応: ◯<br>種別: 2.冬期未開放(身障者非対応)<br>冬期開放: <br>冬期未開放: ◯<br>身障者対応: <br>身障者非対応: ◯<br>種別: 2.冬期未開放(身障者非対応)]]></description>
        <styleUrl>#icon-1733-1A237E</styleUrl>
        <ExtendedData>
          <Data name="説明">
            <value>冬期開放: 
冬期未開放: ◯
身障者対応: 
身障者非対応: ◯
種別: 2.冬期未開放(身障者非対応)</value>
          </Data>
          <Data name="冬期開放">
            <value/>
          </Data>
          <Data name="冬期未開放">
            <value>◯</value>
          </Data>
          <Data name="身障者対応">
            <value/>
          </Data>
          <Data name="身障者非対応">
            <value>◯</value>
          </Data>
          <Data name="種別">
            <value>2.冬期未開放(身障者非対応)</value>
          </Data>
        </ExtendedData>
        <Point>
          <coordinates>
            141.236798,43.116056,0
          </coordinates>
        </Point>
      </Placemark>
      <Placemark>
        <name>稲穂ひだまり公園</name>
        <description><![CDATA[説明: 冬期開放: <br>冬期未開放: ◯<br>身障者対応: <br>身障者非対応: ◯<br>種別: 2.冬期未開放(身障者非対応)<br>冬期開放: <br>冬期未開放: ◯<br>身障者対応: <br>身障者非対応: ◯<br>種別: 2.冬期未開放(身障者非対応)]]></description>
        <styleUrl>#icon-1733-1A237E</styleUrl>
        <ExtendedData>
          <Data name="説明">
            <value>冬期開放: 
冬期未開放: ◯
身障者対応: 
身障者非対応: ◯
種別: 2.冬期未開放(身障者非対応)</value>
          </Data>
          <Data name="冬期開放">
            <value/>
          </Data>
          <Data name="冬期未開放">
            <value>◯</value>
          </Data>
          <Data name="身障者対応">
            <value/>
          </Data>
          <Data name="身障者非対応">
            <value>◯</value>
          </Data>
          <Data name="種別">
            <value>2.冬期未開放(身障者非対応)</value>
          </Data>
        </ExtendedData>
        <Point>
          <coordinates>
            141.231685,43.119517,0
          </coordinates>
        </Point>
      </Placemark>
      <Placemark>
        <name>富丘三樽別公園</name>
        <description><![CDATA[説明: 冬期開放: <br>冬期未開放: ◯<br>身障者対応: <br>身障者非対応: ◯<br>種別: 2.冬期未開放(身障者非対応)<br>冬期開放: <br>冬期未開放: ◯<br>身障者対応: <br>身障者非対応: ◯<br>種別: 2.冬期未開放(身障者非対応)]]></description>
        <styleUrl>#icon-1733-1A237E</styleUrl>
        <ExtendedData>
          <Data name="説明">
            <value>冬期開放: 
冬期未開放: ◯
身障者対応: 
身障者非対応: ◯
種別: 2.冬期未開放(身障者非対応)</value>
          </Data>
          <Data name="冬期開放">
            <value/>
          </Data>
          <Data name="冬期未開放">
            <value>◯</value>
          </Data>
          <Data name="身障者対応">
            <value/>
          </Data>
          <Data name="身障者非対応">
            <value>◯</value>
          </Data>
          <Data name="種別">
            <value>2.冬期未開放(身障者非対応)</value>
          </Data>
        </ExtendedData>
        <Point>
          <coordinates>
            141.252758,43.11168,0
          </coordinates>
        </Point>
      </Placemark>
      <Placemark>
        <name>富丘南公園</name>
        <description><![CDATA[説明: 冬期開放: <br>冬期未開放: ◯<br>身障者対応: <br>身障者非対応: ◯<br>種別: 2.冬期未開放(身障者非対応)<br>冬期開放: <br>冬期未開放: ◯<br>身障者対応: <br>身障者非対応: ◯<br>種別: 2.冬期未開放(身障者非対応)]]></description>
        <styleUrl>#icon-1733-1A237E</styleUrl>
        <ExtendedData>
          <Data name="説明">
            <value>冬期開放: 
冬期未開放: ◯
身障者対応: 
身障者非対応: ◯
種別: 2.冬期未開放(身障者非対応)</value>
          </Data>
          <Data name="冬期開放">
            <value/>
          </Data>
          <Data name="冬期未開放">
            <value>◯</value>
          </Data>
          <Data name="身障者対応">
            <value/>
          </Data>
          <Data name="身障者非対応">
            <value>◯</value>
          </Data>
          <Data name="種別">
            <value>2.冬期未開放(身障者非対応)</value>
          </Data>
        </ExtendedData>
        <Point>
          <coordinates>
            141.24671,43.102188,0
          </coordinates>
        </Point>
      </Placemark>
      <Placemark>
        <name>宮の沢公園</name>
        <description><![CDATA[説明: 冬期開放: <br>冬期未開放: ◯<br>身障者対応: <br>身障者非対応: ◯<br>種別: 2.冬期未開放(身障者非対応)<br>冬期開放: <br>冬期未開放: ◯<br>身障者対応: <br>身障者非対応: ◯<br>種別: 2.冬期未開放(身障者非対応)]]></description>
        <styleUrl>#icon-1733-1A237E</styleUrl>
        <ExtendedData>
          <Data name="説明">
            <value>冬期開放: 
冬期未開放: ◯
身障者対応: 
身障者非対応: ◯
種別: 2.冬期未開放(身障者非対応)</value>
          </Data>
          <Data name="冬期開放">
            <value/>
          </Data>
          <Data name="冬期未開放">
            <value>◯</value>
          </Data>
          <Data name="身障者対応">
            <value/>
          </Data>
          <Data name="身障者非対応">
            <value>◯</value>
          </Data>
          <Data name="種別">
            <value>2.冬期未開放(身障者非対応)</value>
          </Data>
        </ExtendedData>
        <Point>
          <coordinates>
            141.256433,43.096026,0
          </coordinates>
        </Point>
      </Placemark>
      <Placemark>
        <name>稲穂公園</name>
        <description><![CDATA[説明: 冬期開放: <br>冬期未開放: ◯<br>身障者対応: <br>身障者非対応: ◯<br>種別: 2.冬期未開放(身障者非対応)<br>冬期開放: <br>冬期未開放: ◯<br>身障者対応: <br>身障者非対応: ◯<br>種別: 2.冬期未開放(身障者非対応)]]></description>
        <styleUrl>#icon-1733-1A237E</styleUrl>
        <ExtendedData>
          <Data name="説明">
            <value>冬期開放: 
冬期未開放: ◯
身障者対応: 
身障者非対応: ◯
種別: 2.冬期未開放(身障者非対応)</value>
          </Data>
          <Data name="冬期開放">
            <value/>
          </Data>
          <Data name="冬期未開放">
            <value>◯</value>
          </Data>
          <Data name="身障者対応">
            <value/>
          </Data>
          <Data name="身障者非対応">
            <value>◯</value>
          </Data>
          <Data name="種別">
            <value>2.冬期未開放(身障者非対応)</value>
          </Data>
        </ExtendedData>
        <Point>
          <coordinates>
            141.224852,43.125473,0
          </coordinates>
        </Point>
      </Placemark>
      <Placemark>
        <name>明日風公園</name>
        <description><![CDATA[説明: 冬期開放: <br>冬期未開放: ◯<br>身障者対応: ◯<br>身障者非対応: <br>種別: 4.身障者対応(冬期未開放)<br>冬期開放: <br>冬期未開放: ◯<br>身障者対応: ◯<br>身障者非対応: <br>種別: 4.身障者対応(冬期未開放)]]></description>
        <styleUrl>#icon-1735-1A237E</styleUrl>
        <ExtendedData>
          <Data name="説明">
            <value>冬期開放: 
冬期未開放: ◯
身障者対応: ◯
身障者非対応: 
種別: 4.身障者対応(冬期未開放)</value>
          </Data>
          <Data name="冬期開放">
            <value/>
          </Data>
          <Data name="冬期未開放">
            <value>◯</value>
          </Data>
          <Data name="身障者対応">
            <value>◯</value>
          </Data>
          <Data name="身障者非対応">
            <value/>
          </Data>
          <Data name="種別">
            <value>4.身障者対応(冬期未開放)</value>
          </Data>
        </ExtendedData>
        <Point>
          <coordinates>
            141.228957,43.138793,0
          </coordinates>
        </Point>
      </Placemark>
      <Placemark>
        <name>明日風公園</name>
        <description><![CDATA[説明: 冬期開放: ◯<br>冬期未開放: <br>身障者対応: ◯<br>身障者非対応: <br>種別: 3.身障者対応(冬期開放)<br>冬期開放: ◯<br>冬期未開放: <br>身障者対応: ◯<br>身障者非対応: <br>種別: 3.身障者対応(冬期開放)]]></description>
        <styleUrl>#icon-1735-A52714</styleUrl>
        <ExtendedData>
          <Data name="説明">
            <value>冬期開放: ◯
冬期未開放: 
身障者対応: ◯
身障者非対応: 
種別: 3.身障者対応(冬期開放)</value>
          </Data>
          <Data name="冬期開放">
            <value>◯</value>
          </Data>
          <Data name="冬期未開放">
            <value/>
          </Data>
          <Data name="身障者対応">
            <value>◯</value>
          </Data>
          <Data name="身障者非対応">
            <value/>
          </Data>
          <Data name="種別">
            <value>3.身障者対応(冬期開放)</value>
          </Data>
        </ExtendedData>
        <Point>
          <coordinates>
            141.229737,43.140373,0
          </coordinates>
        </Point>
      </Placemark>
      <Placemark>
        <name>手稲緑道</name>
        <description><![CDATA[説明: 冬期開放: ◯<br>冬期未開放: <br>身障者対応: ◯<br>身障者非対応: <br>種別: 3.身障者対応(冬期開放)<br>冬期開放: ◯<br>冬期未開放: <br>身障者対応: ◯<br>身障者非対応: <br>種別: 3.身障者対応(冬期開放)]]></description>
        <styleUrl>#icon-1735-A52714</styleUrl>
        <ExtendedData>
          <Data name="説明">
            <value>冬期開放: ◯
冬期未開放: 
身障者対応: ◯
身障者非対応: 
種別: 3.身障者対応(冬期開放)</value>
          </Data>
          <Data name="冬期開放">
            <value>◯</value>
          </Data>
          <Data name="冬期未開放">
            <value/>
          </Data>
          <Data name="身障者対応">
            <value>◯</value>
          </Data>
          <Data name="身障者非対応">
            <value/>
          </Data>
          <Data name="種別">
            <value>3.身障者対応(冬期開放)</value>
          </Data>
        </ExtendedData>
        <Point>
          <coordinates>
            141.241858,43.123044,0
          </coordinates>
        </Point>
      </Placemark>
      <Placemark>
        <name>星置西公園</name>
        <description><![CDATA[説明: 冬期開放: <br>冬期未開放: ◯<br>身障者対応: ◯<br>身障者非対応: <br>種別: 4.身障者対応(冬期未開放)<br>冬期開放: <br>冬期未開放: ◯<br>身障者対応: ◯<br>身障者非対応: <br>種別: 4.身障者対応(冬期未開放)]]></description>
        <styleUrl>#icon-1735-1A237E</styleUrl>
        <ExtendedData>
          <Data name="説明">
            <value>冬期開放: 
冬期未開放: ◯
身障者対応: ◯
身障者非対応: 
種別: 4.身障者対応(冬期未開放)</value>
          </Data>
          <Data name="冬期開放">
            <value/>
          </Data>
          <Data name="冬期未開放">
            <value>◯</value>
          </Data>
          <Data name="身障者対応">
            <value>◯</value>
          </Data>
          <Data name="身障者非対応">
            <value/>
          </Data>
          <Data name="種別">
            <value>4.身障者対応(冬期未開放)</value>
          </Data>
        </ExtendedData>
        <Point>
          <coordinates>
            141.193365,43.137157,0
          </coordinates>
        </Point>
      </Placemark>
      <Placemark>
        <name>西宮の沢公園</name>
        <description><![CDATA[説明: 冬期開放: <br>冬期未開放: ◯<br>身障者対応: ◯<br>身障者非対応: <br>種別: 4.身障者対応(冬期未開放)<br>冬期開放: <br>冬期未開放: ◯<br>身障者対応: ◯<br>身障者非対応: <br>種別: 4.身障者対応(冬期未開放)]]></description>
        <styleUrl>#icon-1735-1A237E</styleUrl>
        <ExtendedData>
          <Data name="説明">
            <value>冬期開放: 
冬期未開放: ◯
身障者対応: ◯
身障者非対応: 
種別: 4.身障者対応(冬期未開放)</value>
          </Data>
          <Data name="冬期開放">
            <value/>
          </Data>
          <Data name="冬期未開放">
            <value>◯</value>
          </Data>
          <Data name="身障者対応">
            <value>◯</value>
          </Data>
          <Data name="身障者非対応">
            <value/>
          </Data>
          <Data name="種別">
            <value>4.身障者対応(冬期未開放)</value>
          </Data>
        </ExtendedData>
        <Point>
          <coordinates>
            141.260613,43.100789,0
          </coordinates>
        </Point>
      </Placemark>
      <Placemark>
        <name>山口団地緑地</name>
        <description><![CDATA[説明: 冬期開放: <br>冬期未開放: ◯<br>身障者対応: ◯<br>身障者非対応: <br>種別: 4.身障者対応(冬期未開放)<br>冬期開放: <br>冬期未開放: ◯<br>身障者対応: ◯<br>身障者非対応: <br>種別: 4.身障者対応(冬期未開放)]]></description>
        <styleUrl>#icon-1735-1A237E</styleUrl>
        <ExtendedData>
          <Data name="説明">
            <value>冬期開放: 
冬期未開放: ◯
身障者対応: ◯
身障者非対応: 
種別: 4.身障者対応(冬期未開放)</value>
          </Data>
          <Data name="冬期開放">
            <value/>
          </Data>
          <Data name="冬期未開放">
            <value>◯</value>
          </Data>
          <Data name="身障者対応">
            <value>◯</value>
          </Data>
          <Data name="身障者非対応">
            <value/>
          </Data>
          <Data name="種別">
            <value>4.身障者対応(冬期未開放)</value>
          </Data>
        </ExtendedData>
        <Point>
          <coordinates>
            141.235827,43.14961,0
          </coordinates>
        </Point>
      </Placemark>
      <Placemark>
        <name>星観緑地</name>
        <description><![CDATA[説明: 冬期開放: <br>冬期未開放: ◯<br>身障者対応: ◯<br>身障者非対応: <br>種別: 4.身障者対応(冬期未開放)<br>冬期開放: <br>冬期未開放: ◯<br>身障者対応: ◯<br>身障者非対応: <br>種別: 4.身障者対応(冬期未開放)]]></description>
        <styleUrl>#icon-1735-1A237E</styleUrl>
        <ExtendedData>
          <Data name="説明">
            <value>冬期開放: 
冬期未開放: ◯
身障者対応: ◯
身障者非対応: 
種別: 4.身障者対応(冬期未開放)</value>
          </Data>
          <Data name="冬期開放">
            <value/>
          </Data>
          <Data name="冬期未開放">
            <value>◯</value>
          </Data>
          <Data name="身障者対応">
            <value>◯</value>
          </Data>
          <Data name="身障者非対応">
            <value/>
          </Data>
          <Data name="種別">
            <value>4.身障者対応(冬期未開放)</value>
          </Data>
        </ExtendedData>
        <Point>
          <coordinates>
            141.188995,43.136508,0
          </coordinates>
        </Point>
      </Placemark>
      <Placemark>
        <name>金山公園</name>
        <description><![CDATA[説明: 冬期開放: <br>冬期未開放: ◯<br>身障者対応: ◯<br>身障者非対応: <br>種別: 4.身障者対応(冬期未開放)<br>冬期開放: <br>冬期未開放: ◯<br>身障者対応: ◯<br>身障者非対応: <br>種別: 4.身障者対応(冬期未開放)]]></description>
        <styleUrl>#icon-1735-1A237E</styleUrl>
        <ExtendedData>
          <Data name="説明">
            <value>冬期開放: 
冬期未開放: ◯
身障者対応: ◯
身障者非対応: 
種別: 4.身障者対応(冬期未開放)</value>
          </Data>
          <Data name="冬期開放">
            <value/>
          </Data>
          <Data name="冬期未開放">
            <value>◯</value>
          </Data>
          <Data name="身障者対応">
            <value>◯</value>
          </Data>
          <Data name="身障者非対応">
            <value/>
          </Data>
          <Data name="種別">
            <value>4.身障者対応(冬期未開放)</value>
          </Data>
        </ExtendedData>
        <Point>
          <coordinates>
            141.2050431,43.1261873,0
          </coordinates>
        </Point>
      </Placemark>
      <Placemark>
        <name>山口公園</name>
        <description><![CDATA[説明: 冬期開放: ◯<br>冬期未開放: <br>身障者対応: ◯<br>身障者非対応: <br>種別: 3.身障者対応(冬期開放)<br>冬期開放: ◯<br>冬期未開放: <br>身障者対応: ◯<br>身障者非対応: <br>種別: 3.身障者対応(冬期開放)]]></description>
        <styleUrl>#icon-1735-A52714</styleUrl>
        <ExtendedData>
          <Data name="説明">
            <value>冬期開放: ◯
冬期未開放: 
身障者対応: ◯
身障者非対応: 
種別: 3.身障者対応(冬期開放)</value>
          </Data>
          <Data name="冬期開放">
            <value>◯</value>
          </Data>
          <Data name="冬期未開放">
            <value/>
          </Data>
          <Data name="身障者対応">
            <value>◯</value>
          </Data>
          <Data name="身障者非対応">
            <value/>
          </Data>
          <Data name="種別">
            <value>3.身障者対応(冬期開放)</value>
          </Data>
        </ExtendedData>
        <Point>
          <coordinates>
            141.240218,43.146596,0
          </coordinates>
        </Point>
      </Placemark>
      <Placemark>
        <name>発寒朝日公園</name>
        <description><![CDATA[説明: 冬期開放: <br>冬期未開放: ◯<br>身障者対応: ◯<br>身障者非対応: <br>種別: 4.身障者対応(冬期未開放)<br>冬期開放: <br>冬期未開放: ◯<br>身障者対応: ◯<br>身障者非対応: <br>種別: 4.身障者対応(冬期未開放)]]></description>
        <styleUrl>#icon-1735-1A237E</styleUrl>
        <ExtendedData>
          <Data name="説明">
            <value>冬期開放: 
冬期未開放: ◯
身障者対応: ◯
身障者非対応: 
種別: 4.身障者対応(冬期未開放)</value>
          </Data>
          <Data name="冬期開放">
            <value/>
          </Data>
          <Data name="冬期未開放">
            <value>◯</value>
          </Data>
          <Data name="身障者対応">
            <value>◯</value>
          </Data>
          <Data name="身障者非対応">
            <value/>
          </Data>
          <Data name="種別">
            <value>4.身障者対応(冬期未開放)</value>
          </Data>
        </ExtendedData>
        <Point>
          <coordinates>
            141.271359,43.117927,0
          </coordinates>
        </Point>
      </Placemark>
      <Placemark>
        <name>発寒公園</name>
        <description><![CDATA[説明: 冬期開放: ◯<br>冬期未開放: <br>身障者対応: ◯<br>身障者非対応: <br>種別: 3.身障者対応(冬期開放)<br>冬期開放: ◯<br>冬期未開放: <br>身障者対応: ◯<br>身障者非対応: <br>種別: 3.身障者対応(冬期開放)]]></description>
        <styleUrl>#icon-1735-A52714</styleUrl>
        <ExtendedData>
          <Data name="説明">
            <value>冬期開放: ◯
冬期未開放: 
身障者対応: ◯
身障者非対応: 
種別: 3.身障者対応(冬期開放)</value>
          </Data>
          <Data name="冬期開放">
            <value>◯</value>
          </Data>
          <Data name="冬期未開放">
            <value/>
          </Data>
          <Data name="身障者対応">
            <value>◯</value>
          </Data>
          <Data name="身障者非対応">
            <value/>
          </Data>
          <Data name="種別">
            <value>3.身障者対応(冬期開放)</value>
          </Data>
        </ExtendedData>
        <Point>
          <coordinates>
            141.280775,43.115386,0
          </coordinates>
        </Point>
      </Placemark>
      <Placemark>
        <name>星置緑地</name>
        <description><![CDATA[説明: 冬期開放: <br>冬期未開放: ◯<br>身障者対応: ◯<br>身障者非対応: <br>種別: 4.身障者対応(冬期未開放)<br>冬期開放: <br>冬期未開放: ◯<br>身障者対応: ◯<br>身障者非対応: <br>種別: 4.身障者対応(冬期未開放)]]></description>
        <styleUrl>#icon-1735-1A237E</styleUrl>
        <ExtendedData>
          <Data name="説明">
            <value>冬期開放: 
冬期未開放: ◯
身障者対応: ◯
身障者非対応: 
種別: 4.身障者対応(冬期未開放)</value>
          </Data>
          <Data name="冬期開放">
            <value/>
          </Data>
          <Data name="冬期未開放">
            <value>◯</value>
          </Data>
          <Data name="身障者対応">
            <value>◯</value>
          </Data>
          <Data name="身障者非対応">
            <value/>
          </Data>
          <Data name="種別">
            <value>4.身障者対応(冬期未開放)</value>
          </Data>
        </ExtendedData>
        <Point>
          <coordinates>
            141.205133,43.133125,0
          </coordinates>
        </Point>
      </Placemark>
      <Placemark>
        <name>星置公園</name>
        <description><![CDATA[説明: 冬期開放: <br>冬期未開放: ◯<br>身障者対応: <br>身障者非対応: ◯<br>種別: 2.冬期未開放(身障者非対応)<br>冬期開放: <br>冬期未開放: ◯<br>身障者対応: <br>身障者非対応: ◯<br>種別: 2.冬期未開放(身障者非対応)]]></description>
        <styleUrl>#icon-1733-1A237E</styleUrl>
        <ExtendedData>
          <Data name="説明">
            <value>冬期開放: 
冬期未開放: ◯
身障者対応: 
身障者非対応: ◯
種別: 2.冬期未開放(身障者非対応)</value>
          </Data>
          <Data name="冬期開放">
            <value/>
          </Data>
          <Data name="冬期未開放">
            <value>◯</value>
          </Data>
          <Data name="身障者対応">
            <value/>
          </Data>
          <Data name="身障者非対応">
            <value>◯</value>
          </Data>
          <Data name="種別">
            <value>2.冬期未開放(身障者非対応)</value>
          </Data>
        </ExtendedData>
        <Point>
          <coordinates>
            141.218469,43.135435,0
          </coordinates>
        </Point>
      </Placemark>
      <Placemark>
        <name>星置公園</name>
        <description><![CDATA[説明: 冬期開放: <br>冬期未開放: ◯<br>身障者対応: <br>身障者非対応: ◯<br>種別: 2.冬期未開放(身障者非対応)<br>冬期開放: <br>冬期未開放: ◯<br>身障者対応: <br>身障者非対応: ◯<br>種別: 2.冬期未開放(身障者非対応)]]></description>
        <styleUrl>#icon-1733-1A237E</styleUrl>
        <ExtendedData>
          <Data name="説明">
            <value>冬期開放: 
冬期未開放: ◯
身障者対応: 
身障者非対応: ◯
種別: 2.冬期未開放(身障者非対応)</value>
          </Data>
          <Data name="冬期開放">
            <value/>
          </Data>
          <Data name="冬期未開放">
            <value>◯</value>
          </Data>
          <Data name="身障者対応">
            <value/>
          </Data>
          <Data name="身障者非対応">
            <value>◯</value>
          </Data>
          <Data name="種別">
            <value>2.冬期未開放(身障者非対応)</value>
          </Data>
        </ExtendedData>
        <Point>
          <coordinates>
            141.21759,43.137261,0
          </coordinates>
        </Point>
      </Placemark>
      <Placemark>
        <name>前田公園</name>
        <description><![CDATA[説明: 冬期開放: <br>冬期未開放: ◯<br>身障者対応: <br>身障者非対応: ◯<br>種別: 2.冬期未開放(身障者非対応)<br>冬期開放: <br>冬期未開放: ◯<br>身障者対応: <br>身障者非対応: ◯<br>種別: 2.冬期未開放(身障者非対応)]]></description>
        <styleUrl>#icon-1733-1A237E</styleUrl>
        <ExtendedData>
          <Data name="説明">
            <value>冬期開放: 
冬期未開放: ◯
身障者対応: 
身障者非対応: ◯
種別: 2.冬期未開放(身障者非対応)</value>
          </Data>
          <Data name="冬期開放">
            <value/>
          </Data>
          <Data name="冬期未開放">
            <value>◯</value>
          </Data>
          <Data name="身障者対応">
            <value/>
          </Data>
          <Data name="身障者非対応">
            <value>◯</value>
          </Data>
          <Data name="種別">
            <value>2.冬期未開放(身障者非対応)</value>
          </Data>
        </ExtendedData>
        <Point>
          <coordinates>
            141.256424,43.130159,0
          </coordinates>
        </Point>
      </Placemark>
      <Placemark>
        <name>前田公園</name>
        <description><![CDATA[説明: 冬期開放: <br>冬期未開放: ◯<br>身障者対応: <br>身障者非対応: ◯<br>種別: 1.冬期開放(身障者非対応)<br>冬期開放: <br>冬期未開放: ◯<br>身障者対応: <br>身障者非対応: ◯<br>種別: 1.冬期開放(身障者非対応)]]></description>
        <styleUrl>#icon-1733-A52714</styleUrl>
        <ExtendedData>
          <Data name="説明">
            <value>冬期開放: 
冬期未開放: ◯
身障者対応: 
身障者非対応: ◯
種別: 1.冬期開放(身障者非対応)</value>
          </Data>
          <Data name="冬期開放">
            <value/>
          </Data>
          <Data name="冬期未開放">
            <value>◯</value>
          </Data>
          <Data name="身障者対応">
            <value/>
          </Data>
          <Data name="身障者非対応">
            <value>◯</value>
          </Data>
          <Data name="種別">
            <value>1.冬期開放(身障者非対応)</value>
          </Data>
        </ExtendedData>
        <Point>
          <coordinates>
            141.257846,43.129951,0
          </coordinates>
        </Point>
      </Placemark>
      <Placemark>
        <name>前田公園</name>
        <description><![CDATA[説明: 冬期開放: ◯<br>冬期未開放: <br>身障者対応: ◯<br>身障者非対応: <br>種別: 4.身障者対応(冬期未開放)<br>冬期開放: ◯<br>冬期未開放: <br>身障者対応: ◯<br>身障者非対応: <br>種別: 4.身障者対応(冬期未開放)]]></description>
        <styleUrl>#icon-1735-1A237E</styleUrl>
        <ExtendedData>
          <Data name="説明">
            <value>冬期開放: ◯
冬期未開放: 
身障者対応: ◯
身障者非対応: 
種別: 4.身障者対応(冬期未開放)</value>
          </Data>
          <Data name="冬期開放">
            <value>◯</value>
          </Data>
          <Data name="冬期未開放">
            <value/>
          </Data>
          <Data name="身障者対応">
            <value>◯</value>
          </Data>
          <Data name="身障者非対応">
            <value/>
          </Data>
          <Data name="種別">
            <value>4.身障者対応(冬期未開放)</value>
          </Data>
        </ExtendedData>
        <Point>
          <coordinates>
            141.25804,43.129947,0
          </coordinates>
        </Point>
      </Placemark>
      <Placemark>
        <name>星観緑地</name>
        <description><![CDATA[説明: 冬期開放: <br>冬期未開放: ◯<br>身障者対応: <br>身障者非対応: ◯<br>種別: 2.冬期未開放(身障者非対応)<br>冬期開放: <br>冬期未開放: ◯<br>身障者対応: <br>身障者非対応: ◯<br>種別: 2.冬期未開放(身障者非対応)]]></description>
        <styleUrl>#icon-1733-1A237E</styleUrl>
        <ExtendedData>
          <Data name="説明">
            <value>冬期開放: 
冬期未開放: ◯
身障者対応: 
身障者非対応: ◯
種別: 2.冬期未開放(身障者非対応)</value>
          </Data>
          <Data name="冬期開放">
            <value/>
          </Data>
          <Data name="冬期未開放">
            <value>◯</value>
          </Data>
          <Data name="身障者対応">
            <value/>
          </Data>
          <Data name="身障者非対応">
            <value>◯</value>
          </Data>
          <Data name="種別">
            <value>2.冬期未開放(身障者非対応)</value>
          </Data>
        </ExtendedData>
        <Point>
          <coordinates>
            141.1877244,43.1393297,0
          </coordinates>
        </Point>
      </Placemark>
      <Placemark>
        <name>手稲稲積公園</name>
        <description><![CDATA[説明: 冬期開放: <br>冬期未開放: ◯<br>身障者対応: ◯<br>身障者非対応: <br>種別: 4.身障者対応(冬期未開放)<br>冬期開放: <br>冬期未開放: ◯<br>身障者対応: ◯<br>身障者非対応: <br>種別: 4.身障者対応(冬期未開放)]]></description>
        <styleUrl>#icon-1735-1A237E</styleUrl>
        <ExtendedData>
          <Data name="説明">
            <value>冬期開放: 
冬期未開放: ◯
身障者対応: ◯
身障者非対応: 
種別: 4.身障者対応(冬期未開放)</value>
          </Data>
          <Data name="冬期開放">
            <value/>
          </Data>
          <Data name="冬期未開放">
            <value>◯</value>
          </Data>
          <Data name="身障者対応">
            <value>◯</value>
          </Data>
          <Data name="身障者非対応">
            <value/>
          </Data>
          <Data name="種別">
            <value>4.身障者対応(冬期未開放)</value>
          </Data>
        </ExtendedData>
        <Point>
          <coordinates>
            141.257147,43.116616,0
          </coordinates>
        </Point>
      </Placemark>
      <Placemark>
        <name>手稲稲積公園</name>
        <description><![CDATA[説明: 冬期開放: <br>冬期未開放: ◯<br>身障者対応: <br>身障者非対応: ◯<br>種別: 2.冬期未開放(身障者非対応)<br>冬期開放: <br>冬期未開放: ◯<br>身障者対応: <br>身障者非対応: ◯<br>種別: 2.冬期未開放(身障者非対応)]]></description>
        <styleUrl>#icon-1733-1A237E</styleUrl>
        <ExtendedData>
          <Data name="説明">
            <value>冬期開放: 
冬期未開放: ◯
身障者対応: 
身障者非対応: ◯
種別: 2.冬期未開放(身障者非対応)</value>
          </Data>
          <Data name="冬期開放">
            <value/>
          </Data>
          <Data name="冬期未開放">
            <value>◯</value>
          </Data>
          <Data name="身障者対応">
            <value/>
          </Data>
          <Data name="身障者非対応">
            <value>◯</value>
          </Data>
          <Data name="種別">
            <value>2.冬期未開放(身障者非対応)</value>
          </Data>
        </ExtendedData>
        <Point>
          <coordinates>
            141.258239,43.113762,0
          </coordinates>
        </Point>
      </Placemark>
      <Placemark>
        <name>手稲稲積公園</name>
        <description><![CDATA[説明: 冬期開放: <br>冬期未開放: ◯<br>身障者対応: <br>身障者非対応: ◯<br>種別: 2.冬期未開放(身障者非対応)<br>冬期開放: <br>冬期未開放: ◯<br>身障者対応: <br>身障者非対応: ◯<br>種別: 2.冬期未開放(身障者非対応)]]></description>
        <styleUrl>#icon-1733-1A237E</styleUrl>
        <ExtendedData>
          <Data name="説明">
            <value>冬期開放: 
冬期未開放: ◯
身障者対応: 
身障者非対応: ◯
種別: 2.冬期未開放(身障者非対応)</value>
          </Data>
          <Data name="冬期開放">
            <value/>
          </Data>
          <Data name="冬期未開放">
            <value>◯</value>
          </Data>
          <Data name="身障者対応">
            <value/>
          </Data>
          <Data name="身障者非対応">
            <value>◯</value>
          </Data>
          <Data name="種別">
            <value>2.冬期未開放(身障者非対応)</value>
          </Data>
        </ExtendedData>
        <Point>
          <coordinates>
            141.2612761,43.1157609,0
          </coordinates>
        </Point>
      </Placemark>
      <Placemark>
        <name>手稲稲積公園</name>
        <description><![CDATA[説明: 冬期開放: ◯<br>冬期未開放: <br>身障者対応: ◯<br>身障者非対応: <br>種別: 3.身障者対応(冬期開放)<br>冬期開放: ◯<br>冬期未開放: <br>身障者対応: ◯<br>身障者非対応: <br>種別: 3.身障者対応(冬期開放)]]></description>
        <styleUrl>#icon-1735-A52714</styleUrl>
        <ExtendedData>
          <Data name="説明">
            <value>冬期開放: ◯
冬期未開放: 
身障者対応: ◯
身障者非対応: 
種別: 3.身障者対応(冬期開放)</value>
          </Data>
          <Data name="冬期開放">
            <value>◯</value>
          </Data>
          <Data name="冬期未開放">
            <value/>
          </Data>
          <Data name="身障者対応">
            <value>◯</value>
          </Data>
          <Data name="身障者非対応">
            <value/>
          </Data>
          <Data name="種別">
            <value>3.身障者対応(冬期開放)</value>
          </Data>
        </ExtendedData>
        <Point>
          <coordinates>
            141.2607254,43.1173271,0
          </coordinates>
        </Point>
      </Placemark>
      <Placemark>
        <name>北発寒公園</name>
        <description><![CDATA[説明: 冬期開放: <br>冬期未開放: ◯<br>身障者対応: ◯<br>身障者非対応: <br>種別: 4.身障者対応(冬期未開放)<br>冬期開放: <br>冬期未開放: ◯<br>身障者対応: ◯<br>身障者非対応: <br>種別: 4.身障者対応(冬期未開放)]]></description>
        <styleUrl>#icon-1735-1A237E</styleUrl>
        <ExtendedData>
          <Data name="説明">
            <value>冬期開放: 
冬期未開放: ◯
身障者対応: ◯
身障者非対応: 
種別: 4.身障者対応(冬期未開放)</value>
          </Data>
          <Data name="冬期開放">
            <value/>
          </Data>
          <Data name="冬期未開放">
            <value>◯</value>
          </Data>
          <Data name="身障者対応">
            <value>◯</value>
          </Data>
          <Data name="身障者非対応">
            <value/>
          </Data>
          <Data name="種別">
            <value>4.身障者対応(冬期未開放)</value>
          </Data>
        </ExtendedData>
        <Point>
          <coordinates>
            141.2747,43.110417,0
          </coordinates>
        </Point>
      </Placemark>
      <Placemark>
        <name>前田森林公園</name>
        <description><![CDATA[説明: 冬期開放: <br>冬期未開放: ◯<br>身障者対応: <br>身障者非対応: ◯<br>種別: 2.冬期未開放(身障者非対応)<br>冬期開放: <br>冬期未開放: ◯<br>身障者対応: <br>身障者非対応: ◯<br>種別: 2.冬期未開放(身障者非対応)]]></description>
        <styleUrl>#icon-1733-1A237E</styleUrl>
        <ExtendedData>
          <Data name="説明">
            <value>冬期開放: 
冬期未開放: ◯
身障者対応: 
身障者非対応: ◯
種別: 2.冬期未開放(身障者非対応)</value>
          </Data>
          <Data name="冬期開放">
            <value/>
          </Data>
          <Data name="冬期未開放">
            <value>◯</value>
          </Data>
          <Data name="身障者対応">
            <value/>
          </Data>
          <Data name="身障者非対応">
            <value>◯</value>
          </Data>
          <Data name="種別">
            <value>2.冬期未開放(身障者非対応)</value>
          </Data>
        </ExtendedData>
        <Point>
          <coordinates>
            141.252294,43.145194,0
          </coordinates>
        </Point>
      </Placemark>
      <Placemark>
        <name>前田森林公園</name>
        <description><![CDATA[説明: 冬期開放: <br>冬期未開放: ◯<br>身障者対応: <br>身障者非対応: ◯<br>種別: 2.冬期未開放(身障者非対応)<br>冬期開放: <br>冬期未開放: ◯<br>身障者対応: <br>身障者非対応: ◯<br>種別: 2.冬期未開放(身障者非対応)]]></description>
        <styleUrl>#icon-1733-1A237E</styleUrl>
        <ExtendedData>
          <Data name="説明">
            <value>冬期開放: 
冬期未開放: ◯
身障者対応: 
身障者非対応: ◯
種別: 2.冬期未開放(身障者非対応)</value>
          </Data>
          <Data name="冬期開放">
            <value/>
          </Data>
          <Data name="冬期未開放">
            <value>◯</value>
          </Data>
          <Data name="身障者対応">
            <value/>
          </Data>
          <Data name="身障者非対応">
            <value>◯</value>
          </Data>
          <Data name="種別">
            <value>2.冬期未開放(身障者非対応)</value>
          </Data>
        </ExtendedData>
        <Point>
          <coordinates>
            141.255984,43.143033,0
          </coordinates>
        </Point>
      </Placemark>
      <Placemark>
        <name>前田森林公園</name>
        <description><![CDATA[説明: 冬期開放: <br>冬期未開放: ◯<br>身障者対応: <br>身障者非対応: ◯<br>種別: 2.冬期未開放(身障者非対応)<br>冬期開放: <br>冬期未開放: ◯<br>身障者対応: <br>身障者非対応: ◯<br>種別: 2.冬期未開放(身障者非対応)]]></description>
        <styleUrl>#icon-1733-1A237E</styleUrl>
        <ExtendedData>
          <Data name="説明">
            <value>冬期開放: 
冬期未開放: ◯
身障者対応: 
身障者非対応: ◯
種別: 2.冬期未開放(身障者非対応)</value>
          </Data>
          <Data name="冬期開放">
            <value/>
          </Data>
          <Data name="冬期未開放">
            <value>◯</value>
          </Data>
          <Data name="身障者対応">
            <value/>
          </Data>
          <Data name="身障者非対応">
            <value>◯</value>
          </Data>
          <Data name="種別">
            <value>2.冬期未開放(身障者非対応)</value>
          </Data>
        </ExtendedData>
        <Point>
          <coordinates>
            141.25898,43.146337,0
          </coordinates>
        </Point>
      </Placemark>
      <Placemark>
        <name>手稲稲積公園</name>
        <description><![CDATA[説明: 冬期開放: <br>冬期未開放: ◯<br>身障者対応: ◯<br>身障者非対応: <br>種別: 4.身障者対応(冬期未開放)<br>冬期開放: <br>冬期未開放: ◯<br>身障者対応: ◯<br>身障者非対応: <br>種別: 4.身障者対応(冬期未開放)]]></description>
        <styleUrl>#icon-1735-1A237E</styleUrl>
        <ExtendedData>
          <Data name="説明">
            <value>冬期開放: 
冬期未開放: ◯
身障者対応: ◯
身障者非対応: 
種別: 4.身障者対応(冬期未開放)</value>
          </Data>
          <Data name="冬期開放">
            <value/>
          </Data>
          <Data name="冬期未開放">
            <value>◯</value>
          </Data>
          <Data name="身障者対応">
            <value>◯</value>
          </Data>
          <Data name="身障者非対応">
            <value/>
          </Data>
          <Data name="種別">
            <value>4.身障者対応(冬期未開放)</value>
          </Data>
        </ExtendedData>
        <Point>
          <coordinates>
            141.257018,43.114274,0
          </coordinates>
        </Point>
      </Placemark>
      <Placemark>
        <name>星置公園</name>
        <description><![CDATA[説明: 冬期開放: <br>冬期未開放: ◯<br>身障者対応: ◯<br>身障者非対応: <br>種別: 4.身障者対応(冬期未開放)<br>冬期開放: <br>冬期未開放: ◯<br>身障者対応: ◯<br>身障者非対応: <br>種別: 4.身障者対応(冬期未開放)]]></description>
        <styleUrl>#icon-1735-1A237E</styleUrl>
        <ExtendedData>
          <Data name="説明">
            <value>冬期開放: 
冬期未開放: ◯
身障者対応: ◯
身障者非対応: 
種別: 4.身障者対応(冬期未開放)</value>
          </Data>
          <Data name="冬期開放">
            <value/>
          </Data>
          <Data name="冬期未開放">
            <value>◯</value>
          </Data>
          <Data name="身障者対応">
            <value>◯</value>
          </Data>
          <Data name="身障者非対応">
            <value/>
          </Data>
          <Data name="種別">
            <value>4.身障者対応(冬期未開放)</value>
          </Data>
        </ExtendedData>
        <Point>
          <coordinates>
            141.217706,43.137182,0
          </coordinates>
        </Point>
      </Placemark>
      <Placemark>
        <name>前田森林公園</name>
        <description><![CDATA[説明: 冬期開放: <br>冬期未開放: ◯<br>身障者対応: ◯<br>身障者非対応: <br>種別: 4.身障者対応(冬期未開放)<br>冬期開放: <br>冬期未開放: ◯<br>身障者対応: ◯<br>身障者非対応: <br>種別: 4.身障者対応(冬期未開放)]]></description>
        <styleUrl>#icon-1735-1A237E</styleUrl>
        <ExtendedData>
          <Data name="説明">
            <value>冬期開放: 
冬期未開放: ◯
身障者対応: ◯
身障者非対応: 
種別: 4.身障者対応(冬期未開放)</value>
          </Data>
          <Data name="冬期開放">
            <value/>
          </Data>
          <Data name="冬期未開放">
            <value>◯</value>
          </Data>
          <Data name="身障者対応">
            <value>◯</value>
          </Data>
          <Data name="身障者非対応">
            <value/>
          </Data>
          <Data name="種別">
            <value>4.身障者対応(冬期未開放)</value>
          </Data>
        </ExtendedData>
        <Point>
          <coordinates>
            141.259097,43.142476,0
          </coordinates>
        </Point>
      </Placemark>
      <Placemark>
        <name>前田森林公園</name>
        <description><![CDATA[説明: 冬期開放: <br>冬期未開放: ◯<br>身障者対応: ◯<br>身障者非対応: <br>種別: 4.身障者対応(冬期未開放)<br>冬期開放: <br>冬期未開放: ◯<br>身障者対応: ◯<br>身障者非対応: <br>種別: 4.身障者対応(冬期未開放)]]></description>
        <styleUrl>#icon-1735-1A237E</styleUrl>
        <ExtendedData>
          <Data name="説明">
            <value>冬期開放: 
冬期未開放: ◯
身障者対応: ◯
身障者非対応: 
種別: 4.身障者対応(冬期未開放)</value>
          </Data>
          <Data name="冬期開放">
            <value/>
          </Data>
          <Data name="冬期未開放">
            <value>◯</value>
          </Data>
          <Data name="身障者対応">
            <value>◯</value>
          </Data>
          <Data name="身障者非対応">
            <value/>
          </Data>
          <Data name="種別">
            <value>4.身障者対応(冬期未開放)</value>
          </Data>
        </ExtendedData>
        <Point>
          <coordinates>
            141.256317,43.141956,0
          </coordinates>
        </Point>
      </Placemark>
      <Placemark>
        <name>前田森林公園</name>
        <description><![CDATA[説明: 冬期開放: <br>冬期未開放: ◯<br>身障者対応: ◯<br>身障者非対応: <br>種別: 4.身障者対応(冬期未開放)<br>冬期開放: <br>冬期未開放: ◯<br>身障者対応: ◯<br>身障者非対応: <br>種別: 4.身障者対応(冬期未開放)]]></description>
        <styleUrl>#icon-1735-1A237E</styleUrl>
        <ExtendedData>
          <Data name="説明">
            <value>冬期開放: 
冬期未開放: ◯
身障者対応: ◯
身障者非対応: 
種別: 4.身障者対応(冬期未開放)</value>
          </Data>
          <Data name="冬期開放">
            <value/>
          </Data>
          <Data name="冬期未開放">
            <value>◯</value>
          </Data>
          <Data name="身障者対応">
            <value>◯</value>
          </Data>
          <Data name="身障者非対応">
            <value/>
          </Data>
          <Data name="種別">
            <value>4.身障者対応(冬期未開放)</value>
          </Data>
        </ExtendedData>
        <Point>
          <coordinates>
            141.2566833,43.1406685,0
          </coordinates>
        </Point>
      </Placemark>
      <Placemark>
        <name>栄西公園</name>
        <description><![CDATA[説明: 冬期開放: <br>冬期未開放: ◯<br>身障者対応: <br>身障者非対応: ◯<br>種別: 2.冬期未開放(身障者非対応)<br>冬期開放: <br>冬期未開放: ◯<br>身障者対応: <br>身障者非対応: ◯<br>種別: 2.冬期未開放(身障者非対応)]]></description>
        <styleUrl>#icon-1733-1A237E</styleUrl>
        <ExtendedData>
          <Data name="説明">
            <value>冬期開放: 
冬期未開放: ◯
身障者対応: 
身障者非対応: ◯
種別: 2.冬期未開放(身障者非対応)</value>
          </Data>
          <Data name="冬期開放">
            <value/>
          </Data>
          <Data name="冬期未開放">
            <value>◯</value>
          </Data>
          <Data name="身障者対応">
            <value/>
          </Data>
          <Data name="身障者非対応">
            <value>◯</value>
          </Data>
          <Data name="種別">
            <value>2.冬期未開放(身障者非対応)</value>
          </Data>
        </ExtendedData>
        <Point>
          <coordinates>
            141.348246,43.114906,0
          </coordinates>
        </Point>
      </Placemark>
      <Placemark>
        <name>東苗穂北公園</name>
        <description><![CDATA[説明: 冬期開放: <br>冬期未開放: ◯<br>身障者対応: <br>身障者非対応: ◯<br>種別: 2.冬期未開放(身障者非対応)<br>冬期開放: <br>冬期未開放: ◯<br>身障者対応: <br>身障者非対応: ◯<br>種別: 2.冬期未開放(身障者非対応)]]></description>
        <styleUrl>#icon-1733-1A237E</styleUrl>
        <ExtendedData>
          <Data name="説明">
            <value>冬期開放: 
冬期未開放: ◯
身障者対応: 
身障者非対応: ◯
種別: 2.冬期未開放(身障者非対応)</value>
          </Data>
          <Data name="冬期開放">
            <value/>
          </Data>
          <Data name="冬期未開放">
            <value>◯</value>
          </Data>
          <Data name="身障者対応">
            <value/>
          </Data>
          <Data name="身障者非対応">
            <value>◯</value>
          </Data>
          <Data name="種別">
            <value>2.冬期未開放(身障者非対応)</value>
          </Data>
        </ExtendedData>
        <Point>
          <coordinates>
            141.415416,43.102009,0
          </coordinates>
        </Point>
      </Placemark>
      <Placemark>
        <name>美香保公園</name>
        <description><![CDATA[説明: 冬期開放: ◯<br>冬期未開放: <br>身障者対応: ◯<br>身障者非対応: <br>種別: 3.身障者対応(冬期開放)<br>冬期開放: ◯<br>冬期未開放: <br>身障者対応: ◯<br>身障者非対応: <br>種別: 3.身障者対応(冬期開放)]]></description>
        <styleUrl>#icon-1735-A52714</styleUrl>
        <ExtendedData>
          <Data name="説明">
            <value>冬期開放: ◯
冬期未開放: 
身障者対応: ◯
身障者非対応: 
種別: 3.身障者対応(冬期開放)</value>
          </Data>
          <Data name="冬期開放">
            <value>◯</value>
          </Data>
          <Data name="冬期未開放">
            <value/>
          </Data>
          <Data name="身障者対応">
            <value>◯</value>
          </Data>
          <Data name="身障者非対応">
            <value/>
          </Data>
          <Data name="種別">
            <value>3.身障者対応(冬期開放)</value>
          </Data>
        </ExtendedData>
        <Point>
          <coordinates>
            141.358436,43.087992,0
          </coordinates>
        </Point>
      </Placemark>
      <Placemark>
        <name>一の村公園</name>
        <description><![CDATA[説明: 冬期開放: <br>冬期未開放: ◯<br>身障者対応: ◯<br>身障者非対応: <br>種別: 4.身障者対応(冬期未開放)<br>冬期開放: <br>冬期未開放: ◯<br>身障者対応: ◯<br>身障者非対応: <br>種別: 4.身障者対応(冬期未開放)]]></description>
        <styleUrl>#icon-1735-1A237E</styleUrl>
        <ExtendedData>
          <Data name="説明">
            <value>冬期開放: 
冬期未開放: ◯
身障者対応: ◯
身障者非対応: 
種別: 4.身障者対応(冬期未開放)</value>
          </Data>
          <Data name="冬期開放">
            <value/>
          </Data>
          <Data name="冬期未開放">
            <value>◯</value>
          </Data>
          <Data name="身障者対応">
            <value>◯</value>
          </Data>
          <Data name="身障者非対応">
            <value/>
          </Data>
          <Data name="種別">
            <value>4.身障者対応(冬期未開放)</value>
          </Data>
        </ExtendedData>
        <Point>
          <coordinates>
            141.390674,43.091498,0
          </coordinates>
        </Point>
      </Placemark>
      <Placemark>
        <name>希望公園</name>
        <description><![CDATA[説明: 冬期開放: ◯<br>冬期未開放: <br>身障者対応: ◯<br>身障者非対応: <br>種別: 3.身障者対応(冬期開放)<br>冬期開放: ◯<br>冬期未開放: <br>身障者対応: ◯<br>身障者非対応: <br>種別: 3.身障者対応(冬期開放)]]></description>
        <styleUrl>#icon-1735-A52714</styleUrl>
        <ExtendedData>
          <Data name="説明">
            <value>冬期開放: ◯
冬期未開放: 
身障者対応: ◯
身障者非対応: 
種別: 3.身障者対応(冬期開放)</value>
          </Data>
          <Data name="冬期開放">
            <value>◯</value>
          </Data>
          <Data name="冬期未開放">
            <value/>
          </Data>
          <Data name="身障者対応">
            <value>◯</value>
          </Data>
          <Data name="身障者非対応">
            <value/>
          </Data>
          <Data name="種別">
            <value>3.身障者対応(冬期開放)</value>
          </Data>
        </ExtendedData>
        <Point>
          <coordinates>
            141.376566,43.076083,0
          </coordinates>
        </Point>
      </Placemark>
      <Placemark>
        <name>伏古公園</name>
        <description><![CDATA[説明: 冬期開放: ◯<br>冬期未開放: <br>身障者対応: ◯<br>身障者非対応: <br>種別: 3.身障者対応(冬期開放)<br>冬期開放: ◯<br>冬期未開放: <br>身障者対応: ◯<br>身障者非対応: <br>種別: 3.身障者対応(冬期開放)]]></description>
        <styleUrl>#icon-1735-A52714</styleUrl>
        <ExtendedData>
          <Data name="説明">
            <value>冬期開放: ◯
冬期未開放: 
身障者対応: ◯
身障者非対応: 
種別: 3.身障者対応(冬期開放)</value>
          </Data>
          <Data name="冬期開放">
            <value>◯</value>
          </Data>
          <Data name="冬期未開放">
            <value/>
          </Data>
          <Data name="身障者対応">
            <value>◯</value>
          </Data>
          <Data name="身障者非対応">
            <value/>
          </Data>
          <Data name="種別">
            <value>3.身障者対応(冬期開放)</value>
          </Data>
        </ExtendedData>
        <Point>
          <coordinates>
            141.3880159,43.084587,0
          </coordinates>
        </Point>
      </Placemark>
      <Placemark>
        <name>さんさん公園</name>
        <description><![CDATA[説明: 冬期開放: <br>冬期未開放: ◯<br>身障者対応: ◯<br>身障者非対応: <br>種別: 4.身障者対応(冬期未開放)<br>冬期開放: <br>冬期未開放: ◯<br>身障者対応: ◯<br>身障者非対応: <br>種別: 4.身障者対応(冬期未開放)]]></description>
        <styleUrl>#icon-1735-1A237E</styleUrl>
        <ExtendedData>
          <Data name="説明">
            <value>冬期開放: 
冬期未開放: ◯
身障者対応: ◯
身障者非対応: 
種別: 4.身障者対応(冬期未開放)</value>
          </Data>
          <Data name="冬期開放">
            <value/>
          </Data>
          <Data name="冬期未開放">
            <value>◯</value>
          </Data>
          <Data name="身障者対応">
            <value>◯</value>
          </Data>
          <Data name="身障者非対応">
            <value/>
          </Data>
          <Data name="種別">
            <value>4.身障者対応(冬期未開放)</value>
          </Data>
        </ExtendedData>
        <Point>
          <coordinates>
            141.386044,43.087272,0
          </coordinates>
        </Point>
      </Placemark>
      <Placemark>
        <name>元村公園</name>
        <description><![CDATA[説明: 冬期開放: ◯<br>冬期未開放: <br>身障者対応: ◯<br>身障者非対応: <br>種別: 3.身障者対応(冬期開放)<br>冬期開放: ◯<br>冬期未開放: <br>身障者対応: ◯<br>身障者非対応: <br>種別: 3.身障者対応(冬期開放)]]></description>
        <styleUrl>#icon-1735-A52714</styleUrl>
        <ExtendedData>
          <Data name="説明">
            <value>冬期開放: ◯
冬期未開放: 
身障者対応: ◯
身障者非対応: 
種別: 3.身障者対応(冬期開放)</value>
          </Data>
          <Data name="冬期開放">
            <value>◯</value>
          </Data>
          <Data name="冬期未開放">
            <value/>
          </Data>
          <Data name="身障者対応">
            <value>◯</value>
          </Data>
          <Data name="身障者非対応">
            <value/>
          </Data>
          <Data name="種別">
            <value>3.身障者対応(冬期開放)</value>
          </Data>
        </ExtendedData>
        <Point>
          <coordinates>
            141.37454,43.099657,0
          </coordinates>
        </Point>
      </Placemark>
      <Placemark>
        <name>丘珠ゆたか緑地</name>
        <description><![CDATA[説明: 冬期開放: <br>冬期未開放: ◯<br>身障者対応: <br>身障者非対応: ◯<br>種別: 2.冬期未開放(身障者非対応)<br>冬期開放: <br>冬期未開放: ◯<br>身障者対応: <br>身障者非対応: ◯<br>種別: 2.冬期未開放(身障者非対応)]]></description>
        <styleUrl>#icon-1733-1A237E</styleUrl>
        <ExtendedData>
          <Data name="説明">
            <value>冬期開放: 
冬期未開放: ◯
身障者対応: 
身障者非対応: ◯
種別: 2.冬期未開放(身障者非対応)</value>
          </Data>
          <Data name="冬期開放">
            <value/>
          </Data>
          <Data name="冬期未開放">
            <value>◯</value>
          </Data>
          <Data name="身障者対応">
            <value/>
          </Data>
          <Data name="身障者非対応">
            <value>◯</value>
          </Data>
          <Data name="種別">
            <value>2.冬期未開放(身障者非対応)</value>
          </Data>
        </ExtendedData>
        <Point>
          <coordinates>
            141.40537,43.127221,0
          </coordinates>
        </Point>
      </Placemark>
      <Placemark>
        <name>苗穂グリーン公園</name>
        <description><![CDATA[説明: 冬期開放: ◯<br>冬期未開放: <br>身障者対応: <br>身障者非対応: ◯<br>種別: 1.冬期開放(身障者非対応)<br>冬期開放: ◯<br>冬期未開放: <br>身障者対応: <br>身障者非対応: ◯<br>種別: 1.冬期開放(身障者非対応)]]></description>
        <styleUrl>#icon-1733-A52714</styleUrl>
        <ExtendedData>
          <Data name="説明">
            <value>冬期開放: ◯
冬期未開放: 
身障者対応: 
身障者非対応: ◯
種別: 1.冬期開放(身障者非対応)</value>
          </Data>
          <Data name="冬期開放">
            <value>◯</value>
          </Data>
          <Data name="冬期未開放">
            <value/>
          </Data>
          <Data name="身障者対応">
            <value/>
          </Data>
          <Data name="身障者非対応">
            <value>◯</value>
          </Data>
          <Data name="種別">
            <value>1.冬期開放(身障者非対応)</value>
          </Data>
        </ExtendedData>
        <Point>
          <coordinates>
            141.382775,43.077448,0
          </coordinates>
        </Point>
      </Placemark>
      <Placemark>
        <name>丘珠公園</name>
        <description><![CDATA[説明: 冬期開放: ◯<br>冬期未開放: <br>身障者対応: <br>身障者非対応: ◯<br>種別: 1.冬期開放(身障者非対応)<br>冬期開放: ◯<br>冬期未開放: <br>身障者対応: <br>身障者非対応: ◯<br>種別: 1.冬期開放(身障者非対応)]]></description>
        <styleUrl>#icon-1733-A52714</styleUrl>
        <ExtendedData>
          <Data name="説明">
            <value>冬期開放: ◯
冬期未開放: 
身障者対応: 
身障者非対応: ◯
種別: 1.冬期開放(身障者非対応)</value>
          </Data>
          <Data name="冬期開放">
            <value>◯</value>
          </Data>
          <Data name="冬期未開放">
            <value/>
          </Data>
          <Data name="身障者対応">
            <value/>
          </Data>
          <Data name="身障者非対応">
            <value>◯</value>
          </Data>
          <Data name="種別">
            <value>1.冬期開放(身障者非対応)</value>
          </Data>
        </ExtendedData>
        <Point>
          <coordinates>
            141.398711,43.102158,0
          </coordinates>
        </Point>
      </Placemark>
      <Placemark>
        <name>美香保公園</name>
        <description><![CDATA[説明: 冬期開放: ◯<br>冬期未開放: <br>身障者対応: ◯<br>身障者非対応: <br>種別: 3.身障者対応(冬期開放)<br>冬期開放: ◯<br>冬期未開放: <br>身障者対応: ◯<br>身障者非対応: <br>種別: 3.身障者対応(冬期開放)]]></description>
        <styleUrl>#icon-1735-A52714</styleUrl>
        <ExtendedData>
          <Data name="説明">
            <value>冬期開放: ◯
冬期未開放: 
身障者対応: ◯
身障者非対応: 
種別: 3.身障者対応(冬期開放)</value>
          </Data>
          <Data name="冬期開放">
            <value>◯</value>
          </Data>
          <Data name="冬期未開放">
            <value/>
          </Data>
          <Data name="身障者対応">
            <value>◯</value>
          </Data>
          <Data name="身障者非対応">
            <value/>
          </Data>
          <Data name="種別">
            <value>3.身障者対応(冬期開放)</value>
          </Data>
        </ExtendedData>
        <Point>
          <coordinates>
            141.355732,43.08753,0
          </coordinates>
        </Point>
      </Placemark>
      <Placemark>
        <name>ひのまる公園</name>
        <description><![CDATA[説明: 冬期開放: ◯<br>冬期未開放: <br>身障者対応: ◯<br>身障者非対応: <br>種別: 3.身障者対応(冬期開放)<br>冬期開放: ◯<br>冬期未開放: <br>身障者対応: ◯<br>身障者非対応: <br>種別: 3.身障者対応(冬期開放)]]></description>
        <styleUrl>#icon-1735-A52714</styleUrl>
        <ExtendedData>
          <Data name="説明">
            <value>冬期開放: ◯
冬期未開放: 
身障者対応: ◯
身障者非対応: 
種別: 3.身障者対応(冬期開放)</value>
          </Data>
          <Data name="冬期開放">
            <value>◯</value>
          </Data>
          <Data name="冬期未開放">
            <value/>
          </Data>
          <Data name="身障者対応">
            <value>◯</value>
          </Data>
          <Data name="身障者非対応">
            <value/>
          </Data>
          <Data name="種別">
            <value>3.身障者対応(冬期開放)</value>
          </Data>
        </ExtendedData>
        <Point>
          <coordinates>
            141.35929,43.111003,0
          </coordinates>
        </Point>
      </Placemark>
      <Placemark>
        <name>大学村の森</name>
        <description><![CDATA[説明: 冬期開放: <br>冬期未開放: ◯<br>身障者対応: ◯<br>身障者非対応: <br>種別: 4.身障者対応(冬期未開放)<br>冬期開放: <br>冬期未開放: ◯<br>身障者対応: ◯<br>身障者非対応: <br>種別: 4.身障者対応(冬期未開放)]]></description>
        <styleUrl>#icon-1735-1A237E</styleUrl>
        <ExtendedData>
          <Data name="説明">
            <value>冬期開放: 
冬期未開放: ◯
身障者対応: ◯
身障者非対応: 
種別: 4.身障者対応(冬期未開放)</value>
          </Data>
          <Data name="冬期開放">
            <value/>
          </Data>
          <Data name="冬期未開放">
            <value>◯</value>
          </Data>
          <Data name="身障者対応">
            <value>◯</value>
          </Data>
          <Data name="身障者非対応">
            <value/>
          </Data>
          <Data name="種別">
            <value>4.身障者対応(冬期未開放)</value>
          </Data>
        </ExtendedData>
        <Point>
          <coordinates>
            141.353396,43.096834,0
          </coordinates>
        </Point>
      </Placemark>
      <Placemark>
        <name>美香保公園</name>
        <description><![CDATA[説明: 冬期開放: <br>冬期未開放: ◯<br>身障者対応: ◯<br>身障者非対応: <br>種別: 4.身障者対応(冬期未開放)<br>冬期開放: <br>冬期未開放: ◯<br>身障者対応: ◯<br>身障者非対応: <br>種別: 4.身障者対応(冬期未開放)]]></description>
        <styleUrl>#icon-1735-1A237E</styleUrl>
        <ExtendedData>
          <Data name="説明">
            <value>冬期開放: 
冬期未開放: ◯
身障者対応: ◯
身障者非対応: 
種別: 4.身障者対応(冬期未開放)</value>
          </Data>
          <Data name="冬期開放">
            <value/>
          </Data>
          <Data name="冬期未開放">
            <value>◯</value>
          </Data>
          <Data name="身障者対応">
            <value>◯</value>
          </Data>
          <Data name="身障者非対応">
            <value/>
          </Data>
          <Data name="種別">
            <value>4.身障者対応(冬期未開放)</value>
          </Data>
        </ExtendedData>
        <Point>
          <coordinates>
            141.357386,43.086964,0
          </coordinates>
        </Point>
      </Placemark>
      <Placemark>
        <name>栄南緑地</name>
        <description><![CDATA[説明: 冬期開放: <br>冬期未開放: ◯<br>身障者対応: ◯<br>身障者非対応: <br>種別: 4.身障者対応(冬期未開放)<br>冬期開放: <br>冬期未開放: ◯<br>身障者対応: ◯<br>身障者非対応: <br>種別: 4.身障者対応(冬期未開放)]]></description>
        <styleUrl>#icon-1735-1A237E</styleUrl>
        <ExtendedData>
          <Data name="説明">
            <value>冬期開放: 
冬期未開放: ◯
身障者対応: ◯
身障者非対応: 
種別: 4.身障者対応(冬期未開放)</value>
          </Data>
          <Data name="冬期開放">
            <value/>
          </Data>
          <Data name="冬期未開放">
            <value>◯</value>
          </Data>
          <Data name="身障者対応">
            <value>◯</value>
          </Data>
          <Data name="身障者非対応">
            <value/>
          </Data>
          <Data name="種別">
            <value>4.身障者対応(冬期未開放)</value>
          </Data>
        </ExtendedData>
        <Point>
          <coordinates>
            141.377671,43.108187,0
          </coordinates>
        </Point>
      </Placemark>
      <Placemark>
        <name>モエレ沼公園</name>
        <description><![CDATA[説明: 冬期開放: <br>冬期未開放: ◯<br>身障者対応: <br>身障者非対応: ◯<br>種別:4.身障者対応(冬期未開放)<br>冬期開放: <br>冬期未開放: ◯<br>身障者対応: <br>身障者非対応: ◯<br>種別: 4.身障者対応(冬期未開放)]]></description>
        <styleUrl>#icon-1735-1A237E</styleUrl>
        <ExtendedData>
          <Data name="説明">
            <value>冬期開放: 
冬期未開放: ◯
身障者対応: 
身障者非対応: ◯
種別:4.身障者対応(冬期未開放)</value>
          </Data>
          <Data name="冬期開放">
            <value/>
          </Data>
          <Data name="冬期未開放">
            <value>◯</value>
          </Data>
          <Data name="身障者対応">
            <value/>
          </Data>
          <Data name="身障者非対応">
            <value>◯</value>
          </Data>
          <Data name="種別">
            <value>4.身障者対応(冬期未開放)</value>
          </Data>
        </ExtendedData>
        <Point>
          <coordinates>
            141.431573,43.12597,0
          </coordinates>
        </Point>
      </Placemark>
      <Placemark>
        <name>モエレ沼公園</name>
        <description><![CDATA[説明: 冬期開放: <br>冬期未開放: ◯<br>身障者対応: <br>身障者非対応: ◯<br>種別: 4.身障者対応(冬期未開放)<br>冬期開放: <br>冬期未開放: ◯<br>身障者対応: <br>身障者非対応: ◯<br>種別: 4.身障者対応(冬期未開放)]]></description>
        <styleUrl>#icon-1735-1A237E</styleUrl>
        <ExtendedData>
          <Data name="説明">
            <value>冬期開放: 
冬期未開放: ◯
身障者対応: 
身障者非対応: ◯
種別: 4.身障者対応(冬期未開放)</value>
          </Data>
          <Data name="冬期開放">
            <value/>
          </Data>
          <Data name="冬期未開放">
            <value>◯</value>
          </Data>
          <Data name="身障者対応">
            <value/>
          </Data>
          <Data name="身障者非対応">
            <value>◯</value>
          </Data>
          <Data name="種別">
            <value>4.身障者対応(冬期未開放)</value>
          </Data>
        </ExtendedData>
        <Point>
          <coordinates>
            141.423451,43.119884,0
          </coordinates>
        </Point>
      </Placemark>
      <Placemark>
        <name>モエレ沼公園</name>
        <description><![CDATA[説明: 冬期開放: <br>冬期未開放: ◯<br>身障者対応: <br>身障者非対応: ◯<br>種別: 4.身障者対応(冬期未開放)<br>冬期開放: <br>冬期未開放: ◯<br>身障者対応: <br>身障者非対応: ◯<br>種別: 4.身障者対応(冬期未開放)]]></description>
        <styleUrl>#icon-1735-1A237E</styleUrl>
        <ExtendedData>
          <Data name="説明">
            <value>冬期開放: 
冬期未開放: ◯
身障者対応: 
身障者非対応: ◯
種別: 4.身障者対応(冬期未開放)</value>
          </Data>
          <Data name="冬期開放">
            <value/>
          </Data>
          <Data name="冬期未開放">
            <value>◯</value>
          </Data>
          <Data name="身障者対応">
            <value/>
          </Data>
          <Data name="身障者非対応">
            <value>◯</value>
          </Data>
          <Data name="種別">
            <value>4.身障者対応(冬期未開放)</value>
          </Data>
        </ExtendedData>
        <Point>
          <coordinates>
            141.4235711,43.1227043,0
          </coordinates>
        </Point>
      </Placemark>
      <Placemark>
        <name>モエレ沼公園</name>
        <description><![CDATA[説明: 冬期開放: <br>冬期未開放: ◯<br>身障者対応: <br>身障者非対応: ◯<br>種別: 4.身障者対応(冬期未開放)<br>冬期開放: <br>冬期未開放: ◯<br>身障者対応: <br>身障者非対応: ◯<br>種別: 4.身障者対応(冬期未開放)]]></description>
        <styleUrl>#icon-1735-1A237E</styleUrl>
        <ExtendedData>
          <Data name="説明">
            <value>冬期開放: 
冬期未開放: ◯
身障者対応: 
身障者非対応: ◯
種別: 4.身障者対応(冬期未開放)</value>
          </Data>
          <Data name="冬期開放">
            <value/>
          </Data>
          <Data name="冬期未開放">
            <value>◯</value>
          </Data>
          <Data name="身障者対応">
            <value/>
          </Data>
          <Data name="身障者非対応">
            <value>◯</value>
          </Data>
          <Data name="種別">
            <value>4.身障者対応(冬期未開放)</value>
          </Data>
        </ExtendedData>
        <Point>
          <coordinates>
            141.4236961,43.1261599,0
          </coordinates>
        </Point>
      </Placemark>
      <Placemark>
        <name>モエレ沼公園</name>
        <description><![CDATA[説明: 冬期開放: <br>冬期未開放: ◯<br>身障者対応: <br>身障者非対応: ◯<br>種別: 4.身障者対応(冬期未開放)<br>冬期開放: <br>冬期未開放: ◯<br>身障者対応: <br>身障者非対応: ◯<br>種別: 4.身障者対応(冬期未開放)]]></description>
        <styleUrl>#icon-1735-1A237E</styleUrl>
        <ExtendedData>
          <Data name="説明">
            <value>冬期開放: 
冬期未開放: ◯
身障者対応: 
身障者非対応: ◯
種別: 4.身障者対応(冬期未開放)</value>
          </Data>
          <Data name="冬期開放">
            <value/>
          </Data>
          <Data name="冬期未開放">
            <value>◯</value>
          </Data>
          <Data name="身障者対応">
            <value/>
          </Data>
          <Data name="身障者非対応">
            <value>◯</value>
          </Data>
          <Data name="種別">
            <value>4.身障者対応(冬期未開放)</value>
          </Data>
        </ExtendedData>
        <Point>
          <coordinates>
            141.425808,43.126014,0
          </coordinates>
        </Point>
      </Placemark>
      <Placemark>
        <name>モエレ沼公園</name>
        <description><![CDATA[説明: 冬期開放: <br>冬期未開放: ◯<br>身障者対応: <br>身障者非対応: ◯<br>種別: 4.身障者対応(冬期未開放)<br>冬期開放: <br>冬期未開放: ◯<br>身障者対応: <br>身障者非対応: ◯<br>種別: 4.身障者対応(冬期未開放)]]></description>
        <styleUrl>#icon-1735-1A237E</styleUrl>
        <ExtendedData>
          <Data name="説明">
            <value>冬期開放: 
冬期未開放: ◯
身障者対応: 
身障者非対応: ◯
種別: 4.身障者対応(冬期未開放)</value>
          </Data>
          <Data name="冬期開放">
            <value/>
          </Data>
          <Data name="冬期未開放">
            <value>◯</value>
          </Data>
          <Data name="身障者対応">
            <value/>
          </Data>
          <Data name="身障者非対応">
            <value>◯</value>
          </Data>
          <Data name="種別">
            <value>4.身障者対応(冬期未開放)</value>
          </Data>
        </ExtendedData>
        <Point>
          <coordinates>
            141.426054,43.123692,0
          </coordinates>
        </Point>
      </Placemark>
      <Placemark>
        <name>モエレ沼公園</name>
        <description><![CDATA[説明: 冬期開放: <br>冬期未開放: ◯<br>身障者対応: <br>身障者非対応: ◯<br>種別: 4.身障者対応(冬期未開放)<br>冬期開放: <br>冬期未開放: ◯<br>身障者対応: <br>身障者非対応: ◯<br>種別: 4.身障者対応(冬期未開放)]]></description>
        <styleUrl>#icon-1735-1A237E</styleUrl>
        <ExtendedData>
          <Data name="説明">
            <value>冬期開放: 
冬期未開放: ◯
身障者対応: 
身障者非対応: ◯
種別: 4.身障者対応(冬期未開放)</value>
          </Data>
          <Data name="冬期開放">
            <value/>
          </Data>
          <Data name="冬期未開放">
            <value>◯</value>
          </Data>
          <Data name="身障者対応">
            <value/>
          </Data>
          <Data name="身障者非対応">
            <value>◯</value>
          </Data>
          <Data name="種別">
            <value>4.身障者対応(冬期未開放)</value>
          </Data>
        </ExtendedData>
        <Point>
          <coordinates>
            141.419939,43.127955,0
          </coordinates>
        </Point>
      </Placemark>
      <Placemark>
        <name>モエレ沼公園</name>
        <description><![CDATA[説明: 冬期開放: <br>冬期未開放: ◯<br>身障者対応: <br>身障者非対応: ◯<br>種別: 4.身障者対応(冬期未開放)<br>冬期開放: <br>冬期未開放: ◯<br>身障者対応: <br>身障者非対応: ◯<br>種別: 4.身障者対応(冬期未開放)]]></description>
        <styleUrl>#icon-1735-1A237E</styleUrl>
        <ExtendedData>
          <Data name="説明">
            <value>冬期開放: 
冬期未開放: ◯
身障者対応: 
身障者非対応: ◯
種別: 4.身障者対応(冬期未開放)</value>
          </Data>
          <Data name="冬期開放">
            <value/>
          </Data>
          <Data name="冬期未開放">
            <value>◯</value>
          </Data>
          <Data name="身障者対応">
            <value/>
          </Data>
          <Data name="身障者非対応">
            <value>◯</value>
          </Data>
          <Data name="種別">
            <value>4.身障者対応(冬期未開放)</value>
          </Data>
        </ExtendedData>
        <Point>
          <coordinates>
            141.4307679,43.1189253,0
          </coordinates>
        </Point>
      </Placemark>
      <Placemark>
        <name>東雁来公園</name>
        <description><![CDATA[説明: 冬期開放: <br>冬期未開放: ◯<br>身障者対応: ◯<br>身障者非対応: <br>種別: 4.身障者対応(冬期未開放)<br>冬期開放: <br>冬期未開放: ◯<br>身障者対応: ◯<br>身障者非対応: <br>種別: 4.身障者対応(冬期未開放)]]></description>
        <styleUrl>#icon-1735-1A237E</styleUrl>
        <ExtendedData>
          <Data name="説明">
            <value>冬期開放: 
冬期未開放: ◯
身障者対応: ◯
身障者非対応: 
種別: 4.身障者対応(冬期未開放)</value>
          </Data>
          <Data name="冬期開放">
            <value/>
          </Data>
          <Data name="冬期未開放">
            <value>◯</value>
          </Data>
          <Data name="身障者対応">
            <value>◯</value>
          </Data>
          <Data name="身障者非対応">
            <value/>
          </Data>
          <Data name="種別">
            <value>4.身障者対応(冬期未開放)</value>
          </Data>
        </ExtendedData>
        <Point>
          <coordinates>
            141.432608,43.09785,0
          </coordinates>
        </Point>
      </Placemark>
      <Placemark>
        <name>東雁来公園</name>
        <description><![CDATA[説明: 冬期開放: <br>冬期未開放: ◯<br>身障者対応: ◯<br>身障者非対応: <br>種別: 4.身障者対応(冬期未開放)<br>冬期開放: <br>冬期未開放: ◯<br>身障者対応: ◯<br>身障者非対応: <br>種別: 4.身障者対応(冬期未開放)]]></description>
        <styleUrl>#icon-1735-1A237E</styleUrl>
        <ExtendedData>
          <Data name="説明">
            <value>冬期開放: 
冬期未開放: ◯
身障者対応: ◯
身障者非対応: 
種別: 4.身障者対応(冬期未開放)</value>
          </Data>
          <Data name="冬期開放">
            <value/>
          </Data>
          <Data name="冬期未開放">
            <value>◯</value>
          </Data>
          <Data name="身障者対応">
            <value>◯</value>
          </Data>
          <Data name="身障者非対応">
            <value/>
          </Data>
          <Data name="種別">
            <value>4.身障者対応(冬期未開放)</value>
          </Data>
        </ExtendedData>
        <Point>
          <coordinates>
            141.432608,43.09785,0
          </coordinates>
        </Point>
      </Placemark>
      <Placemark>
        <name>中沼公園</name>
        <description><![CDATA[説明: 冬期開放: <br>冬期未開放: ◯<br>身障者対応: <br>身障者非対応: ◯<br>種別: 2.冬期未開放(身障者非対応)<br>冬期開放: <br>冬期未開放: ◯<br>身障者対応: <br>身障者非対応: ◯<br>種別: 2.冬期未開放(身障者非対応)]]></description>
        <styleUrl>#icon-1733-1A237E</styleUrl>
        <ExtendedData>
          <Data name="説明">
            <value>冬期開放: 
冬期未開放: ◯
身障者対応: 
身障者非対応: ◯
種別: 2.冬期未開放(身障者非対応)</value>
          </Data>
          <Data name="冬期開放">
            <value/>
          </Data>
          <Data name="冬期未開放">
            <value>◯</value>
          </Data>
          <Data name="身障者対応">
            <value/>
          </Data>
          <Data name="身障者非対応">
            <value>◯</value>
          </Data>
          <Data name="種別">
            <value>2.冬期未開放(身障者非対応)</value>
          </Data>
        </ExtendedData>
        <Point>
          <coordinates>
            141.413241,43.129781,0
          </coordinates>
        </Point>
      </Placemark>
      <Placemark>
        <name>光星緑地</name>
        <description><![CDATA[説明: 冬期開放: <br>冬期未開放: ◯<br>身障者対応: <br>身障者非対応: ◯<br>種別: 2.冬期未開放(身障者非対応)<br>冬期開放: <br>冬期未開放: ◯<br>身障者対応: <br>身障者非対応: ◯<br>種別: 2.冬期未開放(身障者非対応)]]></description>
        <styleUrl>#icon-1733-1A237E</styleUrl>
        <ExtendedData>
          <Data name="説明">
            <value>冬期開放: 
冬期未開放: ◯
身障者対応: 
身障者非対応: ◯
種別: 2.冬期未開放(身障者非対応)</value>
          </Data>
          <Data name="冬期開放">
            <value/>
          </Data>
          <Data name="冬期未開放">
            <value>◯</value>
          </Data>
          <Data name="身障者対応">
            <value/>
          </Data>
          <Data name="身障者非対応">
            <value>◯</value>
          </Data>
          <Data name="種別">
            <value>2.冬期未開放(身障者非対応)</value>
          </Data>
        </ExtendedData>
        <Point>
          <coordinates>
            141.365076,43.076913,0
          </coordinates>
        </Point>
      </Placemark>
      <Placemark>
        <name>札苗中央公園</name>
        <description><![CDATA[説明: 冬期開放: ◯<br>冬期未開放: <br>身障者対応: <br>身障者非対応: ◯<br>種別: 1.冬期開放(身障者非対応)<br>冬期開放: ◯<br>冬期未開放: <br>身障者対応: <br>身障者非対応: ◯<br>種別: 1.冬期開放(身障者非対応)]]></description>
        <styleUrl>#icon-1733-A52714</styleUrl>
        <ExtendedData>
          <Data name="説明">
            <value>冬期開放: ◯
冬期未開放: 
身障者対応: 
身障者非対応: ◯
種別: 1.冬期開放(身障者非対応)</value>
          </Data>
          <Data name="冬期開放">
            <value>◯</value>
          </Data>
          <Data name="冬期未開放">
            <value/>
          </Data>
          <Data name="身障者対応">
            <value/>
          </Data>
          <Data name="身障者非対応">
            <value>◯</value>
          </Data>
          <Data name="種別">
            <value>1.冬期開放(身障者非対応)</value>
          </Data>
        </ExtendedData>
        <Point>
          <coordinates>
            141.409144,43.094724,0
          </coordinates>
        </Point>
      </Placemark>
      <Placemark>
        <name>札苗東公園</name>
        <description><![CDATA[説明: 冬期開放: <br>冬期未開放: ◯<br>身障者対応: <br>身障者非対応: ◯<br>種別: 2.冬期未開放(身障者非対応)<br>冬期開放: <br>冬期未開放: ◯<br>身障者対応: <br>身障者非対応: ◯<br>種別: 2.冬期未開放(身障者非対応)]]></description>
        <styleUrl>#icon-1733-1A237E</styleUrl>
        <ExtendedData>
          <Data name="説明">
            <value>冬期開放: 
冬期未開放: ◯
身障者対応: 
身障者非対応: ◯
種別: 2.冬期未開放(身障者非対応)</value>
          </Data>
          <Data name="冬期開放">
            <value/>
          </Data>
          <Data name="冬期未開放">
            <value>◯</value>
          </Data>
          <Data name="身障者対応">
            <value/>
          </Data>
          <Data name="身障者非対応">
            <value>◯</value>
          </Data>
          <Data name="種別">
            <value>2.冬期未開放(身障者非対応)</value>
          </Data>
        </ExtendedData>
        <Point>
          <coordinates>
            141.429908,43.107314,0
          </coordinates>
        </Point>
      </Placemark>
      <Placemark>
        <name>東苗穂公園</name>
        <description><![CDATA[説明: 冬期開放: ◯<br>冬期未開放: <br>身障者対応:◯ <br>身障者非対応: <br>種別: 1.冬期開放(身障者対応)<br>冬期開放: ◯<br>冬期未開放: <br>身障者対応: ◯<br>身障者非対応: <br>種別: 1.冬期開放(身障者対応)]]></description>
        <styleUrl>#icon-1735-A52714</styleUrl>
        <ExtendedData>
          <Data name="説明">
            <value>冬期開放: ◯
冬期未開放: 
身障者対応:◯ 
身障者非対応: 
種別: 1.冬期開放(身障者対応)</value>
          </Data>
          <Data name="冬期開放">
            <value>◯</value>
          </Data>
          <Data name="冬期未開放">
            <value/>
          </Data>
          <Data name="身障者対応">
            <value>◯</value>
          </Data>
          <Data name="身障者非対応">
            <value/>
          </Data>
          <Data name="種別">
            <value>1.冬期開放(身障者対応)</value>
          </Data>
        </ExtendedData>
        <Point>
          <coordinates>
            141.406771,43.090339,0
          </coordinates>
        </Point>
      </Placemark>
      <Placemark>
        <name>栄ヶ丘公園</name>
        <description><![CDATA[説明: 冬期開放: <br>冬期未開放: ◯<br>身障者対応: <br>身障者非対応: ◯<br>種別: 2.冬期未開放(身障者非対応)<br>冬期開放: <br>冬期未開放: ◯<br>身障者対応: <br>身障者非対応: ◯<br>種別: 2.冬期未開放(身障者非対応)]]></description>
        <styleUrl>#icon-1733-1A237E</styleUrl>
        <ExtendedData>
          <Data name="説明">
            <value>冬期開放: 
冬期未開放: ◯
身障者対応: 
身障者非対応: ◯
種別: 2.冬期未開放(身障者非対応)</value>
          </Data>
          <Data name="冬期開放">
            <value/>
          </Data>
          <Data name="冬期未開放">
            <value>◯</value>
          </Data>
          <Data name="身障者対応">
            <value/>
          </Data>
          <Data name="身障者非対応">
            <value>◯</value>
          </Data>
          <Data name="種別">
            <value>2.冬期未開放(身障者非対応)</value>
          </Data>
        </ExtendedData>
        <Point>
          <coordinates>
            141.379651,43.107588,0
          </coordinates>
        </Point>
      </Placemark>
      <Placemark>
        <name>丘珠ひばり公園</name>
        <description><![CDATA[説明: 冬期開放: <br>冬期未開放: ◯<br>身障者対応: <br>身障者非対応: ◯<br>種別: 2.冬期未開放(身障者非対応)<br>冬期開放: <br>冬期未開放: ◯<br>身障者対応: <br>身障者非対応: ◯<br>種別: 2.冬期未開放(身障者非対応)]]></description>
        <styleUrl>#icon-1733-1A237E</styleUrl>
        <ExtendedData>
          <Data name="説明">
            <value>冬期開放: 
冬期未開放: ◯
身障者対応: 
身障者非対応: ◯
種別: 2.冬期未開放(身障者非対応)</value>
          </Data>
          <Data name="冬期開放">
            <value/>
          </Data>
          <Data name="冬期未開放">
            <value>◯</value>
          </Data>
          <Data name="身障者対応">
            <value/>
          </Data>
          <Data name="身障者非対応">
            <value>◯</value>
          </Data>
          <Data name="種別">
            <value>2.冬期未開放(身障者非対応)</value>
          </Data>
        </ExtendedData>
        <Point>
          <coordinates>
            141.399656,43.128994,0
          </coordinates>
        </Point>
      </Placemark>
      <Placemark>
        <name>丘珠空港緑地</name>
        <description><![CDATA[説明: 冬期開放: <br>冬期未開放: ◯<br>身障者対応: ◯<br>身障者非対応: <br>種別: 4.身障者対応(冬期未開放)<br>冬期開放: <br>冬期未開放: ◯<br>身障者対応: ◯<br>身障者非対応: <br>種別: 4.身障者対応(冬期未開放)]]></description>
        <styleUrl>#icon-1735-1A237E</styleUrl>
        <ExtendedData>
          <Data name="説明">
            <value>冬期開放: 
冬期未開放: ◯
身障者対応: ◯
身障者非対応: 
種別: 4.身障者対応(冬期未開放)</value>
          </Data>
          <Data name="冬期開放">
            <value/>
          </Data>
          <Data name="冬期未開放">
            <value>◯</value>
          </Data>
          <Data name="身障者対応">
            <value>◯</value>
          </Data>
          <Data name="身障者非対応">
            <value/>
          </Data>
          <Data name="種別">
            <value>4.身障者対応(冬期未開放)</value>
          </Data>
        </ExtendedData>
        <Point>
          <coordinates>
            141.392165,43.111109,0
          </coordinates>
        </Point>
      </Placemark>
      <Placemark>
        <name>北40条東公園</name>
        <description><![CDATA[説明: 冬期開放: ◯<br>冬期未開放: <br>身障者対応: ◯<br>身障者非対応: <br>種別: 3.身障者対応(冬期開放)<br>冬期開放: ◯<br>冬期未開放: <br>身障者対応: ◯<br>身障者非対応: <br>種別: 3.身障者対応(冬期開放)]]></description>
        <styleUrl>#icon-1735-A52714</styleUrl>
        <ExtendedData>
          <Data name="説明">
            <value>冬期開放: ◯
冬期未開放: 
身障者対応: ◯
身障者非対応: 
種別: 3.身障者対応(冬期開放)</value>
          </Data>
          <Data name="冬期開放">
            <value>◯</value>
          </Data>
          <Data name="冬期未開放">
            <value/>
          </Data>
          <Data name="身障者対応">
            <value>◯</value>
          </Data>
          <Data name="身障者非対応">
            <value/>
          </Data>
          <Data name="種別">
            <value>3.身障者対応(冬期開放)</value>
          </Data>
        </ExtendedData>
        <Point>
          <coordinates>
            141.348909,43.108145,0
          </coordinates>
        </Point>
      </Placemark>
      <Placemark>
        <name>北園公園</name>
        <description><![CDATA[説明: 冬期開放: ◯<br>冬期未開放: <br>身障者対応: ◯<br>身障者非対応: <br>種別: 3.身障者対応(冬期開放)<br>冬期開放: ◯<br>冬期未開放: <br>身障者対応: ◯<br>身障者非対応: <br>種別: 3.身障者対応(冬期開放)]]></description>
        <styleUrl>#icon-1735-A52714</styleUrl>
        <ExtendedData>
          <Data name="説明">
            <value>冬期開放: ◯
冬期未開放: 
身障者対応: ◯
身障者非対応: 
種別: 3.身障者対応(冬期開放)</value>
          </Data>
          <Data name="冬期開放">
            <value>◯</value>
          </Data>
          <Data name="冬期未開放">
            <value/>
          </Data>
          <Data name="身障者対応">
            <value>◯</value>
          </Data>
          <Data name="身障者非対応">
            <value/>
          </Data>
          <Data name="種別">
            <value>3.身障者対応(冬期開放)</value>
          </Data>
        </ExtendedData>
        <Point>
          <coordinates>
            141.369205,43.091432,0
          </coordinates>
        </Point>
      </Placemark>
      <Placemark>
        <name>中沼リサイクル団地緑地</name>
        <description><![CDATA[説明: 冬期開放: <br>冬期未開放: ◯<br>身障者対応: <br>身障者非対応: ◯<br>種別: 2.冬期未開放(身障者非対応)<br>冬期開放: <br>冬期未開放: ◯<br>身障者対応: <br>身障者非対応: ◯<br>種別: 2.冬期未開放(身障者非対応)]]></description>
        <styleUrl>#icon-1733-1A237E</styleUrl>
        <ExtendedData>
          <Data name="説明">
            <value>冬期開放: 
冬期未開放: ◯
身障者対応: 
身障者非対応: ◯
種別: 2.冬期未開放(身障者非対応)</value>
          </Data>
          <Data name="冬期開放">
            <value/>
          </Data>
          <Data name="冬期未開放">
            <value>◯</value>
          </Data>
          <Data name="身障者対応">
            <value/>
          </Data>
          <Data name="身障者非対応">
            <value>◯</value>
          </Data>
          <Data name="種別">
            <value>2.冬期未開放(身障者非対応)</value>
          </Data>
        </ExtendedData>
        <Point>
          <coordinates>
            141.445193,43.139866,0
          </coordinates>
        </Point>
      </Placemark>
      <Placemark>
        <name>北光緑地</name>
        <description><![CDATA[説明: 冬期開放: <br>冬期未開放: ◯<br>身障者対応: <br>身障者非対応: ◯<br>種別: 2.冬期未開放(身障者非対応)<br>冬期開放: <br>冬期未開放: ◯<br>身障者対応: <br>身障者非対応: ◯<br>種別: 2.冬期未開放(身障者非対応)]]></description>
        <styleUrl>#icon-1733-1A237E</styleUrl>
        <ExtendedData>
          <Data name="説明">
            <value>冬期開放: 
冬期未開放: ◯
身障者対応: 
身障者非対応: ◯
種別: 2.冬期未開放(身障者非対応)</value>
          </Data>
          <Data name="冬期開放">
            <value/>
          </Data>
          <Data name="冬期未開放">
            <value>◯</value>
          </Data>
          <Data name="身障者対応">
            <value/>
          </Data>
          <Data name="身障者非対応">
            <value>◯</value>
          </Data>
          <Data name="種別">
            <value>2.冬期未開放(身障者非対応)</value>
          </Data>
        </ExtendedData>
        <Point>
          <coordinates>
            141.347039,43.09524,0
          </coordinates>
        </Point>
      </Placemark>
      <Placemark>
        <name>モエレ沼公園</name>
        <description><![CDATA[説明: 冬期開放: <br>冬期未開放: ◯<br>身障者対応: <br>身障者非対応: ◯<br>種別: 4.身障者対応(冬期未開放)<br>冬期開放: <br>冬期未開放: ◯<br>身障者対応: <br>身障者非対応: ◯<br>種別: 4.身障者対応(冬期未開放)]]></description>
        <styleUrl>#icon-1735-1A237E</styleUrl>
        <ExtendedData>
          <Data name="説明">
            <value>冬期開放: 
冬期未開放: ◯
身障者対応: 
身障者非対応: ◯
種別: 4.身障者対応(冬期未開放)</value>
          </Data>
          <Data name="冬期開放">
            <value/>
          </Data>
          <Data name="冬期未開放">
            <value>◯</value>
          </Data>
          <Data name="身障者対応">
            <value/>
          </Data>
          <Data name="身障者非対応">
            <value>◯</value>
          </Data>
          <Data name="種別">
            <value>4.身障者対応(冬期未開放)</value>
          </Data>
        </ExtendedData>
        <Point>
          <coordinates>
            141.434822,43.124854,0
          </coordinates>
        </Point>
      </Placemark>
      <Placemark>
        <name>美しが丘西公園</name>
        <description><![CDATA[説明: 冬期開放: <br>冬期未開放: ◯<br>身障者対応: <br>身障者非対応: ◯<br>種別: 2.冬期未開放(身障者非対応)<br>冬期開放: <br>冬期未開放: ◯<br>身障者対応: <br>身障者非対応: ◯<br>種別: 2.冬期未開放(身障者非対応)]]></description>
        <styleUrl>#icon-1733-1A237E</styleUrl>
        <ExtendedData>
          <Data name="説明">
            <value>冬期開放: 
冬期未開放: ◯
身障者対応: 
身障者非対応: ◯
種別: 2.冬期未開放(身障者非対応)</value>
          </Data>
          <Data name="冬期開放">
            <value/>
          </Data>
          <Data name="冬期未開放">
            <value>◯</value>
          </Data>
          <Data name="身障者対応">
            <value/>
          </Data>
          <Data name="身障者非対応">
            <value>◯</value>
          </Data>
          <Data name="種別">
            <value>2.冬期未開放(身障者非対応)</value>
          </Data>
        </ExtendedData>
        <Point>
          <coordinates>
            141.452833,42.978438,0
          </coordinates>
        </Point>
      </Placemark>
      <Placemark>
        <name>北野緑地</name>
        <description><![CDATA[説明: 冬期開放: <br>冬期未開放: ◯<br>身障者対応: <br>身障者非対応: ◯<br>種別: 2.冬期未開放(身障者非対応)<br>冬期開放: <br>冬期未開放: ◯<br>身障者対応: <br>身障者非対応: ◯<br>種別: 2.冬期未開放(身障者非対応)]]></description>
        <styleUrl>#icon-1733-1A237E</styleUrl>
        <ExtendedData>
          <Data name="説明">
            <value>冬期開放: 
冬期未開放: ◯
身障者対応: 
身障者非対応: ◯
種別: 2.冬期未開放(身障者非対応)</value>
          </Data>
          <Data name="冬期開放">
            <value/>
          </Data>
          <Data name="冬期未開放">
            <value>◯</value>
          </Data>
          <Data name="身障者対応">
            <value/>
          </Data>
          <Data name="身障者非対応">
            <value>◯</value>
          </Data>
          <Data name="種別">
            <value>2.冬期未開放(身障者非対応)</value>
          </Data>
        </ExtendedData>
        <Point>
          <coordinates>
            141.452151,43.017987,0
          </coordinates>
        </Point>
      </Placemark>
      <Placemark>
        <name>美しが丘公園</name>
        <description><![CDATA[説明: 冬期開放: <br>冬期未開放: ◯<br>身障者対応: <br>身障者非対応: ◯<br>種別: 2.冬期未開放(身障者非対応)<br>冬期開放: <br>冬期未開放: ◯<br>身障者対応: <br>身障者非対応: ◯<br>種別: 2.冬期未開放(身障者非対応)]]></description>
        <styleUrl>#icon-1733-1A237E</styleUrl>
        <ExtendedData>
          <Data name="説明">
            <value>冬期開放: 
冬期未開放: ◯
身障者対応: 
身障者非対応: ◯
種別: 2.冬期未開放(身障者非対応)</value>
          </Data>
          <Data name="冬期開放">
            <value/>
          </Data>
          <Data name="冬期未開放">
            <value>◯</value>
          </Data>
          <Data name="身障者対応">
            <value/>
          </Data>
          <Data name="身障者非対応">
            <value>◯</value>
          </Data>
          <Data name="種別">
            <value>2.冬期未開放(身障者非対応)</value>
          </Data>
        </ExtendedData>
        <Point>
          <coordinates>
            141.448143,42.986672,0
          </coordinates>
        </Point>
      </Placemark>
      <Placemark>
        <name>北野中央公園</name>
        <description><![CDATA[説明: 冬期開放: ◯<br>冬期未開放: <br>身障者対応: <br>身障者非対応: ◯<br>種別: 1.冬期開放(身障者非対応)<br>冬期開放: ◯<br>冬期未開放: <br>身障者対応: <br>身障者非対応: ◯<br>種別: 1.冬期開放(身障者非対応)]]></description>
        <styleUrl>#icon-1733-A52714</styleUrl>
        <ExtendedData>
          <Data name="説明">
            <value>冬期開放: ◯
冬期未開放: 
身障者対応: 
身障者非対応: ◯
種別: 1.冬期開放(身障者非対応)</value>
          </Data>
          <Data name="冬期開放">
            <value>◯</value>
          </Data>
          <Data name="冬期未開放">
            <value/>
          </Data>
          <Data name="身障者対応">
            <value/>
          </Data>
          <Data name="身障者非対応">
            <value>◯</value>
          </Data>
          <Data name="種別">
            <value>1.冬期開放(身障者非対応)</value>
          </Data>
        </ExtendedData>
        <Point>
          <coordinates>
            141.440955,43.015123,0
          </coordinates>
        </Point>
      </Placemark>
      <Placemark>
        <name>北野西公園</name>
        <description><![CDATA[説明: 冬期開放: <br>冬期未開放: ◯<br>身障者対応: <br>身障者非対応: ◯<br>種別: 2.冬期未開放(身障者非対応)<br>冬期開放: <br>冬期未開放: ◯<br>身障者対応: <br>身障者非対応: ◯<br>種別: 2.冬期未開放(身障者非対応)]]></description>
        <styleUrl>#icon-1733-1A237E</styleUrl>
        <ExtendedData>
          <Data name="説明">
            <value>冬期開放: 
冬期未開放: ◯
身障者対応: 
身障者非対応: ◯
種別: 2.冬期未開放(身障者非対応)</value>
          </Data>
          <Data name="冬期開放">
            <value/>
          </Data>
          <Data name="冬期未開放">
            <value>◯</value>
          </Data>
          <Data name="身障者対応">
            <value/>
          </Data>
          <Data name="身障者非対応">
            <value>◯</value>
          </Data>
          <Data name="種別">
            <value>2.冬期未開放(身障者非対応)</value>
          </Data>
        </ExtendedData>
        <Point>
          <coordinates>
            141.435721,43.019806,0
          </coordinates>
        </Point>
      </Placemark>
      <Placemark>
        <name>平岡東公園</name>
        <description><![CDATA[説明: 冬期開放: <br>冬期未開放: ◯<br>身障者対応: <br>身障者非対応: ◯<br>種別: 2.冬期未開放(身障者非対応)<br>冬期開放: <br>冬期未開放: ◯<br>身障者対応: <br>身障者非対応: ◯<br>種別: 2.冬期未開放(身障者非対応)]]></description>
        <styleUrl>#icon-1733-1A237E</styleUrl>
        <ExtendedData>
          <Data name="説明">
            <value>冬期開放: 
冬期未開放: ◯
身障者対応: 
身障者非対応: ◯
種別: 2.冬期未開放(身障者非対応)</value>
          </Data>
          <Data name="冬期開放">
            <value/>
          </Data>
          <Data name="冬期未開放">
            <value>◯</value>
          </Data>
          <Data name="身障者対応">
            <value/>
          </Data>
          <Data name="身障者非対応">
            <value>◯</value>
          </Data>
          <Data name="種別">
            <value>2.冬期未開放(身障者非対応)</value>
          </Data>
        </ExtendedData>
        <Point>
          <coordinates>
            141.454775,43.008161,0
          </coordinates>
        </Point>
      </Placemark>
      <Placemark>
        <name>東部緑地</name>
        <description><![CDATA[説明: 冬期開放: <br>冬期未開放: ◯<br>身障者対応: <br>身障者非対応: ◯<br>種別: 2.冬期未開放(身障者非対応)<br>冬期開放: <br>冬期未開放: ◯<br>身障者対応: <br>身障者非対応: ◯<br>種別: 2.冬期未開放(身障者非対応)]]></description>
        <styleUrl>#icon-1733-1A237E</styleUrl>
        <ExtendedData>
          <Data name="説明">
            <value>冬期開放: 
冬期未開放: ◯
身障者対応: 
身障者非対応: ◯
種別: 2.冬期未開放(身障者非対応)</value>
          </Data>
          <Data name="冬期開放">
            <value/>
          </Data>
          <Data name="冬期未開放">
            <value>◯</value>
          </Data>
          <Data name="身障者対応">
            <value/>
          </Data>
          <Data name="身障者非対応">
            <value>◯</value>
          </Data>
          <Data name="種別">
            <value>2.冬期未開放(身障者非対応)</value>
          </Data>
        </ExtendedData>
        <Point>
          <coordinates>
            141.48001,43.005328,0
          </coordinates>
        </Point>
      </Placemark>
      <Placemark>
        <name>北野たかくら緑地</name>
        <description><![CDATA[説明: 冬期開放: <br>冬期未開放: ◯<br>身障者対応: ◯<br>身障者非対応: <br>種別: 4.身障者対応(冬期未開放)<br>冬期開放: <br>冬期未開放: ◯<br>身障者対応: ◯<br>身障者非対応: <br>種別: 4.身障者対応(冬期未開放)]]></description>
        <styleUrl>#icon-1735-1A237E</styleUrl>
        <ExtendedData>
          <Data name="説明">
            <value>冬期開放: 
冬期未開放: ◯
身障者対応: ◯
身障者非対応: 
種別: 4.身障者対応(冬期未開放)</value>
          </Data>
          <Data name="冬期開放">
            <value/>
          </Data>
          <Data name="冬期未開放">
            <value>◯</value>
          </Data>
          <Data name="身障者対応">
            <value>◯</value>
          </Data>
          <Data name="身障者非対応">
            <value/>
          </Data>
          <Data name="種別">
            <value>4.身障者対応(冬期未開放)</value>
          </Data>
        </ExtendedData>
        <Point>
          <coordinates>
            141.446649,43.016734,0
          </coordinates>
        </Point>
      </Placemark>
      <Placemark>
        <name>清田中央公園</name>
        <description><![CDATA[説明: 冬期開放: ◯<br>冬期未開放: <br>身障者対応: ◯<br>身障者非対応: <br>種別: 3.身障者対応(冬期開放)<br>冬期開放: ◯<br>冬期未開放: <br>身障者対応: ◯<br>身障者非対応: <br>種別: 3.身障者対応(冬期開放)]]></description>
        <styleUrl>#icon-1735-A52714</styleUrl>
        <ExtendedData>
          <Data name="説明">
            <value>冬期開放: ◯
冬期未開放: 
身障者対応: ◯
身障者非対応: 
種別: 3.身障者対応(冬期開放)</value>
          </Data>
          <Data name="冬期開放">
            <value>◯</value>
          </Data>
          <Data name="冬期未開放">
            <value/>
          </Data>
          <Data name="身障者対応">
            <value>◯</value>
          </Data>
          <Data name="身障者非対応">
            <value/>
          </Data>
          <Data name="種別">
            <value>3.身障者対応(冬期開放)</value>
          </Data>
        </ExtendedData>
        <Point>
          <coordinates>
            141.42828,42.999109,0
          </coordinates>
        </Point>
      </Placemark>
      <Placemark>
        <name>里塚緑ヶ丘公園</name>
        <description><![CDATA[説明: 冬期開放: <br>冬期未開放: ◯<br>身障者対応: ◯<br>身障者非対応: <br>種別: 4.身障者対応(冬期未開放)<br>冬期開放: <br>冬期未開放: ◯<br>身障者対応: ◯<br>身障者非対応: <br>種別: 4.身障者対応(冬期未開放)]]></description>
        <styleUrl>#icon-1735-1A237E</styleUrl>
        <ExtendedData>
          <Data name="説明">
            <value>冬期開放: 
冬期未開放: ◯
身障者対応: ◯
身障者非対応: 
種別: 4.身障者対応(冬期未開放)</value>
          </Data>
          <Data name="冬期開放">
            <value/>
          </Data>
          <Data name="冬期未開放">
            <value>◯</value>
          </Data>
          <Data name="身障者対応">
            <value>◯</value>
          </Data>
          <Data name="身障者非対応">
            <value/>
          </Data>
          <Data name="種別">
            <value>4.身障者対応(冬期未開放)</value>
          </Data>
        </ExtendedData>
        <Point>
          <coordinates>
            141.475456,42.997233,0
          </coordinates>
        </Point>
      </Placemark>
      <Placemark>
        <name>真栄公園</name>
        <description><![CDATA[説明: 冬期開放: <br>冬期未開放: ◯<br>身障者対応: <br>身障者非対応: ◯<br>種別: 2.冬期未開放(身障者非対応)<br>冬期開放: <br>冬期未開放: ◯<br>身障者対応: <br>身障者非対応: ◯<br>種別: 2.冬期未開放(身障者非対応)]]></description>
        <styleUrl>#icon-1733-1A237E</styleUrl>
        <ExtendedData>
          <Data name="説明">
            <value>冬期開放: 
冬期未開放: ◯
身障者対応: 
身障者非対応: ◯
種別: 2.冬期未開放(身障者非対応)</value>
          </Data>
          <Data name="冬期開放">
            <value/>
          </Data>
          <Data name="冬期未開放">
            <value>◯</value>
          </Data>
          <Data name="身障者対応">
            <value/>
          </Data>
          <Data name="身障者非対応">
            <value>◯</value>
          </Data>
          <Data name="種別">
            <value>2.冬期未開放(身障者非対応)</value>
          </Data>
        </ExtendedData>
        <Point>
          <coordinates>
            141.440941,42.99275,0
          </coordinates>
        </Point>
      </Placemark>
      <Placemark>
        <name>北野ふれあい公園</name>
        <description><![CDATA[説明: 冬期開放: <br>冬期未開放: ◯<br>身障者対応: ◯<br>身障者非対応: <br>種別: 4.身障者対応(冬期未開放)<br>冬期開放: <br>冬期未開放: ◯<br>身障者対応: ◯<br>身障者非対応: <br>種別: 4.身障者対応(冬期未開放)]]></description>
        <styleUrl>#icon-1735-1A237E</styleUrl>
        <ExtendedData>
          <Data name="説明">
            <value>冬期開放: 
冬期未開放: ◯
身障者対応: ◯
身障者非対応: 
種別: 4.身障者対応(冬期未開放)</value>
          </Data>
          <Data name="冬期開放">
            <value/>
          </Data>
          <Data name="冬期未開放">
            <value>◯</value>
          </Data>
          <Data name="身障者対応">
            <value>◯</value>
          </Data>
          <Data name="身障者非対応">
            <value/>
          </Data>
          <Data name="種別">
            <value>4.身障者対応(冬期未開放)</value>
          </Data>
        </ExtendedData>
        <Point>
          <coordinates>
            141.428049,43.00974,0
          </coordinates>
        </Point>
      </Placemark>
      <Placemark>
        <name>平岡公園</name>
        <description><![CDATA[説明: 冬期開放: <br>冬期未開放: ◯<br>身障者対応: ◯<br>身障者非対応: <br>種別: 4.身障者対応(冬期未開放)<br>冬期開放: <br>冬期未開放: ◯<br>身障者対応: ◯<br>身障者非対応: <br>種別: 4.身障者対応(冬期未開放)]]></description>
        <styleUrl>#icon-1735-1A237E</styleUrl>
        <ExtendedData>
          <Data name="説明">
            <value>冬期開放: 
冬期未開放: ◯
身障者対応: ◯
身障者非対応: 
種別: 4.身障者対応(冬期未開放)</value>
          </Data>
          <Data name="冬期開放">
            <value/>
          </Data>
          <Data name="冬期未開放">
            <value>◯</value>
          </Data>
          <Data name="身障者対応">
            <value>◯</value>
          </Data>
          <Data name="身障者非対応">
            <value/>
          </Data>
          <Data name="種別">
            <value>4.身障者対応(冬期未開放)</value>
          </Data>
        </ExtendedData>
        <Point>
          <coordinates>
            141.465233,43.004408,0
          </coordinates>
        </Point>
      </Placemark>
      <Placemark>
        <name>平岡公園</name>
        <description><![CDATA[説明: 冬期開放: <br>冬期未開放: ◯<br>身障者対応: ◯<br>身障者非対応: <br>種別: 4.身障者対応(冬期未開放)<br>冬期開放: <br>冬期未開放: ◯<br>身障者対応: ◯<br>身障者非対応: <br>種別: 4.身障者対応(冬期未開放)]]></description>
        <styleUrl>#icon-1735-1A237E</styleUrl>
        <ExtendedData>
          <Data name="説明">
            <value>冬期開放: 
冬期未開放: ◯
身障者対応: ◯
身障者非対応: 
種別: 4.身障者対応(冬期未開放)</value>
          </Data>
          <Data name="冬期開放">
            <value/>
          </Data>
          <Data name="冬期未開放">
            <value>◯</value>
          </Data>
          <Data name="身障者対応">
            <value>◯</value>
          </Data>
          <Data name="身障者非対応">
            <value/>
          </Data>
          <Data name="種別">
            <value>4.身障者対応(冬期未開放)</value>
          </Data>
        </ExtendedData>
        <Point>
          <coordinates>
            141.47039,43.004306,0
          </coordinates>
        </Point>
      </Placemark>
      <Placemark>
        <name>平岡公園</name>
        <description><![CDATA[説明: 冬期開放: <br>冬期未開放: ◯<br>身障者対応: ◯<br>身障者非対応: <br>種別: 4.身障者対応(冬期未開放)<br>冬期開放: <br>冬期未開放: ◯<br>身障者対応: ◯<br>身障者非対応: <br>種別: 4.身障者対応(冬期未開放)]]></description>
        <styleUrl>#icon-1735-1A237E</styleUrl>
        <ExtendedData>
          <Data name="説明">
            <value>冬期開放: 
冬期未開放: ◯
身障者対応: ◯
身障者非対応: 
種別: 4.身障者対応(冬期未開放)</value>
          </Data>
          <Data name="冬期開放">
            <value/>
          </Data>
          <Data name="冬期未開放">
            <value>◯</value>
          </Data>
          <Data name="身障者対応">
            <value>◯</value>
          </Data>
          <Data name="身障者非対応">
            <value/>
          </Data>
          <Data name="種別">
            <value>4.身障者対応(冬期未開放)</value>
          </Data>
        </ExtendedData>
        <Point>
          <coordinates>
            141.465924,42.998058,0
          </coordinates>
        </Point>
      </Placemark>
      <Placemark>
        <name>平岡公園</name>
        <description><![CDATA[説明: 冬期開放: <br>冬期未開放: ◯<br>身障者対応: ◯<br>身障者非対応: <br>種別: 4.身障者対応(冬期未開放)<br>冬期開放: <br>冬期未開放: ◯<br>身障者対応: ◯<br>身障者非対応: <br>種別: 4.身障者対応(冬期未開放)]]></description>
        <styleUrl>#icon-1735-1A237E</styleUrl>
        <ExtendedData>
          <Data name="説明">
            <value>冬期開放: 
冬期未開放: ◯
身障者対応: ◯
身障者非対応: 
種別: 4.身障者対応(冬期未開放)</value>
          </Data>
          <Data name="冬期開放">
            <value/>
          </Data>
          <Data name="冬期未開放">
            <value>◯</value>
          </Data>
          <Data name="身障者対応">
            <value>◯</value>
          </Data>
          <Data name="身障者非対応">
            <value/>
          </Data>
          <Data name="種別">
            <value>4.身障者対応(冬期未開放)</value>
          </Data>
        </ExtendedData>
        <Point>
          <coordinates>
            141.465308,43.002282,0
          </coordinates>
        </Point>
      </Placemark>
      <Placemark>
        <name>平岡公園</name>
        <description><![CDATA[説明: 冬期開放: <br>冬期未開放: ◯<br>身障者対応: ◯<br>身障者非対応: <br>種別: 4.身障者対応(冬期未開放)<br>冬期開放: <br>冬期未開放: ◯<br>身障者対応: ◯<br>身障者非対応: <br>種別: 4.身障者対応(冬期未開放)]]></description>
        <styleUrl>#icon-1735-1A237E</styleUrl>
        <ExtendedData>
          <Data name="説明">
            <value>冬期開放: 
冬期未開放: ◯
身障者対応: ◯
身障者非対応: 
種別: 4.身障者対応(冬期未開放)</value>
          </Data>
          <Data name="冬期開放">
            <value/>
          </Data>
          <Data name="冬期未開放">
            <value>◯</value>
          </Data>
          <Data name="身障者対応">
            <value>◯</value>
          </Data>
          <Data name="身障者非対応">
            <value/>
          </Data>
          <Data name="種別">
            <value>4.身障者対応(冬期未開放)</value>
          </Data>
        </ExtendedData>
        <Point>
          <coordinates>
            141.460636,43.004194,0
          </coordinates>
        </Point>
      </Placemark>
      <Placemark>
        <name>平岡公園</name>
        <description><![CDATA[説明: 冬期開放: <br>冬期未開放: ◯<br>身障者対応: ◯<br>身障者非対応: <br>種別: 4.身障者対応(冬期未開放)<br>冬期開放: <br>冬期未開放: ◯<br>身障者対応: ◯<br>身障者非対応: <br>種別: 4.身障者対応(冬期未開放)]]></description>
        <styleUrl>#icon-1735-1A237E</styleUrl>
        <ExtendedData>
          <Data name="説明">
            <value>冬期開放: 
冬期未開放: ◯
身障者対応: ◯
身障者非対応: 
種別: 4.身障者対応(冬期未開放)</value>
          </Data>
          <Data name="冬期開放">
            <value/>
          </Data>
          <Data name="冬期未開放">
            <value>◯</value>
          </Data>
          <Data name="身障者対応">
            <value>◯</value>
          </Data>
          <Data name="身障者非対応">
            <value/>
          </Data>
          <Data name="種別">
            <value>4.身障者対応(冬期未開放)</value>
          </Data>
        </ExtendedData>
        <Point>
          <coordinates>
            141.463732,43.00607,0
          </coordinates>
        </Point>
      </Placemark>
      <Placemark>
        <name>美しが丘南公園</name>
        <description><![CDATA[説明: 冬期開放: <br>冬期未開放: ◯<br>身障者対応: <br>身障者非対応: ◯<br>種別: 2.冬期未開放(身障者非対応)<br>冬期開放: <br>冬期未開放: ◯<br>身障者対応: <br>身障者非対応: ◯<br>種別: 2.冬期未開放(身障者非対応)]]></description>
        <styleUrl>#icon-1733-1A237E</styleUrl>
        <ExtendedData>
          <Data name="説明">
            <value>冬期開放: 
冬期未開放: ◯
身障者対応: 
身障者非対応: ◯
種別: 2.冬期未開放(身障者非対応)</value>
          </Data>
          <Data name="冬期開放">
            <value/>
          </Data>
          <Data name="冬期未開放">
            <value>◯</value>
          </Data>
          <Data name="身障者対応">
            <value/>
          </Data>
          <Data name="身障者非対応">
            <value>◯</value>
          </Data>
          <Data name="種別">
            <value>2.冬期未開放(身障者非対応)</value>
          </Data>
        </ExtendedData>
        <Point>
          <coordinates>
            141.46178,42.979977,0
          </coordinates>
        </Point>
      </Placemark>
      <Placemark>
        <name>清田緑地</name>
        <description><![CDATA[説明: 冬期開放: <br>冬期未開放: ◯<br>身障者対応: <br>身障者非対応: ◯<br>種別: 2.冬期未開放(身障者非対応)<br>冬期開放: <br>冬期未開放: ◯<br>身障者対応: <br>身障者非対応: ◯<br>種別: 2.冬期未開放(身障者非対応)]]></description>
        <styleUrl>#icon-1733-1A237E</styleUrl>
        <ExtendedData>
          <Data name="説明">
            <value>冬期開放: 
冬期未開放: ◯
身障者対応: 
身障者非対応: ◯
種別: 2.冬期未開放(身障者非対応)</value>
          </Data>
          <Data name="冬期開放">
            <value/>
          </Data>
          <Data name="冬期未開放">
            <value>◯</value>
          </Data>
          <Data name="身障者対応">
            <value/>
          </Data>
          <Data name="身障者非対応">
            <value>◯</value>
          </Data>
          <Data name="種別">
            <value>2.冬期未開放(身障者非対応)</value>
          </Data>
        </ExtendedData>
        <Point>
          <coordinates>
            141.443278,43.002996,0
          </coordinates>
        </Point>
      </Placemark>
      <Placemark>
        <name>三里塚公園</name>
        <description><![CDATA[説明: 冬期開放: ◯<br>冬期未開放: <br>身障者対応: <br>身障者非対応: ◯<br>種別: 1.冬期開放(身障者非対応)<br>冬期開放: ◯<br>冬期未開放: <br>身障者対応: <br>身障者非対応: ◯<br>種別: 1.冬期開放(身障者非対応)]]></description>
        <styleUrl>#icon-1733-A52714</styleUrl>
        <ExtendedData>
          <Data name="説明">
            <value>冬期開放: ◯
冬期未開放: 
身障者対応: 
身障者非対応: ◯
種別: 1.冬期開放(身障者非対応)</value>
          </Data>
          <Data name="冬期開放">
            <value>◯</value>
          </Data>
          <Data name="冬期未開放">
            <value/>
          </Data>
          <Data name="身障者対応">
            <value/>
          </Data>
          <Data name="身障者非対応">
            <value>◯</value>
          </Data>
          <Data name="種別">
            <value>1.冬期開放(身障者非対応)</value>
          </Data>
        </ExtendedData>
        <Point>
          <coordinates>
            141.467825,42.982326,0
          </coordinates>
        </Point>
      </Placemark>
      <Placemark>
        <name>真栄西公園</name>
        <description><![CDATA[説明: 冬期開放: <br>冬期未開放: ◯<br>身障者対応: <br>身障者非対応: ◯<br>種別: 2.冬期未開放(身障者非対応)<br>冬期開放: <br>冬期未開放: ◯<br>身障者対応: <br>身障者非対応: ◯<br>種別: 2.冬期未開放(身障者非対応)]]></description>
        <styleUrl>#icon-1733-1A237E</styleUrl>
        <ExtendedData>
          <Data name="説明">
            <value>冬期開放: 
冬期未開放: ◯
身障者対応: 
身障者非対応: ◯
種別: 2.冬期未開放(身障者非対応)</value>
          </Data>
          <Data name="冬期開放">
            <value/>
          </Data>
          <Data name="冬期未開放">
            <value>◯</value>
          </Data>
          <Data name="身障者対応">
            <value/>
          </Data>
          <Data name="身障者非対応">
            <value>◯</value>
          </Data>
          <Data name="種別">
            <value>2.冬期未開放(身障者非対応)</value>
          </Data>
        </ExtendedData>
        <Point>
          <coordinates>
            141.434636,42.981117,0
          </coordinates>
        </Point>
      </Placemark>
      <Placemark>
        <name>真栄東公園</name>
        <description><![CDATA[説明: 冬期開放: <br>冬期未開放: ◯<br>身障者対応: <br>身障者非対応: ◯<br>種別: 2.冬期未開放(身障者非対応)<br>冬期開放: <br>冬期未開放: ◯<br>身障者対応: <br>身障者非対応: ◯<br>種別: 2.冬期未開放(身障者非対応)]]></description>
        <styleUrl>#icon-1733-1A237E</styleUrl>
        <ExtendedData>
          <Data name="説明">
            <value>冬期開放: 
冬期未開放: ◯
身障者対応: 
身障者非対応: ◯
種別: 2.冬期未開放(身障者非対応)</value>
          </Data>
          <Data name="冬期開放">
            <value/>
          </Data>
          <Data name="冬期未開放">
            <value>◯</value>
          </Data>
          <Data name="身障者対応">
            <value/>
          </Data>
          <Data name="身障者非対応">
            <value>◯</value>
          </Data>
          <Data name="種別">
            <value>2.冬期未開放(身障者非対応)</value>
          </Data>
        </ExtendedData>
        <Point>
          <coordinates>
            141.448195,42.978601,0
          </coordinates>
        </Point>
      </Placemark>
      <Placemark>
        <name>清田公園</name>
        <description><![CDATA[説明: 冬期開放: ◯<br>冬期未開放: <br>身障者対応: ◯<br>身障者非対応: <br>種別: 3.身障者対応(冬期開放)<br>冬期開放: ◯<br>冬期未開放: <br>身障者対応: ◯<br>身障者非対応: <br>種別: 3.身障者対応(冬期開放)]]></description>
        <styleUrl>#icon-1735-A52714</styleUrl>
        <ExtendedData>
          <Data name="説明">
            <value>冬期開放: ◯
冬期未開放: 
身障者対応: ◯
身障者非対応: 
種別: 3.身障者対応(冬期開放)</value>
          </Data>
          <Data name="冬期開放">
            <value>◯</value>
          </Data>
          <Data name="冬期未開放">
            <value/>
          </Data>
          <Data name="身障者対応">
            <value>◯</value>
          </Data>
          <Data name="身障者非対応">
            <value/>
          </Data>
          <Data name="種別">
            <value>3.身障者対応(冬期開放)</value>
          </Data>
        </ExtendedData>
        <Point>
          <coordinates>
            141.440301,43.005868,0
          </coordinates>
        </Point>
      </Placemark>
      <Placemark>
        <name>清田南公園</name>
        <description><![CDATA[説明: 冬期開放: ◯<br>冬期未開放: <br>身障者対応: <br>身障者非対応:◯ <br>種別: 1.冬期開放(身障者非対応)<br><br>冬期開放: ◯<br>冬期未開放: <br>身障者対応: <br>身障者非対応: ◯<br>種別: 1.冬期開放(身障者非対応)<br>]]></description>
        <styleUrl>#icon-1733-A52714</styleUrl>
        <ExtendedData>
          <Data name="説明">
            <value>冬期開放: ◯
冬期未開放: 
身障者対応: 
身障者非対応:◯ 
種別: 1.冬期開放(身障者非対応)
</value>
          </Data>
          <Data name="冬期開放">
            <value>◯</value>
          </Data>
          <Data name="冬期未開放">
            <value/>
          </Data>
          <Data name="身障者対応">
            <value/>
          </Data>
          <Data name="身障者非対応">
            <value>◯</value>
          </Data>
          <Data name="種別">
            <value>1.冬期開放(身障者非対応)
</value>
          </Data>
        </ExtendedData>
        <Point>
          <coordinates>
            141.428513,42.988003,0
          </coordinates>
        </Point>
      </Placemark>
      <Placemark>
        <name>清田南公園</name>
        <description><![CDATA[説明: 冬期開放: ◯<br>冬期未開放: <br>身障者対応: <br>身障者非対応:◯ <br>種別:4.身障者対応(冬期未開放)<br>冬期開放: ◯<br>冬期未開放: <br>身障者対応: <br>身障者非対応: ◯<br>種別: 4.身障者対応(冬期未開放)]]></description>
        <styleUrl>#icon-1735-1A237E</styleUrl>
        <ExtendedData>
          <Data name="説明">
            <value>冬期開放: ◯
冬期未開放: 
身障者対応: 
身障者非対応:◯ 
種別:4.身障者対応(冬期未開放)</value>
          </Data>
          <Data name="冬期開放">
            <value>◯</value>
          </Data>
          <Data name="冬期未開放">
            <value/>
          </Data>
          <Data name="身障者対応">
            <value/>
          </Data>
          <Data name="身障者非対応">
            <value>◯</value>
          </Data>
          <Data name="種別">
            <value>4.身障者対応(冬期未開放)</value>
          </Data>
        </ExtendedData>
        <Point>
          <coordinates>
            141.4288027,42.9905111,0
          </coordinates>
        </Point>
      </Placemark>
      <Placemark>
        <name>平岡公園</name>
        <description><![CDATA[説明: 冬期開放: <br>冬期未開放: ◯<br>身障者対応: <br>身障者非対応: ◯<br>種別: 2.冬期未開放(身障者非対応)<br>冬期開放: <br>冬期未開放: ◯<br>身障者対応: <br>身障者非対応: ◯<br>種別: 2.冬期未開放(身障者非対応)]]></description>
        <styleUrl>#icon-1733-1A237E</styleUrl>
        <ExtendedData>
          <Data name="説明">
            <value>冬期開放: 
冬期未開放: ◯
身障者対応: 
身障者非対応: ◯
種別: 2.冬期未開放(身障者非対応)</value>
          </Data>
          <Data name="冬期開放">
            <value/>
          </Data>
          <Data name="冬期未開放">
            <value>◯</value>
          </Data>
          <Data name="身障者対応">
            <value/>
          </Data>
          <Data name="身障者非対応">
            <value>◯</value>
          </Data>
          <Data name="種別">
            <value>2.冬期未開放(身障者非対応)</value>
          </Data>
        </ExtendedData>
        <Point>
          <coordinates>
            141.470141,43.007058,0
          </coordinates>
        </Point>
      </Placemark>
      <Placemark>
        <name>平岡公園</name>
        <description><![CDATA[説明: 冬期開放: ◯<br>冬期未開放: <br>身障者対応: <br>身障者非対応: ◯<br>種別: 1.冬期開放(身障者非対応)<br>冬期開放: ◯<br>冬期未開放: <br>身障者対応: <br>身障者非対応: ◯<br>種別: 1.冬期開放(身障者非対応)]]></description>
        <styleUrl>#icon-1733-A52714</styleUrl>
        <ExtendedData>
          <Data name="説明">
            <value>冬期開放: ◯
冬期未開放: 
身障者対応: 
身障者非対応: ◯
種別: 1.冬期開放(身障者非対応)</value>
          </Data>
          <Data name="冬期開放">
            <value>◯</value>
          </Data>
          <Data name="冬期未開放">
            <value/>
          </Data>
          <Data name="身障者対応">
            <value/>
          </Data>
          <Data name="身障者非対応">
            <value>◯</value>
          </Data>
          <Data name="種別">
            <value>1.冬期開放(身障者非対応)</value>
          </Data>
        </ExtendedData>
        <Point>
          <coordinates>
            141.46843,43.009267,0
          </coordinates>
        </Point>
      </Placemark>
      <Placemark>
        <name>平岡中央公園</name>
        <description><![CDATA[説明: 冬期開放: <br>冬期未開放: ◯<br>身障者対応:◯ <br>身障者非対応: <br>種別: 2.冬期未開放(身障者非対応)<br>冬期開放: <br>冬期未開放: ◯<br>身障者対応: ◯<br>身障者非対応: <br>種別: 2.冬期未開放(身障者非対応)]]></description>
        <styleUrl>#icon-1735-1A237E</styleUrl>
        <ExtendedData>
          <Data name="説明">
            <value>冬期開放: 
冬期未開放: ◯
身障者対応:◯ 
身障者非対応: 
種別: 2.冬期未開放(身障者非対応)</value>
          </Data>
          <Data name="冬期開放">
            <value/>
          </Data>
          <Data name="冬期未開放">
            <value>◯</value>
          </Data>
          <Data name="身障者対応">
            <value>◯</value>
          </Data>
          <Data name="身障者非対応">
            <value/>
          </Data>
          <Data name="種別">
            <value>2.冬期未開放(身障者非対応)</value>
          </Data>
        </ExtendedData>
        <Point>
          <coordinates>
            141.450753,43.003982,0
          </coordinates>
        </Point>
      </Placemark>
      <Placemark>
        <name>平岡南公園</name>
        <description><![CDATA[説明: 冬期開放: ◯<br>冬期未開放: <br>身障者対応: <br>身障者非対応: ◯<br>種別: 1.冬期開放(身障者非対応)<br>冬期開放: ◯<br>冬期未開放: <br>身障者対応: <br>身障者非対応: ◯<br>種別: 1.冬期開放(身障者非対応)]]></description>
        <styleUrl>#icon-1733-A52714</styleUrl>
        <ExtendedData>
          <Data name="説明">
            <value>冬期開放: ◯
冬期未開放: 
身障者対応: 
身障者非対応: ◯
種別: 1.冬期開放(身障者非対応)</value>
          </Data>
          <Data name="冬期開放">
            <value>◯</value>
          </Data>
          <Data name="冬期未開放">
            <value/>
          </Data>
          <Data name="身障者対応">
            <value/>
          </Data>
          <Data name="身障者非対応">
            <value>◯</value>
          </Data>
          <Data name="種別">
            <value>1.冬期開放(身障者非対応)</value>
          </Data>
        </ExtendedData>
        <Point>
          <coordinates>
            141.455101,42.992278,0
          </coordinates>
        </Point>
      </Placemark>
      <Placemark>
        <name>平岡北公園</name>
        <description><![CDATA[説明: 冬期開放: ◯<br>冬期未開放: <br>身障者対応: <br>身障者非対応: ◯<br>種別: 1.冬期開放(身障者非対応)<br>冬期開放: ◯<br>冬期未開放: <br>身障者対応: <br>身障者非対応: ◯<br>種別: 1.冬期開放(身障者非対応)]]></description>
        <styleUrl>#icon-1733-A52714</styleUrl>
        <ExtendedData>
          <Data name="説明">
            <value>冬期開放: ◯
冬期未開放: 
身障者対応: 
身障者非対応: ◯
種別: 1.冬期開放(身障者非対応)</value>
          </Data>
          <Data name="冬期開放">
            <value>◯</value>
          </Data>
          <Data name="冬期未開放">
            <value/>
          </Data>
          <Data name="身障者対応">
            <value/>
          </Data>
          <Data name="身障者非対応">
            <value>◯</value>
          </Data>
          <Data name="種別">
            <value>1.冬期開放(身障者非対応)</value>
          </Data>
        </ExtendedData>
        <Point>
          <coordinates>
            141.458157,43.013234,0
          </coordinates>
        </Point>
      </Placemark>
      <Placemark>
        <name>平岡北公園</name>
        <description><![CDATA[説明: 冬期開放: ◯<br>冬期未開放: <br>身障者対応: <br>身障者非対応: ◯<br>種別: 1.冬期開放(身障者非対応)<br>冬期開放: ◯<br>冬期未開放: <br>身障者対応: <br>身障者非対応: ◯<br>種別: 1.冬期開放(身障者非対応)]]></description>
        <styleUrl>#icon-1733-A52714</styleUrl>
        <ExtendedData>
          <Data name="説明">
            <value>冬期開放: ◯
冬期未開放: 
身障者対応: 
身障者非対応: ◯
種別: 1.冬期開放(身障者非対応)</value>
          </Data>
          <Data name="冬期開放">
            <value>◯</value>
          </Data>
          <Data name="冬期未開放">
            <value/>
          </Data>
          <Data name="身障者対応">
            <value/>
          </Data>
          <Data name="身障者非対応">
            <value>◯</value>
          </Data>
          <Data name="種別">
            <value>1.冬期開放(身障者非対応)</value>
          </Data>
        </ExtendedData>
        <Point>
          <coordinates>
            141.45645,43.014108,0
          </coordinates>
        </Point>
      </Placemark>
      <Placemark>
        <name>平岡公園</name>
        <description><![CDATA[説明: 冬期開放: <br>冬期未開放: ◯<br>身障者対応: ◯<br>身障者非対応: <br>種別: 4.身障者対応(冬期未開放)<br>冬期開放: <br>冬期未開放: ◯<br>身障者対応: ◯<br>身障者非対応: <br>種別: 4.身障者対応(冬期未開放)]]></description>
        <styleUrl>#icon-1735-1A237E</styleUrl>
        <ExtendedData>
          <Data name="説明">
            <value>冬期開放: 
冬期未開放: ◯
身障者対応: ◯
身障者非対応: 
種別: 4.身障者対応(冬期未開放)</value>
          </Data>
          <Data name="冬期開放">
            <value/>
          </Data>
          <Data name="冬期未開放">
            <value>◯</value>
          </Data>
          <Data name="身障者対応">
            <value>◯</value>
          </Data>
          <Data name="身障者非対応">
            <value/>
          </Data>
          <Data name="種別">
            <value>4.身障者対応(冬期未開放)</value>
          </Data>
        </ExtendedData>
        <Point>
          <coordinates>
            141.465449,43.000722,0
          </coordinates>
        </Point>
      </Placemark>
      <Placemark>
        <name>清田西公園</name>
        <description><![CDATA[説明: 冬期開放: ◯<br>冬期未開放: <br>身障者対応: <br>身障者非対応: ◯<br>種別: 1.冬期開放(身障者非対応)<br>冬期開放: ◯<br>冬期未開放: <br>身障者対応: <br>身障者非対応: ◯<br>種別: 1.冬期開放(身障者非対応)]]></description>
        <styleUrl>#icon-1733-A52714</styleUrl>
        <ExtendedData>
          <Data name="説明">
            <value>冬期開放: ◯
冬期未開放: 
身障者対応: 
身障者非対応: ◯
種別: 1.冬期開放(身障者非対応)</value>
          </Data>
          <Data name="冬期開放">
            <value>◯</value>
          </Data>
          <Data name="冬期未開放">
            <value/>
          </Data>
          <Data name="身障者対応">
            <value/>
          </Data>
          <Data name="身障者非対応">
            <value>◯</value>
          </Data>
          <Data name="種別">
            <value>1.冬期開放(身障者非対応)</value>
          </Data>
        </ExtendedData>
        <Point>
          <coordinates>
            141.422817,42.99432,0
          </coordinates>
        </Point>
      </Placemark>
      <Placemark>
        <name>月寒河畔緑地</name>
        <description><![CDATA[説明: 冬期開放: <br>冬期未開放: ◯<br>身障者対応: <br>身障者非対応: ◯<br>種別: 2.冬期未開放(身障者非対応)<br>冬期開放: <br>冬期未開放: ◯<br>身障者対応: <br>身障者非対応: ◯<br>種別: 2.冬期未開放(身障者非対応)]]></description>
        <styleUrl>#icon-1733-1A237E</styleUrl>
        <ExtendedData>
          <Data name="説明">
            <value>冬期開放: 
冬期未開放: ◯
身障者対応: 
身障者非対応: ◯
種別: 2.冬期未開放(身障者非対応)</value>
          </Data>
          <Data name="冬期開放">
            <value/>
          </Data>
          <Data name="冬期未開放">
            <value>◯</value>
          </Data>
          <Data name="身障者対応">
            <value/>
          </Data>
          <Data name="身障者非対応">
            <value>◯</value>
          </Data>
          <Data name="種別">
            <value>2.冬期未開放(身障者非対応)</value>
          </Data>
        </ExtendedData>
        <Point>
          <coordinates>
            141.429778,43.046256,0
          </coordinates>
        </Point>
      </Placemark>
      <Placemark>
        <name>白石公園</name>
        <description><![CDATA[説明: 冬期開放: ◯<br>冬期未開放: <br>身障者対応: ◯<br>身障者非対応: <br>種別: 3.身障者対応(冬期開放)<br>冬期開放: ◯<br>冬期未開放: <br>身障者対応: ◯<br>身障者非対応: <br>種別: 3.身障者対応(冬期開放)]]></description>
        <styleUrl>#icon-1735-A52714</styleUrl>
        <ExtendedData>
          <Data name="説明">
            <value>冬期開放: ◯
冬期未開放: 
身障者対応: ◯
身障者非対応: 
種別: 3.身障者対応(冬期開放)</value>
          </Data>
          <Data name="冬期開放">
            <value>◯</value>
          </Data>
          <Data name="冬期未開放">
            <value/>
          </Data>
          <Data name="身障者対応">
            <value>◯</value>
          </Data>
          <Data name="身障者非対応">
            <value/>
          </Data>
          <Data name="種別">
            <value>3.身障者対応(冬期開放)</value>
          </Data>
        </ExtendedData>
        <Point>
          <coordinates>
            141.388069,43.061159,0
          </coordinates>
        </Point>
      </Placemark>
      <Placemark>
        <name>白石公園</name>
        <description><![CDATA[説明: 冬期開放: ◯<br>冬期未開放: <br>身障者対応: ◯<br>身障者非対応: <br>種別: 3.身障者対応(冬期開放)<br>冬期開放: ◯<br>冬期未開放: <br>身障者対応: ◯<br>身障者非対応: <br>種別: 3.身障者対応(冬期開放)]]></description>
        <styleUrl>#icon-1735-A52714</styleUrl>
        <ExtendedData>
          <Data name="説明">
            <value>冬期開放: ◯
冬期未開放: 
身障者対応: ◯
身障者非対応: 
種別: 3.身障者対応(冬期開放)</value>
          </Data>
          <Data name="冬期開放">
            <value>◯</value>
          </Data>
          <Data name="冬期未開放">
            <value/>
          </Data>
          <Data name="身障者対応">
            <value>◯</value>
          </Data>
          <Data name="身障者非対応">
            <value/>
          </Data>
          <Data name="種別">
            <value>3.身障者対応(冬期開放)</value>
          </Data>
        </ExtendedData>
        <Point>
          <coordinates>
            141.388069,43.061159,0
          </coordinates>
        </Point>
      </Placemark>
      <Placemark>
        <name>白石公園</name>
        <description><![CDATA[説明: 冬期開放: ◯<br>冬期未開放: <br>身障者対応: ◯<br>身障者非対応: <br>種別: 3.身障者対応(冬期開放)<br>冬期開放: ◯<br>冬期未開放: <br>身障者対応: ◯<br>身障者非対応: <br>種別: 3.身障者対応(冬期開放)]]></description>
        <styleUrl>#icon-1735-A52714</styleUrl>
        <ExtendedData>
          <Data name="説明">
            <value>冬期開放: ◯
冬期未開放: 
身障者対応: ◯
身障者非対応: 
種別: 3.身障者対応(冬期開放)</value>
          </Data>
          <Data name="冬期開放">
            <value>◯</value>
          </Data>
          <Data name="冬期未開放">
            <value/>
          </Data>
          <Data name="身障者対応">
            <value>◯</value>
          </Data>
          <Data name="身障者非対応">
            <value/>
          </Data>
          <Data name="種別">
            <value>3.身障者対応(冬期開放)</value>
          </Data>
        </ExtendedData>
        <Point>
          <coordinates>
            141.391392,43.062359,0
          </coordinates>
        </Point>
      </Placemark>
      <Placemark>
        <name>白石公園</name>
        <description><![CDATA[説明: 冬期開放: ◯<br>冬期未開放: <br>身障者対応: ◯<br>身障者非対応:<br>種別: 1.冬期開放(身障者対応)<br>冬期開放: ◯<br>冬期未開放: <br>身障者対応: ◯<br>身障者非対応: <br>種別: 1.冬期開放(身障者対応)]]></description>
        <styleUrl>#icon-1735-A52714</styleUrl>
        <ExtendedData>
          <Data name="説明">
            <value>冬期開放: ◯
冬期未開放: 
身障者対応: ◯
身障者非対応:
種別: 1.冬期開放(身障者対応)</value>
          </Data>
          <Data name="冬期開放">
            <value>◯</value>
          </Data>
          <Data name="冬期未開放">
            <value/>
          </Data>
          <Data name="身障者対応">
            <value>◯</value>
          </Data>
          <Data name="身障者非対応">
            <value/>
          </Data>
          <Data name="種別">
            <value>1.冬期開放(身障者対応)</value>
          </Data>
        </ExtendedData>
        <Point>
          <coordinates>
            141.391392,43.062359,0
          </coordinates>
        </Point>
      </Placemark>
      <Placemark>
        <name>わらべ公園</name>
        <description><![CDATA[説明: 冬期開放: <br>冬期未開放: ◯<br>身障者対応: ◯<br>身障者非対応: <br>種別: 4.身障者対応(冬期未開放)<br>冬期開放: <br>冬期未開放: ◯<br>身障者対応: ◯<br>身障者非対応: <br>種別: 4.身障者対応(冬期未開放)]]></description>
        <styleUrl>#icon-1735-1A237E</styleUrl>
        <ExtendedData>
          <Data name="説明">
            <value>冬期開放: 
冬期未開放: ◯
身障者対応: ◯
身障者非対応: 
種別: 4.身障者対応(冬期未開放)</value>
          </Data>
          <Data name="冬期開放">
            <value/>
          </Data>
          <Data name="冬期未開放">
            <value>◯</value>
          </Data>
          <Data name="身障者対応">
            <value>◯</value>
          </Data>
          <Data name="身障者非対応">
            <value/>
          </Data>
          <Data name="種別">
            <value>4.身障者対応(冬期未開放)</value>
          </Data>
        </ExtendedData>
        <Point>
          <coordinates>
            141.409865,43.054015,0
          </coordinates>
        </Point>
      </Placemark>
      <Placemark>
        <name>南郷丘公園</name>
        <description><![CDATA[説明: 冬期開放: ◯<br>冬期未開放: <br>身障者対応: ◯<br>身障者非対応: <br>種別: 3.身障者対応(冬期開放)<br>冬期開放: ◯<br>冬期未開放: <br>身障者対応: ◯<br>身障者非対応: <br>種別: 3.身障者対応(冬期開放)]]></description>
        <styleUrl>#icon-1735-A52714</styleUrl>
        <ExtendedData>
          <Data name="説明">
            <value>冬期開放: ◯
冬期未開放: 
身障者対応: ◯
身障者非対応: 
種別: 3.身障者対応(冬期開放)</value>
          </Data>
          <Data name="冬期開放">
            <value>◯</value>
          </Data>
          <Data name="冬期未開放">
            <value/>
          </Data>
          <Data name="身障者対応">
            <value>◯</value>
          </Data>
          <Data name="身障者非対応">
            <value/>
          </Data>
          <Data name="種別">
            <value>3.身障者対応(冬期開放)</value>
          </Data>
        </ExtendedData>
        <Point>
          <coordinates>
            141.400841,43.046851,0
          </coordinates>
        </Point>
      </Placemark>
      <Placemark>
        <name>北都公園</name>
        <description><![CDATA[説明: 冬期開放: ◯<br>冬期未開放: <br>身障者対応: ◯<br>身障者非対応: <br>種別: 3.身障者対応(冬期開放)<br>冬期開放: ◯<br>冬期未開放: <br>身障者対応: ◯<br>身障者非対応: <br>種別: 3.身障者対応(冬期開放)]]></description>
        <styleUrl>#icon-1735-A52714</styleUrl>
        <ExtendedData>
          <Data name="説明">
            <value>冬期開放: ◯
冬期未開放: 
身障者対応: ◯
身障者非対応: 
種別: 3.身障者対応(冬期開放)</value>
          </Data>
          <Data name="冬期開放">
            <value>◯</value>
          </Data>
          <Data name="冬期未開放">
            <value/>
          </Data>
          <Data name="身障者対応">
            <value>◯</value>
          </Data>
          <Data name="身障者非対応">
            <value/>
          </Data>
          <Data name="種別">
            <value>3.身障者対応(冬期開放)</value>
          </Data>
        </ExtendedData>
        <Point>
          <coordinates>
            141.437409,43.051226,0
          </coordinates>
        </Point>
      </Placemark>
      <Placemark>
        <name>白石東冒険公園</name>
        <description><![CDATA[説明: 冬期開放: ◯<br>冬期未開放: <br>身障者対応: ◯<br>身障者非対応: <br>種別: 3.身障者対応(冬期開放)<br>冬期開放: ◯<br>冬期未開放: <br>身障者対応: ◯<br>身障者非対応: <br>種別: 3.身障者対応(冬期開放)]]></description>
        <styleUrl>#icon-1735-A52714</styleUrl>
        <ExtendedData>
          <Data name="説明">
            <value>冬期開放: ◯
冬期未開放: 
身障者対応: ◯
身障者非対応: 
種別: 3.身障者対応(冬期開放)</value>
          </Data>
          <Data name="冬期開放">
            <value>◯</value>
          </Data>
          <Data name="冬期未開放">
            <value/>
          </Data>
          <Data name="身障者対応">
            <value>◯</value>
          </Data>
          <Data name="身障者非対応">
            <value/>
          </Data>
          <Data name="種別">
            <value>3.身障者対応(冬期開放)</value>
          </Data>
        </ExtendedData>
        <Point>
          <coordinates>
            141.435998,43.02792,0
          </coordinates>
        </Point>
      </Placemark>
      <Placemark>
        <name>白生公園</name>
        <description><![CDATA[説明: 冬期開放: ◯<br>冬期未開放: <br>身障者対応: ◯<br>身障者非対応: <br>種別: 3.身障者対応(冬期開放)<br>冬期開放: ◯<br>冬期未開放: <br>身障者対応: ◯<br>身障者非対応: <br>種別: 3.身障者対応(冬期開放)]]></description>
        <styleUrl>#icon-1735-A52714</styleUrl>
        <ExtendedData>
          <Data name="説明">
            <value>冬期開放: ◯
冬期未開放: 
身障者対応: ◯
身障者非対応: 
種別: 3.身障者対応(冬期開放)</value>
          </Data>
          <Data name="冬期開放">
            <value>◯</value>
          </Data>
          <Data name="冬期未開放">
            <value/>
          </Data>
          <Data name="身障者対応">
            <value>◯</value>
          </Data>
          <Data name="身障者非対応">
            <value/>
          </Data>
          <Data name="種別">
            <value>3.身障者対応(冬期開放)</value>
          </Data>
        </ExtendedData>
        <Point>
          <coordinates>
            141.403241,43.059475,0
          </coordinates>
        </Point>
      </Placemark>
      <Placemark>
        <name>もつき公園</name>
        <description><![CDATA[説明: 冬期開放: ◯<br>冬期未開放: <br>身障者対応: ◯<br>身障者非対応: <br>種別: 3.身障者対応(冬期開放)<br>冬期開放: ◯<br>冬期未開放: <br>身障者対応: ◯<br>身障者非対応: <br>種別: 3.身障者対応(冬期開放)]]></description>
        <styleUrl>#icon-1735-A52714</styleUrl>
        <ExtendedData>
          <Data name="説明">
            <value>冬期開放: ◯
冬期未開放: 
身障者対応: ◯
身障者非対応: 
種別: 3.身障者対応(冬期開放)</value>
          </Data>
          <Data name="冬期開放">
            <value>◯</value>
          </Data>
          <Data name="冬期未開放">
            <value/>
          </Data>
          <Data name="身障者対応">
            <value>◯</value>
          </Data>
          <Data name="身障者非対応">
            <value/>
          </Data>
          <Data name="種別">
            <value>3.身障者対応(冬期開放)</value>
          </Data>
        </ExtendedData>
        <Point>
          <coordinates>
            141.394872,43.05275,0
          </coordinates>
        </Point>
      </Placemark>
      <Placemark>
        <name>東川下公園</name>
        <description><![CDATA[説明: 冬期開放: ◯<br>冬期未開放: <br>身障者対応: <br>身障者非対応: ◯<br>種別: 1.冬期開放(身障者非対応)<br>冬期開放: ◯<br>冬期未開放: <br>身障者対応: <br>身障者非対応: ◯<br>種別: 1.冬期開放(身障者非対応)]]></description>
        <styleUrl>#icon-1733-A52714</styleUrl>
        <ExtendedData>
          <Data name="説明">
            <value>冬期開放: ◯
冬期未開放: 
身障者対応: 
身障者非対応: ◯
種別: 1.冬期開放(身障者非対応)</value>
          </Data>
          <Data name="冬期開放">
            <value>◯</value>
          </Data>
          <Data name="冬期未開放">
            <value/>
          </Data>
          <Data name="身障者対応">
            <value/>
          </Data>
          <Data name="身障者非対応">
            <value>◯</value>
          </Data>
          <Data name="種別">
            <value>1.冬期開放(身障者非対応)</value>
          </Data>
        </ExtendedData>
        <Point>
          <coordinates>
            141.446441,43.052368,0
          </coordinates>
        </Point>
      </Placemark>
      <Placemark>
        <name>東札幌公園</name>
        <description><![CDATA[説明: 冬期開放: ◯<br>冬期未開放: <br>身障者対応: <br>身障者非対応: ◯<br>種別: 1.冬期開放(身障者非対応)<br>冬期開放: ◯<br>冬期未開放: <br>身障者対応: <br>身障者非対応: ◯<br>種別: 1.冬期開放(身障者非対応)]]></description>
        <styleUrl>#icon-1733-A52714</styleUrl>
        <ExtendedData>
          <Data name="説明">
            <value>冬期開放: ◯
冬期未開放: 
身障者対応: 
身障者非対応: ◯
種別: 1.冬期開放(身障者非対応)</value>
          </Data>
          <Data name="冬期開放">
            <value>◯</value>
          </Data>
          <Data name="冬期未開放">
            <value/>
          </Data>
          <Data name="身障者対応">
            <value/>
          </Data>
          <Data name="身障者非対応">
            <value>◯</value>
          </Data>
          <Data name="種別">
            <value>1.冬期開放(身障者非対応)</value>
          </Data>
        </ExtendedData>
        <Point>
          <coordinates>
            141.390547,43.054625,0
          </coordinates>
        </Point>
      </Placemark>
      <Placemark>
        <name>白石南公園</name>
        <description><![CDATA[説明: 冬期開放: <br>冬期未開放: ◯<br>身障者対応: ◯<br>身障者非対応: <br>種別: 4.身障者対応(冬期未開放)<br>冬期開放: <br>冬期未開放: ◯<br>身障者対応: ◯<br>身障者非対応: <br>種別: 4.身障者対応(冬期未開放)]]></description>
        <styleUrl>#icon-1735-1A237E</styleUrl>
        <ExtendedData>
          <Data name="説明">
            <value>冬期開放: 
冬期未開放: ◯
身障者対応: ◯
身障者非対応: 
種別: 4.身障者対応(冬期未開放)</value>
          </Data>
          <Data name="冬期開放">
            <value/>
          </Data>
          <Data name="冬期未開放">
            <value>◯</value>
          </Data>
          <Data name="身障者対応">
            <value>◯</value>
          </Data>
          <Data name="身障者非対応">
            <value/>
          </Data>
          <Data name="種別">
            <value>4.身障者対応(冬期未開放)</value>
          </Data>
        </ExtendedData>
        <Point>
          <coordinates>
            141.429312,43.031799,0
          </coordinates>
        </Point>
      </Placemark>
      <Placemark>
        <name>東札幌１条緑地</name>
        <description><![CDATA[説明: 冬期開放: <br>冬期未開放: ◯<br>身障者対応: ◯<br>身障者非対応: <br>種別: 4.身障者対応(冬期未開放)<br>冬期開放: <br>冬期未開放: ◯<br>身障者対応: ◯<br>身障者非対応: <br>種別: 4.身障者対応(冬期未開放)]]></description>
        <styleUrl>#icon-1735-1A237E</styleUrl>
        <ExtendedData>
          <Data name="説明">
            <value>冬期開放: 
冬期未開放: ◯
身障者対応: ◯
身障者非対応: 
種別: 4.身障者対応(冬期未開放)</value>
          </Data>
          <Data name="冬期開放">
            <value/>
          </Data>
          <Data name="冬期未開放">
            <value>◯</value>
          </Data>
          <Data name="身障者対応">
            <value>◯</value>
          </Data>
          <Data name="身障者非対応">
            <value/>
          </Data>
          <Data name="種別">
            <value>4.身障者対応(冬期未開放)</value>
          </Data>
        </ExtendedData>
        <Point>
          <coordinates>
            141.382982,43.048785,0
          </coordinates>
        </Point>
      </Placemark>
      <Placemark>
        <name>米里北公園</name>
        <description><![CDATA[説明: 冬期開放: <br>冬期未開放: ◯<br>身障者対応: <br>身障者非対応: ◯<br>種別: 2.冬期未開放(身障者非対応)<br>冬期開放: <br>冬期未開放: ◯<br>身障者対応: <br>身障者非対応: ◯<br>種別: 2.冬期未開放(身障者非対応)]]></description>
        <styleUrl>#icon-1733-1A237E</styleUrl>
        <ExtendedData>
          <Data name="説明">
            <value>冬期開放: 
冬期未開放: ◯
身障者対応: 
身障者非対応: ◯
種別: 2.冬期未開放(身障者非対応)</value>
          </Data>
          <Data name="冬期開放">
            <value/>
          </Data>
          <Data name="冬期未開放">
            <value>◯</value>
          </Data>
          <Data name="身障者対応">
            <value/>
          </Data>
          <Data name="身障者非対応">
            <value>◯</value>
          </Data>
          <Data name="種別">
            <value>2.冬期未開放(身障者非対応)</value>
          </Data>
        </ExtendedData>
        <Point>
          <coordinates>
            141.42413,43.08001,0
          </coordinates>
        </Point>
      </Placemark>
      <Placemark>
        <name>厚別川緑地</name>
        <description><![CDATA[説明: 冬期開放: <br>冬期未開放: ◯<br>身障者対応: ◯<br>身障者非対応: <br>種別: 4.身障者対応(冬期未開放)<br>冬期開放: <br>冬期未開放: ◯<br>身障者対応: ◯<br>身障者非対応: <br>種別: 4.身障者対応(冬期未開放)]]></description>
        <styleUrl>#icon-1735-1A237E</styleUrl>
        <ExtendedData>
          <Data name="説明">
            <value>冬期開放: 
冬期未開放: ◯
身障者対応: ◯
身障者非対応: 
種別: 4.身障者対応(冬期未開放)</value>
          </Data>
          <Data name="冬期開放">
            <value/>
          </Data>
          <Data name="冬期未開放">
            <value>◯</value>
          </Data>
          <Data name="身障者対応">
            <value>◯</value>
          </Data>
          <Data name="身障者非対応">
            <value/>
          </Data>
          <Data name="種別">
            <value>4.身障者対応(冬期未開放)</value>
          </Data>
        </ExtendedData>
        <Point>
          <coordinates>
            141.450558,43.049932,0
          </coordinates>
        </Point>
      </Placemark>
      <Placemark>
        <name>豊平川緑地</name>
        <description><![CDATA[説明: 冬期開放: <br>冬期未開放: ◯<br>身障者対応: <br>身障者非対応: ◯<br>種別: 2.冬期未開放(身障者非対応)<br>冬期開放: <br>冬期未開放: ◯<br>身障者対応: <br>身障者非対応: ◯<br>種別: 2.冬期未開放(身障者非対応)]]></description>
        <styleUrl>#icon-1733-1A237E</styleUrl>
        <ExtendedData>
          <Data name="説明">
            <value>冬期開放: 
冬期未開放: ◯
身障者対応: 
身障者非対応: ◯
種別: 2.冬期未開放(身障者非対応)</value>
          </Data>
          <Data name="冬期開放">
            <value/>
          </Data>
          <Data name="冬期未開放">
            <value>◯</value>
          </Data>
          <Data name="身障者対応">
            <value/>
          </Data>
          <Data name="身障者非対応">
            <value>◯</value>
          </Data>
          <Data name="種別">
            <value>2.冬期未開放(身障者非対応)</value>
          </Data>
        </ExtendedData>
        <Point>
          <coordinates>
            141.422994,43.084517,0
          </coordinates>
        </Point>
      </Placemark>
      <Placemark>
        <name>豊平川緑地</name>
        <description><![CDATA[説明: 冬期開放: <br>冬期未開放: ◯<br>身障者対応: <br>身障者非対応: ◯<br>種別: 2.冬期未開放(身障者非対応)<br>冬期開放: <br>冬期未開放: ◯<br>身障者対応: <br>身障者非対応: ◯<br>種別: 2.冬期未開放(身障者非対応)]]></description>
        <styleUrl>#icon-1733-1A237E</styleUrl>
        <ExtendedData>
          <Data name="説明">
            <value>冬期開放: 
冬期未開放: ◯
身障者対応: 
身障者非対応: ◯
種別: 2.冬期未開放(身障者非対応)</value>
          </Data>
          <Data name="冬期開放">
            <value/>
          </Data>
          <Data name="冬期未開放">
            <value>◯</value>
          </Data>
          <Data name="身障者対応">
            <value/>
          </Data>
          <Data name="身障者非対応">
            <value>◯</value>
          </Data>
          <Data name="種別">
            <value>2.冬期未開放(身障者非対応)</value>
          </Data>
        </ExtendedData>
        <Point>
          <coordinates>
            141.426004,43.085662,0
          </coordinates>
        </Point>
      </Placemark>
      <Placemark>
        <name>豊平川緑地</name>
        <description><![CDATA[説明: 冬期開放: <br>冬期未開放: ◯<br>身障者対応: <br>身障者非対応: ◯<br>種別: 2.冬期未開放(身障者非対応)<br>冬期開放: <br>冬期未開放: ◯<br>身障者対応: <br>身障者非対応: ◯<br>種別: 2.冬期未開放(身障者非対応)]]></description>
        <styleUrl>#icon-1733-1A237E</styleUrl>
        <ExtendedData>
          <Data name="説明">
            <value>冬期開放: 
冬期未開放: ◯
身障者対応: 
身障者非対応: ◯
種別: 2.冬期未開放(身障者非対応)</value>
          </Data>
          <Data name="冬期開放">
            <value/>
          </Data>
          <Data name="冬期未開放">
            <value>◯</value>
          </Data>
          <Data name="身障者対応">
            <value/>
          </Data>
          <Data name="身障者非対応">
            <value>◯</value>
          </Data>
          <Data name="種別">
            <value>2.冬期未開放(身障者非対応)</value>
          </Data>
        </ExtendedData>
        <Point>
          <coordinates>
            141.430107,43.086781,0
          </coordinates>
        </Point>
      </Placemark>
      <Placemark>
        <name>菊水舞鶴公園</name>
        <description><![CDATA[説明: 冬期開放: <br>冬期未開放:◯ <br>身障者対応: ◯<br>身障者非対応: <br>種別: 4.身障者対応(冬期未開放)<br>冬期開放: <br>冬期未開放: ◯<br>身障者対応: ◯<br>身障者非対応: <br>種別: 4.身障者対応(冬期未開放)]]></description>
        <styleUrl>#icon-1735-1A237E</styleUrl>
        <ExtendedData>
          <Data name="説明">
            <value>冬期開放: 
冬期未開放:◯ 
身障者対応: ◯
身障者非対応: 
種別: 4.身障者対応(冬期未開放)</value>
          </Data>
          <Data name="冬期開放">
            <value/>
          </Data>
          <Data name="冬期未開放">
            <value>◯</value>
          </Data>
          <Data name="身障者対応">
            <value>◯</value>
          </Data>
          <Data name="身障者非対応">
            <value/>
          </Data>
          <Data name="種別">
            <value>4.身障者対応(冬期未開放)</value>
          </Data>
        </ExtendedData>
        <Point>
          <coordinates>
            141.409579,43.068558,0
          </coordinates>
        </Point>
      </Placemark>
      <Placemark>
        <name>万生公園</name>
        <description><![CDATA[説明: 冬期開放: ◯<br>冬期未開放: <br>身障者対応: ◯<br>身障者非対応: <br>種別: 3.身障者対応(冬期開放)<br>冬期開放: ◯<br>冬期未開放: <br>身障者対応: ◯<br>身障者非対応: <br>種別: 3.身障者対応(冬期開放)]]></description>
        <styleUrl>#icon-1735-A52714</styleUrl>
        <ExtendedData>
          <Data name="説明">
            <value>冬期開放: ◯
冬期未開放: 
身障者対応: ◯
身障者非対応: 
種別: 3.身障者対応(冬期開放)</value>
          </Data>
          <Data name="冬期開放">
            <value>◯</value>
          </Data>
          <Data name="冬期未開放">
            <value/>
          </Data>
          <Data name="身障者対応">
            <value>◯</value>
          </Data>
          <Data name="身障者非対応">
            <value/>
          </Data>
          <Data name="種別">
            <value>3.身障者対応(冬期開放)</value>
          </Data>
        </ExtendedData>
        <Point>
          <coordinates>
            141.412701,43.037427,0
          </coordinates>
        </Point>
      </Placemark>
      <Placemark>
        <name>北郷公園</name>
        <description><![CDATA[説明: 冬期開放: <br>冬期未開放: ◯<br>身障者対応: ◯<br>身障者非対応: <br>種別: 4.身障者対応(冬期未開放)<br>冬期開放: <br>冬期未開放: ◯<br>身障者対応: ◯<br>身障者非対応: <br>種別: 4.身障者対応(冬期未開放)]]></description>
        <styleUrl>#icon-1735-1A237E</styleUrl>
        <ExtendedData>
          <Data name="説明">
            <value>冬期開放: 
冬期未開放: ◯
身障者対応: ◯
身障者非対応: 
種別: 4.身障者対応(冬期未開放)</value>
          </Data>
          <Data name="冬期開放">
            <value/>
          </Data>
          <Data name="冬期未開放">
            <value>◯</value>
          </Data>
          <Data name="身障者対応">
            <value>◯</value>
          </Data>
          <Data name="身障者非対応">
            <value/>
          </Data>
          <Data name="種別">
            <value>4.身障者対応(冬期未開放)</value>
          </Data>
        </ExtendedData>
        <Point>
          <coordinates>
            141.4287479,43.065377,0
          </coordinates>
        </Point>
      </Placemark>
      <Placemark>
        <name>平和通公園</name>
        <description><![CDATA[説明: 冬期開放: ◯<br>冬期未開放: <br>身障者対応: ◯<br>身障者非対応: <br>種別: 3.身障者対応(冬期開放)<br>冬期開放: ◯<br>冬期未開放: <br>身障者対応: ◯<br>身障者非対応: <br>種別: 3.身障者対応(冬期開放)]]></description>
        <styleUrl>#icon-1735-A52714</styleUrl>
        <ExtendedData>
          <Data name="説明">
            <value>冬期開放: ◯
冬期未開放: 
身障者対応: ◯
身障者非対応: 
種別: 3.身障者対応(冬期開放)</value>
          </Data>
          <Data name="冬期開放">
            <value>◯</value>
          </Data>
          <Data name="冬期未開放">
            <value/>
          </Data>
          <Data name="身障者対応">
            <value>◯</value>
          </Data>
          <Data name="身障者非対応">
            <value/>
          </Data>
          <Data name="種別">
            <value>3.身障者対応(冬期開放)</value>
          </Data>
        </ExtendedData>
        <Point>
          <coordinates>
            141.422706,43.047269,0
          </coordinates>
        </Point>
      </Placemark>
      <Placemark>
        <name>さっぽろ大地公園</name>
        <description><![CDATA[説明: 冬期開放: <br>冬期未開放: ◯<br>身障者対応: <br>身障者非対応: ◯<br>種別: 2.冬期未開放(身障者非対応)<br>冬期開放: <br>冬期未開放: ◯<br>身障者対応: <br>身障者非対応: ◯<br>種別: 2.冬期未開放(身障者非対応)]]></description>
        <styleUrl>#icon-1733-1A237E</styleUrl>
        <ExtendedData>
          <Data name="説明">
            <value>冬期開放: 
冬期未開放: ◯
身障者対応: 
身障者非対応: ◯
種別: 2.冬期未開放(身障者非対応)</value>
          </Data>
          <Data name="冬期開放">
            <value/>
          </Data>
          <Data name="冬期未開放">
            <value>◯</value>
          </Data>
          <Data name="身障者対応">
            <value/>
          </Data>
          <Data name="身障者非対応">
            <value>◯</value>
          </Data>
          <Data name="種別">
            <value>2.冬期未開放(身障者非対応)</value>
          </Data>
        </ExtendedData>
        <Point>
          <coordinates>
            141.38956,43.058491,0
          </coordinates>
        </Point>
      </Placemark>
      <Placemark>
        <name>川下公園</name>
        <description><![CDATA[説明: 冬期開放: <br>冬期未開放: ◯<br>身障者対応: <br>身障者非対応: ◯<br>種別: 2.冬期未開放(身障者非対応)<br>冬期開放: <br>冬期未開放: ◯<br>身障者対応: <br>身障者非対応: ◯<br>種別: 2.冬期未開放(身障者非対応)]]></description>
        <styleUrl>#icon-1733-1A237E</styleUrl>
        <ExtendedData>
          <Data name="説明">
            <value>冬期開放: 
冬期未開放: ◯
身障者対応: 
身障者非対応: ◯
種別: 2.冬期未開放(身障者非対応)</value>
          </Data>
          <Data name="冬期開放">
            <value/>
          </Data>
          <Data name="冬期未開放">
            <value>◯</value>
          </Data>
          <Data name="身障者対応">
            <value/>
          </Data>
          <Data name="身障者非対応">
            <value>◯</value>
          </Data>
          <Data name="種別">
            <value>2.冬期未開放(身障者非対応)</value>
          </Data>
        </ExtendedData>
        <Point>
          <coordinates>
            141.447064,43.064916,0
          </coordinates>
        </Point>
      </Placemark>
      <Placemark>
        <name>川下公園</name>
        <description><![CDATA[説明: 冬期開放: ◯<br>冬期未開放: <br>身障者対応:◯ <br>身障者非対応: <br>種別: 3.身障者対応(冬期開放)<br>冬期開放: ◯<br>冬期未開放: <br>身障者対応: ◯<br>身障者非対応: <br>種別: 3.身障者対応(冬期開放)]]></description>
        <styleUrl>#icon-1735-A52714</styleUrl>
        <ExtendedData>
          <Data name="説明">
            <value>冬期開放: ◯
冬期未開放: 
身障者対応:◯ 
身障者非対応: 
種別: 3.身障者対応(冬期開放)</value>
          </Data>
          <Data name="冬期開放">
            <value>◯</value>
          </Data>
          <Data name="冬期未開放">
            <value/>
          </Data>
          <Data name="身障者対応">
            <value>◯</value>
          </Data>
          <Data name="身障者非対応">
            <value/>
          </Data>
          <Data name="種別">
            <value>3.身障者対応(冬期開放)</value>
          </Data>
        </ExtendedData>
        <Point>
          <coordinates>
            141.443479,43.064235,0
          </coordinates>
        </Point>
      </Placemark>
      <Placemark>
        <name>川下公園</name>
        <description><![CDATA[説明: 冬期開放:<br>冬期未開放: ◯<br>身障者対応:◯ <br>身障者非対応: <br>種別: 4.身障者対応(冬期未開放)<br>冬期開放: <br>冬期未開放: ◯<br>身障者対応: ◯<br>身障者非対応: <br>種別: 4.身障者対応(冬期未開放)]]></description>
        <styleUrl>#icon-1735-1A237E</styleUrl>
        <ExtendedData>
          <Data name="説明">
            <value>冬期開放:
冬期未開放: ◯
身障者対応:◯ 
身障者非対応: 
種別: 4.身障者対応(冬期未開放)</value>
          </Data>
          <Data name="冬期開放">
            <value/>
          </Data>
          <Data name="冬期未開放">
            <value>◯</value>
          </Data>
          <Data name="身障者対応">
            <value>◯</value>
          </Data>
          <Data name="身障者非対応">
            <value/>
          </Data>
          <Data name="種別">
            <value>4.身障者対応(冬期未開放)</value>
          </Data>
        </ExtendedData>
        <Point>
          <coordinates>
            141.441452,43.063168,0
          </coordinates>
        </Point>
      </Placemark>
      <Placemark>
        <name>川下公園</name>
        <description><![CDATA[説明: 冬期開放:<br>冬期未開放: ◯<br>身障者対応:◯ <br>身障者非対応: <br>種別: 4.身障者対応(冬期未開放)<br><br>冬期開放: <br>冬期未開放: ◯<br>身障者対応: ◯<br>身障者非対応: <br>種別: 4.身障者対応(冬期未開放)<br>]]></description>
        <styleUrl>#icon-1735-1A237E</styleUrl>
        <ExtendedData>
          <Data name="説明">
            <value>冬期開放:
冬期未開放: ◯
身障者対応:◯ 
身障者非対応: 
種別: 4.身障者対応(冬期未開放)
</value>
          </Data>
          <Data name="冬期開放">
            <value/>
          </Data>
          <Data name="冬期未開放">
            <value>◯</value>
          </Data>
          <Data name="身障者対応">
            <value>◯</value>
          </Data>
          <Data name="身障者非対応">
            <value/>
          </Data>
          <Data name="種別">
            <value>4.身障者対応(冬期未開放)
</value>
          </Data>
        </ExtendedData>
        <Point>
          <coordinates>
            141.446475,43.062965,0
          </coordinates>
        </Point>
      </Placemark>
      <Placemark>
        <name>川下公園</name>
        <description><![CDATA[説明: 冬期開放: <br>冬期未開放: ◯<br>身障者対応: <br>身障者非対応: ◯<br>種別: 2.冬期未開放(身障者非対応)<br>冬期開放: <br>冬期未開放: ◯<br>身障者対応: <br>身障者非対応: ◯<br>種別: 2.冬期未開放(身障者非対応)]]></description>
        <styleUrl>#icon-1733-1A237E</styleUrl>
        <ExtendedData>
          <Data name="説明">
            <value>冬期開放: 
冬期未開放: ◯
身障者対応: 
身障者非対応: ◯
種別: 2.冬期未開放(身障者非対応)</value>
          </Data>
          <Data name="冬期開放">
            <value/>
          </Data>
          <Data name="冬期未開放">
            <value>◯</value>
          </Data>
          <Data name="身障者対応">
            <value/>
          </Data>
          <Data name="身障者非対応">
            <value>◯</value>
          </Data>
          <Data name="種別">
            <value>2.冬期未開放(身障者非対応)</value>
          </Data>
        </ExtendedData>
        <Point>
          <coordinates>
            141.444327,43.061853,0
          </coordinates>
        </Point>
      </Placemark>
      <Placemark>
        <name>北郷公園</name>
        <description><![CDATA[説明: 冬期開放:◯ <br>冬期未開放: <br>身障者対応: ◯<br>身障者非対応: <br>種別: 3.身障者対応(冬期開放)<br><br>冬期開放: <br>冬期未開放: ◯<br>身障者対応: ◯<br>身障者非対応: <br>種別: 3.身障者対応(冬期開放)<br>]]></description>
        <styleUrl>#icon-1735-A52714</styleUrl>
        <ExtendedData>
          <Data name="説明">
            <value>冬期開放:◯ 
冬期未開放: 
身障者対応: ◯
身障者非対応: 
種別: 3.身障者対応(冬期開放)
</value>
          </Data>
          <Data name="冬期開放">
            <value/>
          </Data>
          <Data name="冬期未開放">
            <value>◯</value>
          </Data>
          <Data name="身障者対応">
            <value>◯</value>
          </Data>
          <Data name="身障者非対応">
            <value/>
          </Data>
          <Data name="種別">
            <value>3.身障者対応(冬期開放)
</value>
          </Data>
        </ExtendedData>
        <Point>
          <coordinates>
            141.4289697,43.0648544,0
          </coordinates>
        </Point>
      </Placemark>
      <Placemark>
        <name>さっぽろ大地公園</name>
        <description><![CDATA[説明: 冬期開放: ◯<br>冬期未開放: <br>身障者対応: <br>身障者非対応: ◯<br>種別: 1.冬期開放(身障者非対応)<br>冬期開放: ◯<br>冬期未開放: <br>身障者対応: <br>身障者非対応: ◯<br>種別: 1.冬期開放(身障者非対応)]]></description>
        <styleUrl>#icon-1733-A52714</styleUrl>
        <ExtendedData>
          <Data name="説明">
            <value>冬期開放: ◯
冬期未開放: 
身障者対応: 
身障者非対応: ◯
種別: 1.冬期開放(身障者非対応)</value>
          </Data>
          <Data name="冬期開放">
            <value>◯</value>
          </Data>
          <Data name="冬期未開放">
            <value/>
          </Data>
          <Data name="身障者対応">
            <value/>
          </Data>
          <Data name="身障者非対応">
            <value>◯</value>
          </Data>
          <Data name="種別">
            <value>1.冬期開放(身障者非対応)</value>
          </Data>
        </ExtendedData>
        <Point>
          <coordinates>
            141.391835,43.057504,0
          </coordinates>
        </Point>
      </Placemark>
      <Placemark>
        <name>白石東公園</name>
        <description><![CDATA[説明: 冬期開放: <br>冬期未開放: ◯<br>身障者対応:◯ <br>身障者非対応: <br>種別: 4.身障者対応(冬期未開放)<br>冬期開放: <br>冬期未開放: ◯<br>身障者対応: ◯<br>身障者非対応: <br>種別: 4.身障者対応(冬期未開放)]]></description>
        <styleUrl>#icon-1735-1A237E</styleUrl>
        <ExtendedData>
          <Data name="説明">
            <value>冬期開放: 
冬期未開放: ◯
身障者対応:◯ 
身障者非対応: 
種別: 4.身障者対応(冬期未開放)</value>
          </Data>
          <Data name="冬期開放">
            <value/>
          </Data>
          <Data name="冬期未開放">
            <value>◯</value>
          </Data>
          <Data name="身障者対応">
            <value>◯</value>
          </Data>
          <Data name="身障者非対応">
            <value/>
          </Data>
          <Data name="種別">
            <value>4.身障者対応(冬期未開放)</value>
          </Data>
        </ExtendedData>
        <Point>
          <coordinates>
            141.4354817,43.0409647,0
          </coordinates>
        </Point>
      </Placemark>
      <Placemark>
        <name>白石東公園</name>
        <description><![CDATA[説明: 冬期開放: <br>冬期未開放: ◯<br>身障者対応: <br>身障者非対応: ◯<br>種別: 2.冬期未開放(身障者非対応)<br>冬期開放: <br>冬期未開放: ◯<br>身障者対応: <br>身障者非対応: ◯<br>種別: 2.冬期未開放(身障者非対応)]]></description>
        <styleUrl>#icon-1733-1A237E</styleUrl>
        <ExtendedData>
          <Data name="説明">
            <value>冬期開放: 
冬期未開放: ◯
身障者対応: 
身障者非対応: ◯
種別: 2.冬期未開放(身障者非対応)</value>
          </Data>
          <Data name="冬期開放">
            <value/>
          </Data>
          <Data name="冬期未開放">
            <value>◯</value>
          </Data>
          <Data name="身障者対応">
            <value/>
          </Data>
          <Data name="身障者非対応">
            <value>◯</value>
          </Data>
          <Data name="種別">
            <value>2.冬期未開放(身障者非対応)</value>
          </Data>
        </ExtendedData>
        <Point>
          <coordinates>
            141.4355399,43.0409386,0
          </coordinates>
        </Point>
      </Placemark>
      <Placemark>
        <name>厚別川緑地</name>
        <description><![CDATA[説明: 冬期開放: <br>冬期未開放: ◯<br>身障者対応: ◯<br>身障者非対応: <br>種別: 4.身障者対応(冬期未開放)<br>冬期開放: <br>冬期未開放: ◯<br>身障者対応: ◯<br>身障者非対応: <br>種別: 4.身障者対応(冬期未開放)]]></description>
        <styleUrl>#icon-1735-1A237E</styleUrl>
        <ExtendedData>
          <Data name="説明">
            <value>冬期開放: 
冬期未開放: ◯
身障者対応: ◯
身障者非対応: 
種別: 4.身障者対応(冬期未開放)</value>
          </Data>
          <Data name="冬期開放">
            <value/>
          </Data>
          <Data name="冬期未開放">
            <value>◯</value>
          </Data>
          <Data name="身障者対応">
            <value>◯</value>
          </Data>
          <Data name="身障者非対応">
            <value/>
          </Data>
          <Data name="種別">
            <value>4.身障者対応(冬期未開放)</value>
          </Data>
        </ExtendedData>
        <Point>
          <coordinates>
            141.452485,43.038981,0
          </coordinates>
        </Point>
      </Placemark>
      <Placemark>
        <name>福井緑地</name>
        <description><![CDATA[説明: 冬期開放: <br>冬期未開放: ◯<br>身障者対応: <br>身障者非対応: ◯<br>種別: 2.冬期未開放(身障者非対応)<br>冬期開放: <br>冬期未開放: ◯<br>身障者対応: <br>身障者非対応: ◯<br>種別: 2.冬期未開放(身障者非対応)]]></description>
        <styleUrl>#icon-1733-1A237E</styleUrl>
        <ExtendedData>
          <Data name="説明">
            <value>冬期開放: 
冬期未開放: ◯
身障者対応: 
身障者非対応: ◯
種別: 2.冬期未開放(身障者非対応)</value>
          </Data>
          <Data name="冬期開放">
            <value/>
          </Data>
          <Data name="冬期未開放">
            <value>◯</value>
          </Data>
          <Data name="身障者対応">
            <value/>
          </Data>
          <Data name="身障者非対応">
            <value>◯</value>
          </Data>
          <Data name="種別">
            <value>2.冬期未開放(身障者非対応)</value>
          </Data>
        </ExtendedData>
        <Point>
          <coordinates>
            141.275972,43.05841,0
          </coordinates>
        </Point>
      </Placemark>
      <Placemark>
        <name>西野グリーン公園</name>
        <description><![CDATA[説明: 冬期開放: <br>冬期未開放: ◯<br>身障者対応: <br>身障者非対応: ◯<br>種別: 2.冬期未開放(身障者非対応)<br>冬期開放: <br>冬期未開放: ◯<br>身障者対応: <br>身障者非対応: ◯<br>種別: 2.冬期未開放(身障者非対応)]]></description>
        <styleUrl>#icon-1733-1A237E</styleUrl>
        <ExtendedData>
          <Data name="説明">
            <value>冬期開放: 
冬期未開放: ◯
身障者対応: 
身障者非対応: ◯
種別: 2.冬期未開放(身障者非対応)</value>
          </Data>
          <Data name="冬期開放">
            <value/>
          </Data>
          <Data name="冬期未開放">
            <value>◯</value>
          </Data>
          <Data name="身障者対応">
            <value/>
          </Data>
          <Data name="身障者非対応">
            <value>◯</value>
          </Data>
          <Data name="種別">
            <value>2.冬期未開放(身障者非対応)</value>
          </Data>
        </ExtendedData>
        <Point>
          <coordinates>
            141.279178,43.073948,0
          </coordinates>
        </Point>
      </Placemark>
      <Placemark>
        <name>山の手北風公園</name>
        <description><![CDATA[説明: 冬期開放: <br>冬期未開放: ◯<br>身障者対応: ◯<br>身障者非対応: <br>種別: 4.身障者対応(冬期未開放)<br>冬期開放: <br>冬期未開放: ◯<br>身障者対応: ◯<br>身障者非対応: <br>種別: 4.身障者対応(冬期未開放)]]></description>
        <styleUrl>#icon-1735-1A237E</styleUrl>
        <ExtendedData>
          <Data name="説明">
            <value>冬期開放: 
冬期未開放: ◯
身障者対応: ◯
身障者非対応: 
種別: 4.身障者対応(冬期未開放)</value>
          </Data>
          <Data name="冬期開放">
            <value/>
          </Data>
          <Data name="冬期未開放">
            <value>◯</value>
          </Data>
          <Data name="身障者対応">
            <value>◯</value>
          </Data>
          <Data name="身障者非対応">
            <value/>
          </Data>
          <Data name="種別">
            <value>4.身障者対応(冬期未開放)</value>
          </Data>
        </ExtendedData>
        <Point>
          <coordinates>
            141.299271,43.069321,0
          </coordinates>
        </Point>
      </Placemark>
      <Placemark>
        <name>西野緑道</name>
        <description><![CDATA[説明: 冬期開放: <br>冬期未開放: ◯<br>身障者対応: <br>身障者非対応: ◯<br>種別: 2.冬期未開放(身障者非対応)<br>冬期開放: <br>冬期未開放: ◯<br>身障者対応: <br>身障者非対応: ◯<br>種別: 2.冬期未開放(身障者非対応)]]></description>
        <styleUrl>#icon-1733-1A237E</styleUrl>
        <ExtendedData>
          <Data name="説明">
            <value>冬期開放: 
冬期未開放: ◯
身障者対応: 
身障者非対応: ◯
種別: 2.冬期未開放(身障者非対応)</value>
          </Data>
          <Data name="冬期開放">
            <value/>
          </Data>
          <Data name="冬期未開放">
            <value>◯</value>
          </Data>
          <Data name="身障者対応">
            <value/>
          </Data>
          <Data name="身障者非対応">
            <value>◯</value>
          </Data>
          <Data name="種別">
            <value>2.冬期未開放(身障者非対応)</value>
          </Data>
        </ExtendedData>
        <Point>
          <coordinates>
            141.275405,43.063767,0
          </coordinates>
        </Point>
      </Placemark>
      <Placemark>
        <name>西野昭和公園</name>
        <description><![CDATA[説明: 冬期開放: ◯<br>冬期未開放: <br>身障者対応: ◯<br>身障者非対応: <br>種別: 3.身障者対応(冬期開放)<br>冬期開放: ◯<br>冬期未開放: <br>身障者対応: ◯<br>身障者非対応: <br>種別: 3.身障者対応(冬期開放)]]></description>
        <styleUrl>#icon-1735-A52714</styleUrl>
        <ExtendedData>
          <Data name="説明">
            <value>冬期開放: ◯
冬期未開放: 
身障者対応: ◯
身障者非対応: 
種別: 3.身障者対応(冬期開放)</value>
          </Data>
          <Data name="冬期開放">
            <value>◯</value>
          </Data>
          <Data name="冬期未開放">
            <value/>
          </Data>
          <Data name="身障者対応">
            <value>◯</value>
          </Data>
          <Data name="身障者非対応">
            <value/>
          </Data>
          <Data name="種別">
            <value>3.身障者対応(冬期開放)</value>
          </Data>
        </ExtendedData>
        <Point>
          <coordinates>
            141.273382,43.065324,0
          </coordinates>
        </Point>
      </Placemark>
      <Placemark>
        <name>西野中央公園</name>
        <description><![CDATA[説明: 冬期開放: <br>冬期未開放: ◯<br>身障者対応: ◯<br>身障者非対応: <br>種別: 4.身障者対応(冬期未開放)<br>冬期開放: <br>冬期未開放: ◯<br>身障者対応: ◯<br>身障者非対応: <br>種別: 4.身障者対応(冬期未開放)]]></description>
        <styleUrl>#icon-1735-1A237E</styleUrl>
        <ExtendedData>
          <Data name="説明">
            <value>冬期開放: 
冬期未開放: ◯
身障者対応: ◯
身障者非対応: 
種別: 4.身障者対応(冬期未開放)</value>
          </Data>
          <Data name="冬期開放">
            <value/>
          </Data>
          <Data name="冬期未開放">
            <value>◯</value>
          </Data>
          <Data name="身障者対応">
            <value>◯</value>
          </Data>
          <Data name="身障者非対応">
            <value/>
          </Data>
          <Data name="種別">
            <value>4.身障者対応(冬期未開放)</value>
          </Data>
        </ExtendedData>
        <Point>
          <coordinates>
            141.273365,43.070918,0
          </coordinates>
        </Point>
      </Placemark>
      <Placemark>
        <name>山の手草ぶえ公園</name>
        <description><![CDATA[説明: 冬期開放: ◯<br>冬期未開放: <br>身障者対応: ◯<br>身障者非対応: <br>種別: 3.身障者対応(冬期開放)<br>冬期開放: ◯<br>冬期未開放: <br>身障者対応: ◯<br>身障者非対応: <br>種別: 3.身障者対応(冬期開放)]]></description>
        <styleUrl>#icon-1735-A52714</styleUrl>
        <ExtendedData>
          <Data name="説明">
            <value>冬期開放: ◯
冬期未開放: 
身障者対応: ◯
身障者非対応: 
種別: 3.身障者対応(冬期開放)</value>
          </Data>
          <Data name="冬期開放">
            <value>◯</value>
          </Data>
          <Data name="冬期未開放">
            <value/>
          </Data>
          <Data name="身障者対応">
            <value>◯</value>
          </Data>
          <Data name="身障者非対応">
            <value/>
          </Data>
          <Data name="種別">
            <value>3.身障者対応(冬期開放)</value>
          </Data>
        </ExtendedData>
        <Point>
          <coordinates>
            141.293799,43.064719,0
          </coordinates>
        </Point>
      </Placemark>
      <Placemark>
        <name>発寒いこい公園</name>
        <description><![CDATA[説明: 冬期開放: <br>冬期未開放: ◯<br>身障者対応: <br>身障者非対応: ◯<br>種別: 2.冬期未開放(身障者非対応)<br>冬期開放: <br>冬期未開放: ◯<br>身障者対応: <br>身障者非対応: ◯<br>種別: 2.冬期未開放(身障者非対応)]]></description>
        <styleUrl>#icon-1733-1A237E</styleUrl>
        <ExtendedData>
          <Data name="説明">
            <value>冬期開放: 
冬期未開放: ◯
身障者対応: 
身障者非対応: ◯
種別: 2.冬期未開放(身障者非対応)</value>
          </Data>
          <Data name="冬期開放">
            <value/>
          </Data>
          <Data name="冬期未開放">
            <value>◯</value>
          </Data>
          <Data name="身障者対応">
            <value/>
          </Data>
          <Data name="身障者非対応">
            <value>◯</value>
          </Data>
          <Data name="種別">
            <value>2.冬期未開放(身障者非対応)</value>
          </Data>
        </ExtendedData>
        <Point>
          <coordinates>
            141.284058,43.114294,0
          </coordinates>
        </Point>
      </Placemark>
      <Placemark>
        <name>発寒三条泉緑地</name>
        <description><![CDATA[説明: 冬期開放: <br>冬期未開放: ◯<br>身障者対応: ◯<br>身障者非対応: <br>種別: 4.身障者対応(冬期未開放)<br>冬期開放: <br>冬期未開放: ◯<br>身障者対応: ◯<br>身障者非対応: <br>種別: 4.身障者対応(冬期未開放)]]></description>
        <styleUrl>#icon-1735-1A237E</styleUrl>
        <ExtendedData>
          <Data name="説明">
            <value>冬期開放: 
冬期未開放: ◯
身障者対応: ◯
身障者非対応: 
種別: 4.身障者対応(冬期未開放)</value>
          </Data>
          <Data name="冬期開放">
            <value/>
          </Data>
          <Data name="冬期未開放">
            <value>◯</value>
          </Data>
          <Data name="身障者対応">
            <value>◯</value>
          </Data>
          <Data name="身障者非対応">
            <value/>
          </Data>
          <Data name="種別">
            <value>4.身障者対応(冬期未開放)</value>
          </Data>
        </ExtendedData>
        <Point>
          <coordinates>
            141.292935,43.082196,0
          </coordinates>
        </Point>
      </Placemark>
      <Placemark>
        <name>福井中央公園</name>
        <description><![CDATA[説明: 冬期開放: <br>冬期未開放: ◯<br>身障者対応: <br>身障者非対応: ◯<br>種別: 2.冬期未開放(身障者非対応)<br>冬期開放: <br>冬期未開放: ◯<br>身障者対応: <br>身障者非対応: ◯<br>種別: 2.冬期未開放(身障者非対応)]]></description>
        <styleUrl>#icon-1733-1A237E</styleUrl>
        <ExtendedData>
          <Data name="説明">
            <value>冬期開放: 
冬期未開放: ◯
身障者対応: 
身障者非対応: ◯
種別: 2.冬期未開放(身障者非対応)</value>
          </Data>
          <Data name="冬期開放">
            <value/>
          </Data>
          <Data name="冬期未開放">
            <value>◯</value>
          </Data>
          <Data name="身障者対応">
            <value/>
          </Data>
          <Data name="身障者非対応">
            <value>◯</value>
          </Data>
          <Data name="種別">
            <value>2.冬期未開放(身障者非対応)</value>
          </Data>
        </ExtendedData>
        <Point>
          <coordinates>
            141.264719,43.053404,0
          </coordinates>
        </Point>
      </Placemark>
      <Placemark>
        <name>発寒15条緑地</name>
        <description><![CDATA[説明: 冬期開放: <br>冬期未開放: ◯<br>身障者対応: <br>身障者非対応: ◯<br>種別: 2.冬期未開放(身障者非対応)<br>冬期開放: <br>冬期未開放: ◯<br>身障者対応: <br>身障者非対応: ◯<br>種別: 2.冬期未開放(身障者非対応)]]></description>
        <styleUrl>#icon-1733-1A237E</styleUrl>
        <ExtendedData>
          <Data name="説明">
            <value>冬期開放: 
冬期未開放: ◯
身障者対応: 
身障者非対応: ◯
種別: 2.冬期未開放(身障者非対応)</value>
          </Data>
          <Data name="冬期開放">
            <value/>
          </Data>
          <Data name="冬期未開放">
            <value>◯</value>
          </Data>
          <Data name="身障者対応">
            <value/>
          </Data>
          <Data name="身障者非対応">
            <value>◯</value>
          </Data>
          <Data name="種別">
            <value>2.冬期未開放(身障者非対応)</value>
          </Data>
        </ExtendedData>
        <Point>
          <coordinates>
            141.290407,43.103934,0
          </coordinates>
        </Point>
      </Placemark>
      <Placemark>
        <name>二十四軒公園</name>
        <description><![CDATA[説明: 冬期開放: ◯<br>冬期未開放: <br>身障者対応: ◯<br>身障者非対応: <br>種別: 3.身障者対応(冬期開放)<br>冬期開放: ◯<br>冬期未開放: <br>身障者対応: ◯<br>身障者非対応: <br>種別: 3.身障者対応(冬期開放)]]></description>
        <styleUrl>#icon-1735-A52714</styleUrl>
        <ExtendedData>
          <Data name="説明">
            <value>冬期開放: ◯
冬期未開放: 
身障者対応: ◯
身障者非対応: 
種別: 3.身障者対応(冬期開放)</value>
          </Data>
          <Data name="冬期開放">
            <value>◯</value>
          </Data>
          <Data name="冬期未開放">
            <value/>
          </Data>
          <Data name="身障者対応">
            <value>◯</value>
          </Data>
          <Data name="身障者非対応">
            <value/>
          </Data>
          <Data name="種別">
            <value>3.身障者対応(冬期開放)</value>
          </Data>
        </ExtendedData>
        <Point>
          <coordinates>
            141.31113,43.07322,0
          </coordinates>
        </Point>
      </Placemark>
      <Placemark>
        <name>西野西公園</name>
        <description><![CDATA[説明: 冬期開放: <br>冬期未開放: ◯<br>身障者対応: <br>身障者非対応: ◯<br>種別: 2.冬期未開放(身障者非対応)<br>冬期開放: <br>冬期未開放: ◯<br>身障者対応: <br>身障者非対応: ◯<br>種別: 2.冬期未開放(身障者非対応)]]></description>
        <styleUrl>#icon-1733-1A237E</styleUrl>
        <ExtendedData>
          <Data name="説明">
            <value>冬期開放: 
冬期未開放: ◯
身障者対応: 
身障者非対応: ◯
種別: 2.冬期未開放(身障者非対応)</value>
          </Data>
          <Data name="冬期開放">
            <value/>
          </Data>
          <Data name="冬期未開放">
            <value>◯</value>
          </Data>
          <Data name="身障者対応">
            <value/>
          </Data>
          <Data name="身障者非対応">
            <value>◯</value>
          </Data>
          <Data name="種別">
            <value>2.冬期未開放(身障者非対応)</value>
          </Data>
        </ExtendedData>
        <Point>
          <coordinates>
            141.256498,43.066847,0
          </coordinates>
        </Point>
      </Placemark>
      <Placemark>
        <name>発寒西公園</name>
        <description><![CDATA[説明: 冬期開放: ◯<br>冬期未開放: <br>身障者対応: ◯<br>身障者非対応: <br>種別: 3.身障者対応(冬期開放)<br>冬期開放: ◯<br>冬期未開放: <br>身障者対応: ◯<br>身障者非対応: <br>種別: 3.身障者対応(冬期開放)]]></description>
        <styleUrl>#icon-1735-A52714</styleUrl>
        <ExtendedData>
          <Data name="説明">
            <value>冬期開放: ◯
冬期未開放: 
身障者対応: ◯
身障者非対応: 
種別: 3.身障者対応(冬期開放)</value>
          </Data>
          <Data name="冬期開放">
            <value>◯</value>
          </Data>
          <Data name="冬期未開放">
            <value/>
          </Data>
          <Data name="身障者対応">
            <value>◯</value>
          </Data>
          <Data name="身障者非対応">
            <value/>
          </Data>
          <Data name="種別">
            <value>3.身障者対応(冬期開放)</value>
          </Data>
        </ExtendedData>
        <Point>
          <coordinates>
            141.272741,43.09747,0
          </coordinates>
        </Point>
      </Placemark>
      <Placemark>
        <name>平和渓流公園</name>
        <description><![CDATA[説明: 冬期開放: <br>冬期未開放: ◯<br>身障者対応: <br>身障者非対応: ◯<br>種別: 2.冬期未開放(身障者非対応)<br>冬期開放: <br>冬期未開放: ◯<br>身障者対応: <br>身障者非対応: ◯<br>種別: 2.冬期未開放(身障者非対応)]]></description>
        <styleUrl>#icon-1733-1A237E</styleUrl>
        <ExtendedData>
          <Data name="説明">
            <value>冬期開放: 
冬期未開放: ◯
身障者対応: 
身障者非対応: ◯
種別: 2.冬期未開放(身障者非対応)</value>
          </Data>
          <Data name="冬期開放">
            <value/>
          </Data>
          <Data name="冬期未開放">
            <value>◯</value>
          </Data>
          <Data name="身障者対応">
            <value/>
          </Data>
          <Data name="身障者非対応">
            <value>◯</value>
          </Data>
          <Data name="種別">
            <value>2.冬期未開放(身障者非対応)</value>
          </Data>
        </ExtendedData>
        <Point>
          <coordinates>
            141.24608,43.057848,0
          </coordinates>
        </Point>
      </Placemark>
      <Placemark>
        <name>宮の沢ふれあい公園</name>
        <description><![CDATA[説明: 冬期開放: ◯<br>冬期未開放: <br>身障者対応: ◯<br>身障者非対応: <br>種別: 3.身障者対応(冬期開放)<br>冬期開放: ◯<br>冬期未開放: <br>身障者対応: ◯<br>身障者非対応: <br>種別: 3.身障者対応(冬期開放)]]></description>
        <styleUrl>#icon-1735-A52714</styleUrl>
        <ExtendedData>
          <Data name="説明">
            <value>冬期開放: ◯
冬期未開放: 
身障者対応: ◯
身障者非対応: 
種別: 3.身障者対応(冬期開放)</value>
          </Data>
          <Data name="冬期開放">
            <value>◯</value>
          </Data>
          <Data name="冬期未開放">
            <value/>
          </Data>
          <Data name="身障者対応">
            <value>◯</value>
          </Data>
          <Data name="身障者非対応">
            <value/>
          </Data>
          <Data name="種別">
            <value>3.身障者対応(冬期開放)</value>
          </Data>
        </ExtendedData>
        <Point>
          <coordinates>
            141.269614,43.088338,0
          </coordinates>
        </Point>
      </Placemark>
      <Placemark>
        <name>西野北公園</name>
        <description><![CDATA[説明: 冬期開放: <br>冬期未開放: ◯<br>身障者対応: ◯<br>身障者非対応: <br>種別: 4.身障者対応(冬期未開放)<br>冬期開放: <br>冬期未開放: ◯<br>身障者対応: ◯<br>身障者非対応: <br>種別: 4.身障者対応(冬期未開放)]]></description>
        <styleUrl>#icon-1735-1A237E</styleUrl>
        <ExtendedData>
          <Data name="説明">
            <value>冬期開放: 
冬期未開放: ◯
身障者対応: ◯
身障者非対応: 
種別: 4.身障者対応(冬期未開放)</value>
          </Data>
          <Data name="冬期開放">
            <value/>
          </Data>
          <Data name="冬期未開放">
            <value>◯</value>
          </Data>
          <Data name="身障者対応">
            <value>◯</value>
          </Data>
          <Data name="身障者非対応">
            <value/>
          </Data>
          <Data name="種別">
            <value>4.身障者対応(冬期未開放)</value>
          </Data>
        </ExtendedData>
        <Point>
          <coordinates>
            141.274708,43.074565,0
          </coordinates>
        </Point>
      </Placemark>
      <Placemark>
        <name>西野緑道</name>
        <description><![CDATA[説明: 冬期開放: <br>冬期未開放: ◯<br>身障者対応: <br>身障者非対応: ◯<br>種別: 2.冬期未開放(身障者非対応)<br>冬期開放: <br>冬期未開放: ◯<br>身障者対応: <br>身障者非対応: ◯<br>種別: 2.冬期未開放(身障者非対応)]]></description>
        <styleUrl>#icon-1733-1A237E</styleUrl>
        <ExtendedData>
          <Data name="説明">
            <value>冬期開放: 
冬期未開放: ◯
身障者対応: 
身障者非対応: ◯
種別: 2.冬期未開放(身障者非対応)</value>
          </Data>
          <Data name="冬期開放">
            <value/>
          </Data>
          <Data name="冬期未開放">
            <value>◯</value>
          </Data>
          <Data name="身障者対応">
            <value/>
          </Data>
          <Data name="身障者非対応">
            <value>◯</value>
          </Data>
          <Data name="種別">
            <value>2.冬期未開放(身障者非対応)</value>
          </Data>
        </ExtendedData>
        <Point>
          <coordinates>
            141.269127,43.0624972,0
          </coordinates>
        </Point>
      </Placemark>
      <Placemark>
        <name>発寒西陵公園</name>
        <description><![CDATA[説明: 冬期開放: <br>冬期未開放: ◯<br>身障者対応: ◯<br>身障者非対応: <br>種別: 4.身障者対応(冬期未開放)<br>冬期開放: <br>冬期未開放: ◯<br>身障者対応: ◯<br>身障者非対応: <br>種別: 4.身障者対応(冬期未開放)]]></description>
        <styleUrl>#icon-1735-1A237E</styleUrl>
        <ExtendedData>
          <Data name="説明">
            <value>冬期開放: 
冬期未開放: ◯
身障者対応: ◯
身障者非対応: 
種別: 4.身障者対応(冬期未開放)</value>
          </Data>
          <Data name="冬期開放">
            <value/>
          </Data>
          <Data name="冬期未開放">
            <value>◯</value>
          </Data>
          <Data name="身障者対応">
            <value>◯</value>
          </Data>
          <Data name="身障者非対応">
            <value/>
          </Data>
          <Data name="種別">
            <value>4.身障者対応(冬期未開放)</value>
          </Data>
        </ExtendedData>
        <Point>
          <coordinates>
            141.297755,43.106947,0
          </coordinates>
        </Point>
      </Placemark>
      <Placemark>
        <name>発寒河畔公園</name>
        <description><![CDATA[説明: 冬期開放: <br>冬期未開放: ◯<br>身障者対応: ◯<br>身障者非対応: <br>種別: 4.身障者対応(冬期未開放)<br>冬期開放: <br>冬期未開放: ◯<br>身障者対応: ◯<br>身障者非対応: <br>種別: 4.身障者対応(冬期未開放)]]></description>
        <styleUrl>#icon-1735-1A237E</styleUrl>
        <ExtendedData>
          <Data name="説明">
            <value>冬期開放: 
冬期未開放: ◯
身障者対応: ◯
身障者非対応: 
種別: 4.身障者対応(冬期未開放)</value>
          </Data>
          <Data name="冬期開放">
            <value/>
          </Data>
          <Data name="冬期未開放">
            <value>◯</value>
          </Data>
          <Data name="身障者対応">
            <value>◯</value>
          </Data>
          <Data name="身障者非対応">
            <value/>
          </Data>
          <Data name="種別">
            <value>4.身障者対応(冬期未開放)</value>
          </Data>
        </ExtendedData>
        <Point>
          <coordinates>
            141.289636,43.073287,0
          </coordinates>
        </Point>
      </Placemark>
      <Placemark>
        <name>発寒河畔公園</name>
        <description><![CDATA[説明: 冬期開放: <br>冬期未開放: ◯<br>身障者対応: <br>身障者非対応:◯ <br>種別: 2.冬期未開放(身障者非対応)<br>冬期開放: <br>冬期未開放: ◯<br>身障者対応: <br>身障者非対応: ◯<br>種別: 2.冬期未開放(身障者非対応)]]></description>
        <styleUrl>#icon-1733-1A237E</styleUrl>
        <ExtendedData>
          <Data name="説明">
            <value>冬期開放: 
冬期未開放: ◯
身障者対応: 
身障者非対応:◯ 
種別: 2.冬期未開放(身障者非対応)</value>
          </Data>
          <Data name="冬期開放">
            <value/>
          </Data>
          <Data name="冬期未開放">
            <value>◯</value>
          </Data>
          <Data name="身障者対応">
            <value/>
          </Data>
          <Data name="身障者非対応">
            <value>◯</value>
          </Data>
          <Data name="種別">
            <value>2.冬期未開放(身障者非対応)</value>
          </Data>
        </ExtendedData>
        <Point>
          <coordinates>
            141.300269,43.081194,0
          </coordinates>
        </Point>
      </Placemark>
      <Placemark>
        <name>発寒川緑地</name>
        <description><![CDATA[説明: 冬期開放: <br>冬期未開放: ◯<br>身障者対応: <br>身障者非対応: ◯<br>種別: 2.冬期未開放(身障者非対応)<br>冬期開放: <br>冬期未開放: ◯<br>身障者対応: <br>身障者非対応: ◯<br>種別: 2.冬期未開放(身障者非対応)]]></description>
        <styleUrl>#icon-1733-1A237E</styleUrl>
        <ExtendedData>
          <Data name="説明">
            <value>冬期開放: 
冬期未開放: ◯
身障者対応: 
身障者非対応: ◯
種別: 2.冬期未開放(身障者非対応)</value>
          </Data>
          <Data name="冬期開放">
            <value/>
          </Data>
          <Data name="冬期未開放">
            <value>◯</value>
          </Data>
          <Data name="身障者対応">
            <value/>
          </Data>
          <Data name="身障者非対応">
            <value>◯</value>
          </Data>
          <Data name="種別">
            <value>2.冬期未開放(身障者非対応)</value>
          </Data>
        </ExtendedData>
        <Point>
          <coordinates>
            141.279241,43.066137,0
          </coordinates>
        </Point>
      </Placemark>
      <Placemark>
        <name>発寒川緑地</name>
        <description><![CDATA[説明: 冬期開放: <br>冬期未開放: ◯<br>身障者対応: <br>身障者非対応: ◯<br>種別: 2.冬期未開放(身障者非対応)<br>冬期開放: <br>冬期未開放: ◯<br>身障者対応: <br>身障者非対応: ◯<br>種別: 2.冬期未開放(身障者非対応)]]></description>
        <styleUrl>#icon-1733-1A237E</styleUrl>
        <ExtendedData>
          <Data name="説明">
            <value>冬期開放: 
冬期未開放: ◯
身障者対応: 
身障者非対応: ◯
種別: 2.冬期未開放(身障者非対応)</value>
          </Data>
          <Data name="冬期開放">
            <value/>
          </Data>
          <Data name="冬期未開放">
            <value>◯</value>
          </Data>
          <Data name="身障者対応">
            <value/>
          </Data>
          <Data name="身障者非対応">
            <value>◯</value>
          </Data>
          <Data name="種別">
            <value>2.冬期未開放(身障者非対応)</value>
          </Data>
        </ExtendedData>
        <Point>
          <coordinates>
            141.277633,43.06265,0
          </coordinates>
        </Point>
      </Placemark>
      <Placemark>
        <name>鉄興公園</name>
        <description><![CDATA[説明: 冬期開放: <br>冬期未開放: ◯<br>身障者対応: <br>身障者非対応: ◯<br>種別: 2.冬期未開放(身障者非対応)<br>冬期開放: <br>冬期未開放: ◯<br>身障者対応: <br>身障者非対応: ◯<br>種別: 2.冬期未開放(身障者非対応)]]></description>
        <styleUrl>#icon-1733-1A237E</styleUrl>
        <ExtendedData>
          <Data name="説明">
            <value>冬期開放: 
冬期未開放: ◯
身障者対応: 
身障者非対応: ◯
種別: 2.冬期未開放(身障者非対応)</value>
          </Data>
          <Data name="冬期開放">
            <value/>
          </Data>
          <Data name="冬期未開放">
            <value>◯</value>
          </Data>
          <Data name="身障者対応">
            <value/>
          </Data>
          <Data name="身障者非対応">
            <value>◯</value>
          </Data>
          <Data name="種別">
            <value>2.冬期未開放(身障者非対応)</value>
          </Data>
        </ExtendedData>
        <Point>
          <coordinates>
            141.287113,43.102101,0
          </coordinates>
        </Point>
      </Placemark>
      <Placemark>
        <name>鉄興公園</name>
        <description><![CDATA[説明: 冬期開放: <br>冬期未開放: ◯<br>身障者対応: ◯<br>身障者非対応: <br>種別: 4.身障者対応(冬期未開放)<br>冬期開放: <br>冬期未開放: ◯<br>身障者対応: ◯<br>身障者非対応: <br>種別: 4.身障者対応(冬期未開放)]]></description>
        <styleUrl>#icon-1735-1A237E</styleUrl>
        <ExtendedData>
          <Data name="説明">
            <value>冬期開放: 
冬期未開放: ◯
身障者対応: ◯
身障者非対応: 
種別: 4.身障者対応(冬期未開放)</value>
          </Data>
          <Data name="冬期開放">
            <value/>
          </Data>
          <Data name="冬期未開放">
            <value>◯</value>
          </Data>
          <Data name="身障者対応">
            <value>◯</value>
          </Data>
          <Data name="身障者非対応">
            <value/>
          </Data>
          <Data name="種別">
            <value>4.身障者対応(冬期未開放)</value>
          </Data>
        </ExtendedData>
        <Point>
          <coordinates>
            141.284266,43.099549,0
          </coordinates>
        </Point>
      </Placemark>
      <Placemark>
        <name>発寒大空公園</name>
        <description><![CDATA[説明: 冬期開放: ◯<br>冬期未開放: <br>身障者対応: ◯<br>身障者非対応: <br>種別: 3.身障者対応(冬期開放)<br>冬期開放: ◯<br>冬期未開放: <br>身障者対応: ◯<br>身障者非対応: <br>種別: 3.身障者対応(冬期開放)]]></description>
        <styleUrl>#icon-1735-A52714</styleUrl>
        <ExtendedData>
          <Data name="説明">
            <value>冬期開放: ◯
冬期未開放: 
身障者対応: ◯
身障者非対応: 
種別: 3.身障者対応(冬期開放)</value>
          </Data>
          <Data name="冬期開放">
            <value>◯</value>
          </Data>
          <Data name="冬期未開放">
            <value/>
          </Data>
          <Data name="身障者対応">
            <value>◯</value>
          </Data>
          <Data name="身障者非対応">
            <value/>
          </Data>
          <Data name="種別">
            <value>3.身障者対応(冬期開放)</value>
          </Data>
        </ExtendedData>
        <Point>
          <coordinates>
            141.297133,43.085352,0
          </coordinates>
        </Point>
      </Placemark>
      <Placemark>
        <name>平和みなみ緑地</name>
        <description><![CDATA[説明: 冬期開放: <br>冬期未開放: ◯<br>身障者対応: <br>身障者非対応: ◯<br>種別: 2.冬期未開放(身障者非対応)<br>冬期開放: <br>冬期未開放: ◯<br>身障者対応: <br>身障者非対応: ◯<br>種別: 2.冬期未開放(身障者非対応)]]></description>
        <styleUrl>#icon-1733-1A237E</styleUrl>
        <ExtendedData>
          <Data name="説明">
            <value>冬期開放: 
冬期未開放: ◯
身障者対応: 
身障者非対応: ◯
種別: 2.冬期未開放(身障者非対応)</value>
          </Data>
          <Data name="冬期開放">
            <value/>
          </Data>
          <Data name="冬期未開放">
            <value>◯</value>
          </Data>
          <Data name="身障者対応">
            <value/>
          </Data>
          <Data name="身障者非対応">
            <value>◯</value>
          </Data>
          <Data name="種別">
            <value>2.冬期未開放(身障者非対応)</value>
          </Data>
        </ExtendedData>
        <Point>
          <coordinates>
            141.263298,43.059349,0
          </coordinates>
        </Point>
      </Placemark>
      <Placemark>
        <name>平和丘陵公園</name>
        <description><![CDATA[説明: 冬期開放: ◯<br>冬期未開放: <br>身障者対応: ◯<br>身障者非対応: <br>種別: 3.身障者対応(冬期開放)<br>冬期開放: ◯<br>冬期未開放: <br>身障者対応: ◯<br>身障者非対応: <br>種別: 3.身障者対応(冬期開放)]]></description>
        <styleUrl>#icon-1735-A52714</styleUrl>
        <ExtendedData>
          <Data name="説明">
            <value>冬期開放: ◯
冬期未開放: 
身障者対応: ◯
身障者非対応: 
種別: 3.身障者対応(冬期開放)</value>
          </Data>
          <Data name="冬期開放">
            <value>◯</value>
          </Data>
          <Data name="冬期未開放">
            <value/>
          </Data>
          <Data name="身障者対応">
            <value>◯</value>
          </Data>
          <Data name="身障者非対応">
            <value/>
          </Data>
          <Data name="種別">
            <value>3.身障者対応(冬期開放)</value>
          </Data>
        </ExtendedData>
        <Point>
          <coordinates>
            141.245531,43.055611,0
          </coordinates>
        </Point>
      </Placemark>
      <Placemark>
        <name>五天山公園</name>
        <description><![CDATA[説明: 冬期開放: <br>冬期未開放: ◯<br>身障者対応: ◯<br>身障者非対応: <br>種別: 4.身障者対応(冬期未開放)<br>冬期開放: <br>冬期未開放: ◯<br>身障者対応: ◯<br>身障者非対応: <br>種別: 4.身障者対応(冬期未開放)]]></description>
        <styleUrl>#icon-1735-1A237E</styleUrl>
        <ExtendedData>
          <Data name="説明">
            <value>冬期開放: 
冬期未開放: ◯
身障者対応: ◯
身障者非対応: 
種別: 4.身障者対応(冬期未開放)</value>
          </Data>
          <Data name="冬期開放">
            <value/>
          </Data>
          <Data name="冬期未開放">
            <value>◯</value>
          </Data>
          <Data name="身障者対応">
            <value>◯</value>
          </Data>
          <Data name="身障者非対応">
            <value/>
          </Data>
          <Data name="種別">
            <value>4.身障者対応(冬期未開放)</value>
          </Data>
        </ExtendedData>
        <Point>
          <coordinates>
            141.258772,43.047006,0
          </coordinates>
        </Point>
      </Placemark>
      <Placemark>
        <name>五天山公園</name>
        <description><![CDATA[説明: 冬期開放: <br>冬期未開放: ◯<br>身障者対応: ◯<br>身障者非対応: <br>種別: 4.身障者対応(冬期未開放)<br>冬期開放: <br>冬期未開放: ◯<br>身障者対応: ◯<br>身障者非対応: <br>種別: 4.身障者対応(冬期未開放)]]></description>
        <styleUrl>#icon-1735-1A237E</styleUrl>
        <ExtendedData>
          <Data name="説明">
            <value>冬期開放: 
冬期未開放: ◯
身障者対応: ◯
身障者非対応: 
種別: 4.身障者対応(冬期未開放)</value>
          </Data>
          <Data name="冬期開放">
            <value/>
          </Data>
          <Data name="冬期未開放">
            <value>◯</value>
          </Data>
          <Data name="身障者対応">
            <value>◯</value>
          </Data>
          <Data name="身障者非対応">
            <value/>
          </Data>
          <Data name="種別">
            <value>4.身障者対応(冬期未開放)</value>
          </Data>
        </ExtendedData>
        <Point>
          <coordinates>
            141.256804,43.045378,0
          </coordinates>
        </Point>
      </Placemark>
      <Placemark>
        <name>西野南公園</name>
        <description><![CDATA[説明: 冬期開放: <br>冬期未開放: ◯<br>身障者対応: <br>身障者非対応: ◯<br>種別: 2.冬期未開放(身障者非対応)<br>冬期開放: <br>冬期未開放: ◯<br>身障者対応: <br>身障者非対応: ◯<br>種別: 2.冬期未開放(身障者非対応)]]></description>
        <styleUrl>#icon-1733-1A237E</styleUrl>
        <ExtendedData>
          <Data name="説明">
            <value>冬期開放: 
冬期未開放: ◯
身障者対応: 
身障者非対応: ◯
種別: 2.冬期未開放(身障者非対応)</value>
          </Data>
          <Data name="冬期開放">
            <value/>
          </Data>
          <Data name="冬期未開放">
            <value>◯</value>
          </Data>
          <Data name="身障者対応">
            <value/>
          </Data>
          <Data name="身障者非対応">
            <value>◯</value>
          </Data>
          <Data name="種別">
            <value>2.冬期未開放(身障者非対応)</value>
          </Data>
        </ExtendedData>
        <Point>
          <coordinates>
            141.257834,43.061598,0
          </coordinates>
        </Point>
      </Placemark>
      <Placemark>
        <name>農試公園</name>
        <description><![CDATA[説明: 冬期開放: <br>冬期未開放: ◯<br>身障者対応: ◯<br>身障者非対応: <br>種別: 4.身障者対応(冬期未開放)<br>冬期開放: <br>冬期未開放: ◯<br>身障者対応: ◯<br>身障者非対応: <br>種別: 4.身障者対応(冬期未開放)]]></description>
        <styleUrl>#icon-1735-1A237E</styleUrl>
        <ExtendedData>
          <Data name="説明">
            <value>冬期開放: 
冬期未開放: ◯
身障者対応: ◯
身障者非対応: 
種別: 4.身障者対応(冬期未開放)</value>
          </Data>
          <Data name="冬期開放">
            <value/>
          </Data>
          <Data name="冬期未開放">
            <value>◯</value>
          </Data>
          <Data name="身障者対応">
            <value>◯</value>
          </Data>
          <Data name="身障者非対応">
            <value/>
          </Data>
          <Data name="種別">
            <value>4.身障者対応(冬期未開放)</value>
          </Data>
        </ExtendedData>
        <Point>
          <coordinates>
            141.304009,43.088314,0
          </coordinates>
        </Point>
      </Placemark>
      <Placemark>
        <name>農試公園</name>
        <description><![CDATA[説明: 冬期開放: ◯<br>冬期未開放: <br>身障者対応: ◯<br>身障者非対応: <br>種別: 3.身障者対応(冬期開放)<br>冬期開放: ◯<br>冬期未開放: <br>身障者対応: ◯<br>身障者非対応: <br>種別: 3.身障者対応(冬期開放)]]></description>
        <styleUrl>#icon-1735-A52714</styleUrl>
        <ExtendedData>
          <Data name="説明">
            <value>冬期開放: ◯
冬期未開放: 
身障者対応: ◯
身障者非対応: 
種別: 3.身障者対応(冬期開放)</value>
          </Data>
          <Data name="冬期開放">
            <value>◯</value>
          </Data>
          <Data name="冬期未開放">
            <value/>
          </Data>
          <Data name="身障者対応">
            <value>◯</value>
          </Data>
          <Data name="身障者非対応">
            <value/>
          </Data>
          <Data name="種別">
            <value>3.身障者対応(冬期開放)</value>
          </Data>
        </ExtendedData>
        <Point>
          <coordinates>
            141.3037178,43.0903741,0
          </coordinates>
        </Point>
      </Placemark>
      <Placemark>
        <name>発寒西陵公園</name>
        <description><![CDATA[説明: 冬期開放: <br>冬期未開放: ◯<br>身障者対応: ◯<br>身障者非対応: <br>種別: 4.身障者対応(冬期未開放)<br>冬期開放: <br>冬期未開放: ◯<br>身障者対応: ◯<br>身障者非対応: <br>種別: 4.身障者対応(冬期未開放)]]></description>
        <styleUrl>#icon-1735-1A237E</styleUrl>
        <ExtendedData>
          <Data name="説明">
            <value>冬期開放: 
冬期未開放: ◯
身障者対応: ◯
身障者非対応: 
種別: 4.身障者対応(冬期未開放)</value>
          </Data>
          <Data name="冬期開放">
            <value/>
          </Data>
          <Data name="冬期未開放">
            <value>◯</value>
          </Data>
          <Data name="身障者対応">
            <value>◯</value>
          </Data>
          <Data name="身障者非対応">
            <value/>
          </Data>
          <Data name="種別">
            <value>4.身障者対応(冬期未開放)</value>
          </Data>
        </ExtendedData>
        <Point>
          <coordinates>
            141.298475,43.104482,0
          </coordinates>
        </Point>
      </Placemark>
      <Placemark>
        <name>発寒西陵公園</name>
        <description><![CDATA[説明: 冬期開放: <br>冬期未開放: ◯<br>身障者対応: ◯<br>身障者非対応: <br>種別: 4.身障者対応(冬期未開放)<br>冬期開放: <br>冬期未開放: ◯<br>身障者対応: ◯<br>身障者非対応: <br>種別: 4.身障者対応(冬期未開放)]]></description>
        <styleUrl>#icon-1735-1A237E</styleUrl>
        <ExtendedData>
          <Data name="説明">
            <value>冬期開放: 
冬期未開放: ◯
身障者対応: ◯
身障者非対応: 
種別: 4.身障者対応(冬期未開放)</value>
          </Data>
          <Data name="冬期開放">
            <value/>
          </Data>
          <Data name="冬期未開放">
            <value>◯</value>
          </Data>
          <Data name="身障者対応">
            <value>◯</value>
          </Data>
          <Data name="身障者非対応">
            <value/>
          </Data>
          <Data name="種別">
            <value>4.身障者対応(冬期未開放)</value>
          </Data>
        </ExtendedData>
        <Point>
          <coordinates>
            141.298541,43.104484,0
          </coordinates>
        </Point>
      </Placemark>
      <Placemark>
        <name>（山の手都市環境林）</name>
        <description><![CDATA[説明: 冬期開放: ◯<br>冬期未開放: <br>身障者対応: <br>身障者非対応: ◯<br>種別: 1.冬期開放(身障者非対応)<br>冬期開放: ◯<br>冬期未開放: <br>身障者対応: <br>身障者非対応: ◯<br>種別: 1.冬期開放(身障者非対応)]]></description>
        <styleUrl>#icon-1733-A52714</styleUrl>
        <ExtendedData>
          <Data name="説明">
            <value>冬期開放: ◯
冬期未開放: 
身障者対応: 
身障者非対応: ◯
種別: 1.冬期開放(身障者非対応)</value>
          </Data>
          <Data name="冬期開放">
            <value>◯</value>
          </Data>
          <Data name="冬期未開放">
            <value/>
          </Data>
          <Data name="身障者対応">
            <value/>
          </Data>
          <Data name="身障者非対応">
            <value>◯</value>
          </Data>
          <Data name="種別">
            <value>1.冬期開放(身障者非対応)</value>
          </Data>
        </ExtendedData>
        <Point>
          <coordinates>
            141.287955,43.063308,0
          </coordinates>
        </Point>
      </Placemark>
      <Placemark>
        <name>宮丘公園</name>
        <description><![CDATA[説明: 冬期開放: <br>冬期未開放: ◯<br>身障者対応: ◯<br>身障者非対応: <br>種別: 4.身障者対応(冬期未開放)<br>冬期開放: <br>冬期未開放: ◯<br>身障者対応: ◯<br>身障者非対応: <br>種別: 4.身障者対応(冬期未開放)]]></description>
        <styleUrl>#icon-1735-1A237E</styleUrl>
        <ExtendedData>
          <Data name="説明">
            <value>冬期開放: 
冬期未開放: ◯
身障者対応: ◯
身障者非対応: 
種別: 4.身障者対応(冬期未開放)</value>
          </Data>
          <Data name="冬期開放">
            <value/>
          </Data>
          <Data name="冬期未開放">
            <value>◯</value>
          </Data>
          <Data name="身障者対応">
            <value>◯</value>
          </Data>
          <Data name="身障者非対応">
            <value/>
          </Data>
          <Data name="種別">
            <value>4.身障者対応(冬期未開放)</value>
          </Data>
        </ExtendedData>
        <Point>
          <coordinates>
            141.260462,43.080008,0
          </coordinates>
        </Point>
      </Placemark>
      <Placemark>
        <name>宮丘公園</name>
        <description><![CDATA[説明: 冬期開放: <br>冬期未開放: ◯<br>身障者対応: <br>身障者非対応:◯ <br>種別: 2.冬期未開放(身障者非対応)<br>冬期開放: <br>冬期未開放: ◯<br>身障者対応: <br>身障者非対応: ◯<br>種別: 2.冬期未開放(身障者非対応)]]></description>
        <styleUrl>#icon-1733-1A237E</styleUrl>
        <ExtendedData>
          <Data name="説明">
            <value>冬期開放: 
冬期未開放: ◯
身障者対応: 
身障者非対応:◯ 
種別: 2.冬期未開放(身障者非対応)</value>
          </Data>
          <Data name="冬期開放">
            <value/>
          </Data>
          <Data name="冬期未開放">
            <value>◯</value>
          </Data>
          <Data name="身障者対応">
            <value/>
          </Data>
          <Data name="身障者非対応">
            <value>◯</value>
          </Data>
          <Data name="種別">
            <value>2.冬期未開放(身障者非対応)</value>
          </Data>
        </ExtendedData>
        <Point>
          <coordinates>
            141.2678984,43.0837328,0
          </coordinates>
        </Point>
      </Placemark>
      <Placemark>
        <name>宮丘公園</name>
        <description><![CDATA[説明: 冬期開放: <br>冬期未開放: ◯<br>身障者対応: <br>身障者非対応:◯ <br>種別: 2.冬期未開放(身障者非対応)<br>冬期開放: <br>冬期未開放: ◯<br>身障者対応: <br>身障者非対応: ◯<br>種別: 2.冬期未開放(身障者非対応)]]></description>
        <styleUrl>#icon-1733-1A237E</styleUrl>
        <ExtendedData>
          <Data name="説明">
            <value>冬期開放: 
冬期未開放: ◯
身障者対応: 
身障者非対応:◯ 
種別: 2.冬期未開放(身障者非対応)</value>
          </Data>
          <Data name="冬期開放">
            <value/>
          </Data>
          <Data name="冬期未開放">
            <value>◯</value>
          </Data>
          <Data name="身障者対応">
            <value/>
          </Data>
          <Data name="身障者非対応">
            <value>◯</value>
          </Data>
          <Data name="種別">
            <value>2.冬期未開放(身障者非対応)</value>
          </Data>
        </ExtendedData>
        <Point>
          <coordinates>
            141.265399,43.083497,0
          </coordinates>
        </Point>
      </Placemark>
      <Placemark>
        <name>宮丘公園</name>
        <description><![CDATA[説明: 冬期開放: <br>冬期未開放: ◯<br>身障者対応: <br>身障者非対応:◯ <br>種別: 2.冬期未開放(身障者非対応)<br>冬期開放: <br>冬期未開放: ◯<br>身障者対応: <br>身障者非対応: ◯<br>種別: 2.冬期未開放(身障者非対応)]]></description>
        <styleUrl>#icon-1733-1A237E</styleUrl>
        <ExtendedData>
          <Data name="説明">
            <value>冬期開放: 
冬期未開放: ◯
身障者対応: 
身障者非対応:◯ 
種別: 2.冬期未開放(身障者非対応)</value>
          </Data>
          <Data name="冬期開放">
            <value/>
          </Data>
          <Data name="冬期未開放">
            <value>◯</value>
          </Data>
          <Data name="身障者対応">
            <value/>
          </Data>
          <Data name="身障者非対応">
            <value>◯</value>
          </Data>
          <Data name="種別">
            <value>2.冬期未開放(身障者非対応)</value>
          </Data>
        </ExtendedData>
        <Point>
          <coordinates>
            141.26497,43.0766258,0
          </coordinates>
        </Point>
      </Placemark>
      <Placemark>
        <name>鉄興公園</name>
        <description><![CDATA[説明: 冬期開放: ◯<br>冬期未開放: <br>身障者対応: ◯<br>身障者非対応: <br>種別: 3.身障者対応(冬期開放)<br>冬期開放: ◯<br>冬期未開放: <br>身障者対応: ◯<br>身障者非対応: <br>種別: 3.身障者対応(冬期開放)]]></description>
        <styleUrl>#icon-1735-A52714</styleUrl>
        <ExtendedData>
          <Data name="説明">
            <value>冬期開放: ◯
冬期未開放: 
身障者対応: ◯
身障者非対応: 
種別: 3.身障者対応(冬期開放)</value>
          </Data>
          <Data name="冬期開放">
            <value>◯</value>
          </Data>
          <Data name="冬期未開放">
            <value/>
          </Data>
          <Data name="身障者対応">
            <value>◯</value>
          </Data>
          <Data name="身障者非対応">
            <value/>
          </Data>
          <Data name="種別">
            <value>3.身障者対応(冬期開放)</value>
          </Data>
        </ExtendedData>
        <Point>
          <coordinates>
            141.286177,43.100667,0
          </coordinates>
        </Point>
      </Placemark>
      <Placemark>
        <name>五天山公園</name>
        <description><![CDATA[説明: 冬期開放: <br>冬期未開放: ◯<br>身障者対応: ◯<br>身障者非対応: <br>種別: 4.身障者対応(冬期未開放)<br>冬期開放: <br>冬期未開放: ◯<br>身障者対応: ◯<br>身障者非対応: <br>種別: 4.身障者対応(冬期未開放)]]></description>
        <styleUrl>#icon-1735-1A237E</styleUrl>
        <ExtendedData>
          <Data name="説明">
            <value>冬期開放: 
冬期未開放: ◯
身障者対応: ◯
身障者非対応: 
種別: 4.身障者対応(冬期未開放)</value>
          </Data>
          <Data name="冬期開放">
            <value/>
          </Data>
          <Data name="冬期未開放">
            <value>◯</value>
          </Data>
          <Data name="身障者対応">
            <value>◯</value>
          </Data>
          <Data name="身障者非対応">
            <value/>
          </Data>
          <Data name="種別">
            <value>4.身障者対応(冬期未開放)</value>
          </Data>
        </ExtendedData>
        <Point>
          <coordinates>
            141.2595459,43.0463449,0
          </coordinates>
        </Point>
      </Placemark>
      <Placemark>
        <name>西岡公園</name>
        <description><![CDATA[説明: 冬期開放: <br>冬期未開放: ◯<br>身障者対応: <br>身障者非対応: ◯<br>種別: 2.冬期未開放(身障者非対応)<br>冬期開放: <br>冬期未開放: ◯<br>身障者対応: <br>身障者非対応: ◯<br>種別: 2.冬期未開放(身障者非対応)]]></description>
        <styleUrl>#icon-1733-1A237E</styleUrl>
        <ExtendedData>
          <Data name="説明">
            <value>冬期開放: 
冬期未開放: ◯
身障者対応: 
身障者非対応: ◯
種別: 2.冬期未開放(身障者非対応)</value>
          </Data>
          <Data name="冬期開放">
            <value/>
          </Data>
          <Data name="冬期未開放">
            <value>◯</value>
          </Data>
          <Data name="身障者対応">
            <value/>
          </Data>
          <Data name="身障者非対応">
            <value>◯</value>
          </Data>
          <Data name="種別">
            <value>2.冬期未開放(身障者非対応)</value>
          </Data>
        </ExtendedData>
        <Point>
          <coordinates>
            141.379683,42.98898,0
          </coordinates>
        </Point>
      </Placemark>
      <Placemark>
        <name>平和公園</name>
        <description><![CDATA[説明: 冬期開放: <br>冬期未開放: ◯<br>身障者対応: ◯<br>身障者非対応: <br>種別: 4.身障者対応(冬期未開放)<br>冬期開放: <br>冬期未開放: ◯<br>身障者対応: ◯<br>身障者非対応: <br>種別: 4.身障者対応(冬期未開放)]]></description>
        <styleUrl>#icon-1735-1A237E</styleUrl>
        <ExtendedData>
          <Data name="説明">
            <value>冬期開放: 
冬期未開放: ◯
身障者対応: ◯
身障者非対応: 
種別: 4.身障者対応(冬期未開放)</value>
          </Data>
          <Data name="冬期開放">
            <value/>
          </Data>
          <Data name="冬期未開放">
            <value>◯</value>
          </Data>
          <Data name="身障者対応">
            <value>◯</value>
          </Data>
          <Data name="身障者非対応">
            <value/>
          </Data>
          <Data name="種別">
            <value>4.身障者対応(冬期未開放)</value>
          </Data>
        </ExtendedData>
        <Point>
          <coordinates>
            141.392092,43.028832,0
          </coordinates>
        </Point>
      </Placemark>
      <Placemark>
        <name>東月寒公園</name>
        <description><![CDATA[説明: 冬期開放: ◯<br>冬期未開放: <br>身障者対応: ◯<br>身障者非対応: <br>種別: 3.身障者対応(冬期開放)<br>冬期開放: ◯<br>冬期未開放: <br>身障者対応: ◯<br>身障者非対応: <br>種別: 3.身障者対応(冬期開放)]]></description>
        <styleUrl>#icon-1735-A52714</styleUrl>
        <ExtendedData>
          <Data name="説明">
            <value>冬期開放: ◯
冬期未開放: 
身障者対応: ◯
身障者非対応: 
種別: 3.身障者対応(冬期開放)</value>
          </Data>
          <Data name="冬期開放">
            <value>◯</value>
          </Data>
          <Data name="冬期未開放">
            <value/>
          </Data>
          <Data name="身障者対応">
            <value>◯</value>
          </Data>
          <Data name="身障者非対応">
            <value/>
          </Data>
          <Data name="種別">
            <value>3.身障者対応(冬期開放)</value>
          </Data>
        </ExtendedData>
        <Point>
          <coordinates>
            141.430643,43.027185,0
          </coordinates>
        </Point>
      </Placemark>
      <Placemark>
        <name>豊平公園</name>
        <description><![CDATA[説明: 冬期開放: <br>冬期未開放: ◯<br>身障者対応: <br>身障者非対応: ◯<br>種別: 2.冬期未開放(身障者非対応)<br>冬期開放: <br>冬期未開放: ◯<br>身障者対応: <br>身障者非対応: ◯<br>種別: 2.冬期未開放(身障者非対応)]]></description>
        <styleUrl>#icon-1733-1A237E</styleUrl>
        <ExtendedData>
          <Data name="説明">
            <value>冬期開放: 
冬期未開放: ◯
身障者対応: 
身障者非対応: ◯
種別: 2.冬期未開放(身障者非対応)</value>
          </Data>
          <Data name="冬期開放">
            <value/>
          </Data>
          <Data name="冬期未開放">
            <value>◯</value>
          </Data>
          <Data name="身障者対応">
            <value/>
          </Data>
          <Data name="身障者非対応">
            <value>◯</value>
          </Data>
          <Data name="種別">
            <value>2.冬期未開放(身障者非対応)</value>
          </Data>
        </ExtendedData>
        <Point>
          <coordinates>
            141.379323,43.042109,0
          </coordinates>
        </Point>
      </Placemark>
      <Placemark>
        <name>月寒公園</name>
        <description><![CDATA[説明: 冬期開放: <br>冬期未開放: ◯<br>身障者対応: ◯<br>身障者非対応: <br>種別: 4.身障者対応(冬期未開放)<br>冬期開放: <br>冬期未開放: ◯<br>身障者対応: ◯<br>身障者非対応: <br>種別: 4.身障者対応(冬期未開放)]]></description>
        <styleUrl>#icon-1735-1A237E</styleUrl>
        <ExtendedData>
          <Data name="説明">
            <value>冬期開放: 
冬期未開放: ◯
身障者対応: ◯
身障者非対応: 
種別: 4.身障者対応(冬期未開放)</value>
          </Data>
          <Data name="冬期開放">
            <value/>
          </Data>
          <Data name="冬期未開放">
            <value>◯</value>
          </Data>
          <Data name="身障者対応">
            <value>◯</value>
          </Data>
          <Data name="身障者非対応">
            <value/>
          </Data>
          <Data name="種別">
            <value>4.身障者対応(冬期未開放)</value>
          </Data>
        </ExtendedData>
        <Point>
          <coordinates>
            141.3835584,43.0318281,0
          </coordinates>
        </Point>
      </Placemark>
      <Placemark>
        <name>平岸高台公園</name>
        <description><![CDATA[説明: 冬期開放: ◯<br>冬期未開放: <br>身障者対応: ◯<br>身障者非対応: <br>種別: 3.身障者対応(冬期開放)<br>冬期開放: ◯<br>冬期未開放: <br>身障者対応: ◯<br>身障者非対応: <br>種別: 3.身障者対応(冬期開放)]]></description>
        <styleUrl>#icon-1735-A52714</styleUrl>
        <ExtendedData>
          <Data name="説明">
            <value>冬期開放: ◯
冬期未開放: 
身障者対応: ◯
身障者非対応: 
種別: 3.身障者対応(冬期開放)</value>
          </Data>
          <Data name="冬期開放">
            <value>◯</value>
          </Data>
          <Data name="冬期未開放">
            <value/>
          </Data>
          <Data name="身障者対応">
            <value>◯</value>
          </Data>
          <Data name="身障者非対応">
            <value/>
          </Data>
          <Data name="種別">
            <value>3.身障者対応(冬期開放)</value>
          </Data>
        </ExtendedData>
        <Point>
          <coordinates>
            141.374252,43.026883,0
          </coordinates>
        </Point>
      </Placemark>
      <Placemark>
        <name>福住小川公園</name>
        <description><![CDATA[説明: 冬期開放: <br>冬期未開放: ◯<br>身障者対応: ◯<br>身障者非対応: <br>種別: 4.身障者対応(冬期未開放)<br>冬期開放: <br>冬期未開放: ◯<br>身障者対応: ◯<br>身障者非対応: <br>種別: 4.身障者対応(冬期未開放)]]></description>
        <styleUrl>#icon-1735-1A237E</styleUrl>
        <ExtendedData>
          <Data name="説明">
            <value>冬期開放: 
冬期未開放: ◯
身障者対応: ◯
身障者非対応: 
種別: 4.身障者対応(冬期未開放)</value>
          </Data>
          <Data name="冬期開放">
            <value/>
          </Data>
          <Data name="冬期未開放">
            <value>◯</value>
          </Data>
          <Data name="身障者対応">
            <value>◯</value>
          </Data>
          <Data name="身障者非対応">
            <value/>
          </Data>
          <Data name="種別">
            <value>4.身障者対応(冬期未開放)</value>
          </Data>
        </ExtendedData>
        <Point>
          <coordinates>
            141.402778,43.017945,0
          </coordinates>
        </Point>
      </Placemark>
      <Placemark>
        <name>精進河畔公園</name>
        <description><![CDATA[説明: 冬期開放: <br>冬期未開放: ◯<br>身障者対応: ◯<br>身障者非対応: <br>種別: 4.身障者対応(冬期未開放)<br>冬期開放: <br>冬期未開放: ◯<br>身障者対応: ◯<br>身障者非対応: <br>種別: 4.身障者対応(冬期未開放)]]></description>
        <styleUrl>#icon-1735-1A237E</styleUrl>
        <ExtendedData>
          <Data name="説明">
            <value>冬期開放: 
冬期未開放: ◯
身障者対応: ◯
身障者非対応: 
種別: 4.身障者対応(冬期未開放)</value>
          </Data>
          <Data name="冬期開放">
            <value/>
          </Data>
          <Data name="冬期未開放">
            <value>◯</value>
          </Data>
          <Data name="身障者対応">
            <value>◯</value>
          </Data>
          <Data name="身障者非対応">
            <value/>
          </Data>
          <Data name="種別">
            <value>4.身障者対応(冬期未開放)</value>
          </Data>
        </ExtendedData>
        <Point>
          <coordinates>
            141.361116,43.027388,0
          </coordinates>
        </Point>
      </Placemark>
      <Placemark>
        <name>西岡中央公園</name>
        <description><![CDATA[説明: 冬期開放: <br>冬期未開放: ◯<br>身障者対応: ◯<br>身障者非対応: <br>種別: 4.身障者対応(冬期未開放)<br>冬期開放: <br>冬期未開放: ◯<br>身障者対応: ◯<br>身障者非対応: <br>種別: 4.身障者対応(冬期未開放)]]></description>
        <styleUrl>#icon-1735-1A237E</styleUrl>
        <ExtendedData>
          <Data name="説明">
            <value>冬期開放: 
冬期未開放: ◯
身障者対応: ◯
身障者非対応: 
種別: 4.身障者対応(冬期未開放)</value>
          </Data>
          <Data name="冬期開放">
            <value/>
          </Data>
          <Data name="冬期未開放">
            <value>◯</value>
          </Data>
          <Data name="身障者対応">
            <value>◯</value>
          </Data>
          <Data name="身障者非対応">
            <value/>
          </Data>
          <Data name="種別">
            <value>4.身障者対応(冬期未開放)</value>
          </Data>
        </ExtendedData>
        <Point>
          <coordinates>
            141.37951,43.010252,0
          </coordinates>
        </Point>
      </Placemark>
      <Placemark>
        <name>吉田川公園</name>
        <description><![CDATA[説明: 冬期開放: ◯<br>冬期未開放: <br>身障者対応: <br>身障者非対応: ◯<br>種別: 1.冬期開放(身障者非対応)<br>冬期開放: ◯<br>冬期未開放: <br>身障者対応: <br>身障者非対応: ◯<br>種別: 1.冬期開放(身障者非対応)]]></description>
        <styleUrl>#icon-1733-A52714</styleUrl>
        <ExtendedData>
          <Data name="説明">
            <value>冬期開放: ◯
冬期未開放: 
身障者対応: 
身障者非対応: ◯
種別: 1.冬期開放(身障者非対応)</value>
          </Data>
          <Data name="冬期開放">
            <value>◯</value>
          </Data>
          <Data name="冬期未開放">
            <value/>
          </Data>
          <Data name="身障者対応">
            <value/>
          </Data>
          <Data name="身障者非対応">
            <value>◯</value>
          </Data>
          <Data name="種別">
            <value>1.冬期開放(身障者非対応)</value>
          </Data>
        </ExtendedData>
        <Point>
          <coordinates>
            141.426641,43.015279,0
          </coordinates>
        </Point>
      </Placemark>
      <Placemark>
        <name>西岡中央公園</name>
        <description><![CDATA[説明: 冬期開放: <br>冬期未開放: ◯<br>身障者対応: ◯<br>身障者非対応: <br>種別: 4.身障者対応(冬期未開放)<br>冬期開放: <br>冬期未開放: ◯<br>身障者対応: ◯<br>身障者非対応: <br>種別: 4.身障者対応(冬期未開放)]]></description>
        <styleUrl>#icon-1735-1A237E</styleUrl>
        <ExtendedData>
          <Data name="説明">
            <value>冬期開放: 
冬期未開放: ◯
身障者対応: ◯
身障者非対応: 
種別: 4.身障者対応(冬期未開放)</value>
          </Data>
          <Data name="冬期開放">
            <value/>
          </Data>
          <Data name="冬期未開放">
            <value>◯</value>
          </Data>
          <Data name="身障者対応">
            <value>◯</value>
          </Data>
          <Data name="身障者非対応">
            <value/>
          </Data>
          <Data name="種別">
            <value>4.身障者対応(冬期未開放)</value>
          </Data>
        </ExtendedData>
        <Point>
          <coordinates>
            141.380585,43.011109,0
          </coordinates>
        </Point>
      </Placemark>
      <Placemark>
        <name>西岡中央公園</name>
        <description><![CDATA[説明: 冬期開放: <br>冬期未開放: ◯<br>身障者対応: <br>身障者非対応:◯ <br>種別:1.冬期開放(身障者非対応)<br>冬期開放: <br>冬期未開放: ◯<br>身障者対応: <br>身障者非対応: ◯<br>種別: 1.冬期開放(身障者非対応)]]></description>
        <styleUrl>#icon-1733-1A237E</styleUrl>
        <ExtendedData>
          <Data name="説明">
            <value>冬期開放: 
冬期未開放: ◯
身障者対応: 
身障者非対応:◯ 
種別:1.冬期開放(身障者非対応)</value>
          </Data>
          <Data name="冬期開放">
            <value/>
          </Data>
          <Data name="冬期未開放">
            <value>◯</value>
          </Data>
          <Data name="身障者対応">
            <value/>
          </Data>
          <Data name="身障者非対応">
            <value>◯</value>
          </Data>
          <Data name="種別">
            <value>1.冬期開放(身障者非対応)</value>
          </Data>
        </ExtendedData>
        <Point>
          <coordinates>
            141.380538,43.010999,0
          </coordinates>
        </Point>
      </Placemark>
      <Placemark>
        <name>西岡高台公園</name>
        <description><![CDATA[説明: 冬期開放: ◯<br>冬期未開放: <br>身障者対応: ◯<br>身障者非対応: <br>種別: 3.身障者対応(冬期開放)<br>冬期開放: ◯<br>冬期未開放: <br>身障者対応: ◯<br>身障者非対応: <br>種別: 3.身障者対応(冬期開放)]]></description>
        <styleUrl>#icon-1735-A52714</styleUrl>
        <ExtendedData>
          <Data name="説明">
            <value>冬期開放: ◯
冬期未開放: 
身障者対応: ◯
身障者非対応: 
種別: 3.身障者対応(冬期開放)</value>
          </Data>
          <Data name="冬期開放">
            <value>◯</value>
          </Data>
          <Data name="冬期未開放">
            <value/>
          </Data>
          <Data name="身障者対応">
            <value>◯</value>
          </Data>
          <Data name="身障者非対応">
            <value/>
          </Data>
          <Data name="種別">
            <value>3.身障者対応(冬期開放)</value>
          </Data>
        </ExtendedData>
        <Point>
          <coordinates>
            141.381688,42.996876,0
          </coordinates>
        </Point>
      </Placemark>
      <Placemark>
        <name>月寒公園</name>
        <description><![CDATA[説明: 冬期開放: <br>冬期未開放: ◯<br>身障者対応: <br>身障者非対応: ◯<br>種別: 4.身障者対応(冬期未開放)<br>冬期開放: <br>冬期未開放: ◯<br>身障者対応: ◯<br>身障者非対応: <br>種別: 4.身障者対応(冬期未開放)]]></description>
        <styleUrl>#icon-1735-1A237E</styleUrl>
        <ExtendedData>
          <Data name="説明">
            <value>冬期開放: 
冬期未開放: ◯
身障者対応: 
身障者非対応: ◯
種別: 4.身障者対応(冬期未開放)</value>
          </Data>
          <Data name="冬期開放">
            <value/>
          </Data>
          <Data name="冬期未開放">
            <value>◯</value>
          </Data>
          <Data name="身障者対応">
            <value>◯</value>
          </Data>
          <Data name="身障者非対応">
            <value/>
          </Data>
          <Data name="種別">
            <value>4.身障者対応(冬期未開放)</value>
          </Data>
        </ExtendedData>
        <Point>
          <coordinates>
            141.3900789,43.0330116,0
          </coordinates>
        </Point>
      </Placemark>
      <Placemark>
        <name>福住公園</name>
        <description><![CDATA[説明: 冬期開放: <br>冬期未開放: ◯<br>身障者対応: <br>身障者非対応: ◯<br>種別: 2.冬期未開放(身障者非対応)<br>冬期開放: <br>冬期未開放: ◯<br>身障者対応: <br>身障者非対応: ◯<br>種別: 2.冬期未開放(身障者非対応)]]></description>
        <styleUrl>#icon-1733-1A237E</styleUrl>
        <ExtendedData>
          <Data name="説明">
            <value>冬期開放: 
冬期未開放: ◯
身障者対応: 
身障者非対応: ◯
種別: 2.冬期未開放(身障者非対応)</value>
          </Data>
          <Data name="冬期開放">
            <value/>
          </Data>
          <Data name="冬期未開放">
            <value>◯</value>
          </Data>
          <Data name="身障者対応">
            <value/>
          </Data>
          <Data name="身障者非対応">
            <value>◯</value>
          </Data>
          <Data name="種別">
            <value>2.冬期未開放(身障者非対応)</value>
          </Data>
        </ExtendedData>
        <Point>
          <coordinates>
            141.393846,43.003878,0
          </coordinates>
        </Point>
      </Placemark>
      <Placemark>
        <name>天神山緑地</name>
        <description><![CDATA[説明: 冬期開放: <br>冬期未開放: ◯<br>身障者対応: <br>身障者非対応: ◯<br>種別: 2.冬期未開放(身障者非対応)<br>冬期開放: <br>冬期未開放: ◯<br>身障者対応: <br>身障者非対応: ◯<br>種別: 2.冬期未開放(身障者非対応)]]></description>
        <styleUrl>#icon-1733-1A237E</styleUrl>
        <ExtendedData>
          <Data name="説明">
            <value>冬期開放: 
冬期未開放: ◯
身障者対応: 
身障者非対応: ◯
種別: 2.冬期未開放(身障者非対応)</value>
          </Data>
          <Data name="冬期開放">
            <value/>
          </Data>
          <Data name="冬期未開放">
            <value>◯</value>
          </Data>
          <Data name="身障者対応">
            <value/>
          </Data>
          <Data name="身障者非対応">
            <value>◯</value>
          </Data>
          <Data name="種別">
            <value>2.冬期未開放(身障者非対応)</value>
          </Data>
        </ExtendedData>
        <Point>
          <coordinates>
            141.365006,43.022677,0
          </coordinates>
        </Point>
      </Placemark>
      <Placemark>
        <name>天神山緑地</name>
        <description><![CDATA[説明: 冬期開放: <br>冬期未開放: ◯<br>身障者対応: <br>身障者非対応: ◯<br>種別: 2.冬期未開放(身障者非対応)<br>冬期開放: <br>冬期未開放: ◯<br>身障者対応: <br>身障者非対応: ◯<br>種別: 2.冬期未開放(身障者非対応)]]></description>
        <styleUrl>#icon-1733-1A237E</styleUrl>
        <ExtendedData>
          <Data name="説明">
            <value>冬期開放: 
冬期未開放: ◯
身障者対応: 
身障者非対応: ◯
種別: 2.冬期未開放(身障者非対応)</value>
          </Data>
          <Data name="冬期開放">
            <value/>
          </Data>
          <Data name="冬期未開放">
            <value>◯</value>
          </Data>
          <Data name="身障者対応">
            <value/>
          </Data>
          <Data name="身障者非対応">
            <value>◯</value>
          </Data>
          <Data name="種別">
            <value>2.冬期未開放(身障者非対応)</value>
          </Data>
        </ExtendedData>
        <Point>
          <coordinates>
            141.362703,43.021467,0
          </coordinates>
        </Point>
      </Placemark>
      <Placemark>
        <name>吉田川公園</name>
        <description><![CDATA[説明: 冬期開放: <br>冬期未開放: ◯<br>身障者対応: <br>身障者非対応:◯ <br>種別: 2.冬期未開放(身障者非対応)<br>冬期開放: <br>冬期未開放: ◯<br>身障者対応: <br>身障者非対応: ◯<br>種別: 2.冬期未開放(身障者非対応)]]></description>
        <styleUrl>#icon-1733-1A237E</styleUrl>
        <ExtendedData>
          <Data name="説明">
            <value>冬期開放: 
冬期未開放: ◯
身障者対応: 
身障者非対応:◯ 
種別: 2.冬期未開放(身障者非対応)</value>
          </Data>
          <Data name="冬期開放">
            <value/>
          </Data>
          <Data name="冬期未開放">
            <value>◯</value>
          </Data>
          <Data name="身障者対応">
            <value/>
          </Data>
          <Data name="身障者非対応">
            <value>◯</value>
          </Data>
          <Data name="種別">
            <value>2.冬期未開放(身障者非対応)</value>
          </Data>
        </ExtendedData>
        <Point>
          <coordinates>
            141.426346,43.017685,0
          </coordinates>
        </Point>
      </Placemark>
      <Placemark>
        <name>吉田川公園</name>
        <description><![CDATA[説明: 冬期開放: <br>冬期未開放: ◯<br>身障者対応: ◯<br>身障者非対応: <br>種別: 4.身障者対応(冬期未開放)<br>冬期開放: <br>冬期未開放: ◯<br>身障者対応: ◯<br>身障者非対応: <br>種別: 4.身障者対応(冬期未開放)]]></description>
        <styleUrl>#icon-1735-1A237E</styleUrl>
        <ExtendedData>
          <Data name="説明">
            <value>冬期開放: 
冬期未開放: ◯
身障者対応: ◯
身障者非対応: 
種別: 4.身障者対応(冬期未開放)</value>
          </Data>
          <Data name="冬期開放">
            <value/>
          </Data>
          <Data name="冬期未開放">
            <value>◯</value>
          </Data>
          <Data name="身障者対応">
            <value>◯</value>
          </Data>
          <Data name="身障者非対応">
            <value/>
          </Data>
          <Data name="種別">
            <value>4.身障者対応(冬期未開放)</value>
          </Data>
        </ExtendedData>
        <Point>
          <coordinates>
            141.426272,43.0178,0
          </coordinates>
        </Point>
      </Placemark>
      <Placemark>
        <name>月寒公園</name>
        <description><![CDATA[説明: 冬期開放: <br>冬期未開放: ◯<br>身障者対応: <br>身障者非対応: ◯<br>種別: 4.身障者対応(冬期未開放)<br>冬期開放: <br>冬期未開放: ◯<br>身障者対応: <br>身障者非対応: ◯<br>種別: 4.身障者対応(冬期未開放)]]></description>
        <styleUrl>#icon-1735-1A237E</styleUrl>
        <ExtendedData>
          <Data name="説明">
            <value>冬期開放: 
冬期未開放: ◯
身障者対応: 
身障者非対応: ◯
種別: 4.身障者対応(冬期未開放)</value>
          </Data>
          <Data name="冬期開放">
            <value/>
          </Data>
          <Data name="冬期未開放">
            <value>◯</value>
          </Data>
          <Data name="身障者対応">
            <value/>
          </Data>
          <Data name="身障者非対応">
            <value>◯</value>
          </Data>
          <Data name="種別">
            <value>4.身障者対応(冬期未開放)</value>
          </Data>
        </ExtendedData>
        <Point>
          <coordinates>
            141.3828062,43.0304751,0
          </coordinates>
        </Point>
      </Placemark>
      <Placemark>
        <name>西岡公園</name>
        <description><![CDATA[説明: 冬期開放: ◯<br>冬期未開放: <br>身障者対応: <br>身障者非対応: ◯<br>種別: 1.冬期開放(身障者非対応)<br>冬期開放: ◯<br>冬期未開放: <br>身障者対応: <br>身障者非対応: ◯<br>種別: 1.冬期開放(身障者非対応)]]></description>
        <styleUrl>#icon-1733-A52714</styleUrl>
        <ExtendedData>
          <Data name="説明">
            <value>冬期開放: ◯
冬期未開放: 
身障者対応: 
身障者非対応: ◯
種別: 1.冬期開放(身障者非対応)</value>
          </Data>
          <Data name="冬期開放">
            <value>◯</value>
          </Data>
          <Data name="冬期未開放">
            <value/>
          </Data>
          <Data name="身障者対応">
            <value/>
          </Data>
          <Data name="身障者非対応">
            <value>◯</value>
          </Data>
          <Data name="種別">
            <value>1.冬期開放(身障者非対応)</value>
          </Data>
        </ExtendedData>
        <Point>
          <coordinates>
            141.378031,42.987032,0
          </coordinates>
        </Point>
      </Placemark>
      <Placemark>
        <name>西岡ぬまた公園</name>
        <description><![CDATA[説明: 冬期開放: <br>冬期未開放: ◯<br>身障者対応: ◯<br>身障者非対応: <br>種別: 4.身障者対応(冬期未開放)<br>冬期開放: <br>冬期未開放: ◯<br>身障者対応: ◯<br>身障者非対応: <br>種別: 4.身障者対応(冬期未開放)]]></description>
        <styleUrl>#icon-1735-1A237E</styleUrl>
        <ExtendedData>
          <Data name="説明">
            <value>冬期開放: 
冬期未開放: ◯
身障者対応: ◯
身障者非対応: 
種別: 4.身障者対応(冬期未開放)</value>
          </Data>
          <Data name="冬期開放">
            <value/>
          </Data>
          <Data name="冬期未開放">
            <value>◯</value>
          </Data>
          <Data name="身障者対応">
            <value>◯</value>
          </Data>
          <Data name="身障者非対応">
            <value/>
          </Data>
          <Data name="種別">
            <value>4.身障者対応(冬期未開放)</value>
          </Data>
        </ExtendedData>
        <Point>
          <coordinates>
            141.3834585,43.0014458,0
          </coordinates>
        </Point>
      </Placemark>
      <Placemark>
        <name>豊平川緑地</name>
        <description><![CDATA[説明: 冬期開放: <br>冬期未開放: ◯<br>身障者対応: <br>身障者非対応: ◯<br>種別: 2.冬期未開放(身障者非対応)<br>冬期開放: <br>冬期未開放: ◯<br>身障者対応: <br>身障者非対応: ◯<br>種別: 2.冬期未開放(身障者非対応)]]></description>
        <styleUrl>#icon-1733-1A237E</styleUrl>
        <ExtendedData>
          <Data name="説明">
            <value>冬期開放: 
冬期未開放: ◯
身障者対応: 
身障者非対応: ◯
種別: 2.冬期未開放(身障者非対応)</value>
          </Data>
          <Data name="冬期開放">
            <value/>
          </Data>
          <Data name="冬期未開放">
            <value>◯</value>
          </Data>
          <Data name="身障者対応">
            <value/>
          </Data>
          <Data name="身障者非対応">
            <value>◯</value>
          </Data>
          <Data name="種別">
            <value>2.冬期未開放(身障者非対応)</value>
          </Data>
        </ExtendedData>
        <Point>
          <coordinates>
            141.353789,43.019165,0
          </coordinates>
        </Point>
      </Placemark>
      <Placemark>
        <name>豊平川緑地</name>
        <description><![CDATA[説明: 冬期開放: <br>冬期未開放: ◯<br>身障者対応: <br>身障者非対応: ◯<br>種別: 2.冬期未開放(身障者非対応)<br>冬期開放: <br>冬期未開放: ◯<br>身障者対応: <br>身障者非対応: ◯<br>種別: 2.冬期未開放(身障者非対応)]]></description>
        <styleUrl>#icon-1733-1A237E</styleUrl>
        <ExtendedData>
          <Data name="説明">
            <value>冬期開放: 
冬期未開放: ◯
身障者対応: 
身障者非対応: ◯
種別: 2.冬期未開放(身障者非対応)</value>
          </Data>
          <Data name="冬期開放">
            <value/>
          </Data>
          <Data name="冬期未開放">
            <value>◯</value>
          </Data>
          <Data name="身障者対応">
            <value/>
          </Data>
          <Data name="身障者非対応">
            <value>◯</value>
          </Data>
          <Data name="種別">
            <value>2.冬期未開放(身障者非対応)</value>
          </Data>
        </ExtendedData>
        <Point>
          <coordinates>
            141.355215,43.028003,0
          </coordinates>
        </Point>
      </Placemark>
      <Placemark>
        <name>豊平川緑地</name>
        <description><![CDATA[説明: 冬期開放: <br>冬期未開放: ◯<br>身障者対応: <br>身障者非対応: ◯<br>種別: 2.冬期未開放(身障者非対応)<br>冬期開放: <br>冬期未開放: ◯<br>身障者対応: <br>身障者非対応: ◯<br>種別: 2.冬期未開放(身障者非対応)]]></description>
        <styleUrl>#icon-1733-1A237E</styleUrl>
        <ExtendedData>
          <Data name="説明">
            <value>冬期開放: 
冬期未開放: ◯
身障者対応: 
身障者非対応: ◯
種別: 2.冬期未開放(身障者非対応)</value>
          </Data>
          <Data name="冬期開放">
            <value/>
          </Data>
          <Data name="冬期未開放">
            <value>◯</value>
          </Data>
          <Data name="身障者対応">
            <value/>
          </Data>
          <Data name="身障者非対応">
            <value>◯</value>
          </Data>
          <Data name="種別">
            <value>2.冬期未開放(身障者非対応)</value>
          </Data>
        </ExtendedData>
        <Point>
          <coordinates>
            141.359726,43.040773,0
          </coordinates>
        </Point>
      </Placemark>
      <Placemark>
        <name>東月寒緑地</name>
        <description><![CDATA[説明: 冬期開放: ◯<br>冬期未開放: <br>身障者対応: ◯<br>身障者非対応: <br>種別: 3.身障者対応(冬期開放)<br>冬期開放: ◯<br>冬期未開放: <br>身障者対応: ◯<br>身障者非対応: <br>種別: 3.身障者対応(冬期開放)]]></description>
        <styleUrl>#icon-1735-A52714</styleUrl>
        <ExtendedData>
          <Data name="説明">
            <value>冬期開放: ◯
冬期未開放: 
身障者対応: ◯
身障者非対応: 
種別: 3.身障者対応(冬期開放)</value>
          </Data>
          <Data name="冬期開放">
            <value>◯</value>
          </Data>
          <Data name="冬期未開放">
            <value/>
          </Data>
          <Data name="身障者対応">
            <value>◯</value>
          </Data>
          <Data name="身障者非対応">
            <value/>
          </Data>
          <Data name="種別">
            <value>3.身障者対応(冬期開放)</value>
          </Data>
        </ExtendedData>
        <Point>
          <coordinates>
            141.426029,43.024178,0
          </coordinates>
        </Point>
      </Placemark>
      <Placemark>
        <name>平園公園</name>
        <description><![CDATA[説明: 冬期開放: ◯<br>冬期未開放: <br>身障者対応: ◯<br>身障者非対応: <br>種別: 3.身障者対応(冬期開放)<br>冬期開放: ◯<br>冬期未開放: <br>身障者対応: ◯<br>身障者非対応: <br>種別: 3.身障者対応(冬期開放)]]></description>
        <styleUrl>#icon-1735-A52714</styleUrl>
        <ExtendedData>
          <Data name="説明">
            <value>冬期開放: ◯
冬期未開放: 
身障者対応: ◯
身障者非対応: 
種別: 3.身障者対応(冬期開放)</value>
          </Data>
          <Data name="冬期開放">
            <value>◯</value>
          </Data>
          <Data name="冬期未開放">
            <value/>
          </Data>
          <Data name="身障者対応">
            <value>◯</value>
          </Data>
          <Data name="身障者非対応">
            <value/>
          </Data>
          <Data name="種別">
            <value>3.身障者対応(冬期開放)</value>
          </Data>
        </ExtendedData>
        <Point>
          <coordinates>
            141.378635,43.035316,0
          </coordinates>
        </Point>
      </Placemark>
      <Placemark>
        <name>豊平公園</name>
        <description><![CDATA[説明: 冬期開放: ◯<br>冬期未開放: <br>身障者対応: ◯<br>身障者非対応: <br>種別: 3.身障者対応(冬期開放)<br>冬期開放: ◯<br>冬期未開放: <br>身障者対応: ◯<br>身障者非対応: <br>種別: 3.身障者対応(冬期開放)]]></description>
        <styleUrl>#icon-1735-A52714</styleUrl>
        <ExtendedData>
          <Data name="説明">
            <value>冬期開放: ◯
冬期未開放: 
身障者対応: ◯
身障者非対応: 
種別: 3.身障者対応(冬期開放)</value>
          </Data>
          <Data name="冬期開放">
            <value>◯</value>
          </Data>
          <Data name="冬期未開放">
            <value/>
          </Data>
          <Data name="身障者対応">
            <value>◯</value>
          </Data>
          <Data name="身障者非対応">
            <value/>
          </Data>
          <Data name="種別">
            <value>3.身障者対応(冬期開放)</value>
          </Data>
        </ExtendedData>
        <Point>
          <coordinates>
            141.377938,43.042911,0
          </coordinates>
        </Point>
      </Placemark>
      <Placemark>
        <name>精進河畔公園</name>
        <description><![CDATA[説明: 冬期開放: ◯<br>冬期未開放: <br>身障者対応: ◯<br>身障者非対応: <br>種別: 3.身障者対応(冬期開放)<br>冬期開放: ◯<br>冬期未開放: <br>身障者対応: ◯<br>身障者非対応: <br>種別: 3.身障者対応(冬期開放)]]></description>
        <styleUrl>#icon-1735-A52714</styleUrl>
        <ExtendedData>
          <Data name="説明">
            <value>冬期開放: ◯
冬期未開放: 
身障者対応: ◯
身障者非対応: 
種別: 3.身障者対応(冬期開放)</value>
          </Data>
          <Data name="冬期開放">
            <value>◯</value>
          </Data>
          <Data name="冬期未開放">
            <value/>
          </Data>
          <Data name="身障者対応">
            <value>◯</value>
          </Data>
          <Data name="身障者非対応">
            <value/>
          </Data>
          <Data name="種別">
            <value>3.身障者対応(冬期開放)</value>
          </Data>
        </ExtendedData>
        <Point>
          <coordinates>
            141.360011,43.023832,0
          </coordinates>
        </Point>
      </Placemark>
      <Placemark>
        <name>精進河畔公園</name>
        <description><![CDATA[説明: 冬期開放: <br>冬期未開放: ◯<br>身障者対応: <br>身障者非対応:◯ <br>種別:2.冬期未開放(身障者非対応)<br>冬期開放: <br>冬期未開放: ◯<br>身障者対応: <br>身障者非対応: ◯<br>種別: 2.冬期未開放(身障者非対応)]]></description>
        <styleUrl>#icon-1733-1A237E</styleUrl>
        <ExtendedData>
          <Data name="説明">
            <value>冬期開放: 
冬期未開放: ◯
身障者対応: 
身障者非対応:◯ 
種別:2.冬期未開放(身障者非対応)</value>
          </Data>
          <Data name="冬期開放">
            <value/>
          </Data>
          <Data name="冬期未開放">
            <value>◯</value>
          </Data>
          <Data name="身障者対応">
            <value/>
          </Data>
          <Data name="身障者非対応">
            <value>◯</value>
          </Data>
          <Data name="種別">
            <value>2.冬期未開放(身障者非対応)</value>
          </Data>
        </ExtendedData>
        <Point>
          <coordinates>
            141.358969,43.021105,0
          </coordinates>
        </Point>
      </Placemark>
      <Placemark>
        <name>月寒公園</name>
        <description><![CDATA[説明: 冬期開放: <br>冬期未開放: ◯<br>身障者対応: ◯<br>身障者非対応: <br>種別: 4.身障者対応(冬期未開放)<br>冬期開放: <br>冬期未開放: ◯<br>身障者対応: ◯<br>身障者非対応: <br>種別: 4.身障者対応(冬期未開放)]]></description>
        <styleUrl>#icon-1735-1A237E</styleUrl>
        <ExtendedData>
          <Data name="説明">
            <value>冬期開放: 
冬期未開放: ◯
身障者対応: ◯
身障者非対応: 
種別: 4.身障者対応(冬期未開放)</value>
          </Data>
          <Data name="冬期開放">
            <value/>
          </Data>
          <Data name="冬期未開放">
            <value>◯</value>
          </Data>
          <Data name="身障者対応">
            <value>◯</value>
          </Data>
          <Data name="身障者非対応">
            <value/>
          </Data>
          <Data name="種別">
            <value>4.身障者対応(冬期未開放)</value>
          </Data>
        </ExtendedData>
        <Point>
          <coordinates>
            141.3855154,43.0334844,0
          </coordinates>
        </Point>
      </Placemark>
      <Placemark>
        <name>山麓公園</name>
        <description><![CDATA[説明: 冬期開放: <br>冬期未開放: ◯<br>身障者対応: ◯<br>身障者非対応: <br>種別: 4.身障者対応(冬期未開放)<br>冬期開放: <br>冬期未開放: ◯<br>身障者対応: ◯<br>身障者非対応: <br>種別: 4.身障者対応(冬期未開放)]]></description>
        <styleUrl>#icon-1735-1A237E</styleUrl>
        <ExtendedData>
          <Data name="説明">
            <value>冬期開放: 
冬期未開放: ◯
身障者対応: ◯
身障者非対応: 
種別: 4.身障者対応(冬期未開放)</value>
          </Data>
          <Data name="冬期開放">
            <value/>
          </Data>
          <Data name="冬期未開放">
            <value>◯</value>
          </Data>
          <Data name="身障者対応">
            <value>◯</value>
          </Data>
          <Data name="身障者非対応">
            <value/>
          </Data>
          <Data name="種別">
            <value>4.身障者対応(冬期未開放)</value>
          </Data>
        </ExtendedData>
        <Point>
          <coordinates>
            141.323379,43.048577,0
          </coordinates>
        </Point>
      </Placemark>
      <Placemark>
        <name>宮の森グリーン公園</name>
        <description><![CDATA[説明: 冬期開放: <br>冬期未開放: ◯<br>身障者対応: ◯<br>身障者非対応: <br>種別: 4.身障者対応(冬期未開放)<br>冬期開放: <br>冬期未開放: ◯<br>身障者対応: ◯<br>身障者非対応: <br>種別: 4.身障者対応(冬期未開放)]]></description>
        <styleUrl>#icon-1735-1A237E</styleUrl>
        <ExtendedData>
          <Data name="説明">
            <value>冬期開放: 
冬期未開放: ◯
身障者対応: ◯
身障者非対応: 
種別: 4.身障者対応(冬期未開放)</value>
          </Data>
          <Data name="冬期開放">
            <value/>
          </Data>
          <Data name="冬期未開放">
            <value>◯</value>
          </Data>
          <Data name="身障者対応">
            <value>◯</value>
          </Data>
          <Data name="身障者非対応">
            <value/>
          </Data>
          <Data name="種別">
            <value>4.身障者対応(冬期未開放)</value>
          </Data>
        </ExtendedData>
        <Point>
          <coordinates>
            141.309094,43.064281,0
          </coordinates>
        </Point>
      </Placemark>
      <Placemark>
        <name>旭ヶ丘公園</name>
        <description><![CDATA[説明: 冬期開放: <br>冬期未開放: ◯<br>身障者対応: ◯<br>身障者非対応: <br>種別: 4.身障者対応(冬期未開放)<br>冬期開放: <br>冬期未開放: ◯<br>身障者対応: ◯<br>身障者非対応: <br>種別: 4.身障者対応(冬期未開放)]]></description>
        <styleUrl>#icon-1735-1A237E</styleUrl>
        <ExtendedData>
          <Data name="説明">
            <value>冬期開放: 
冬期未開放: ◯
身障者対応: ◯
身障者非対応: 
種別: 4.身障者対応(冬期未開放)</value>
          </Data>
          <Data name="冬期開放">
            <value/>
          </Data>
          <Data name="冬期未開放">
            <value>◯</value>
          </Data>
          <Data name="身障者対応">
            <value>◯</value>
          </Data>
          <Data name="身障者非対応">
            <value/>
          </Data>
          <Data name="種別">
            <value>4.身障者対応(冬期未開放)</value>
          </Data>
        </ExtendedData>
        <Point>
          <coordinates>
            141.319665,43.040651,0
          </coordinates>
        </Point>
      </Placemark>
      <Placemark>
        <name>伏見公園</name>
        <description><![CDATA[説明: 冬期開放: <br>冬期未開放: ◯<br>身障者対応: <br>身障者非対応: ◯<br>種別: 2.冬期未開放(身障者非対応)<br>冬期開放: <br>冬期未開放: ◯<br>身障者対応: <br>身障者非対応: ◯<br>種別: 2.冬期未開放(身障者非対応)]]></description>
        <styleUrl>#icon-1733-1A237E</styleUrl>
        <ExtendedData>
          <Data name="説明">
            <value>冬期開放: 
冬期未開放: ◯
身障者対応: 
身障者非対応: ◯
種別: 2.冬期未開放(身障者非対応)</value>
          </Data>
          <Data name="冬期開放">
            <value/>
          </Data>
          <Data name="冬期未開放">
            <value>◯</value>
          </Data>
          <Data name="身障者対応">
            <value/>
          </Data>
          <Data name="身障者非対応">
            <value>◯</value>
          </Data>
          <Data name="種別">
            <value>2.冬期未開放(身障者非対応)</value>
          </Data>
        </ExtendedData>
        <Point>
          <coordinates>
            141.323865,43.03996,0
          </coordinates>
        </Point>
      </Placemark>
      <Placemark>
        <name>宮の森ジャンボ公園</name>
        <description><![CDATA[説明: 冬期開放: <br>冬期未開放: ◯<br>身障者対応: ◯<br>身障者非対応: <br>種別: 4.身障者対応(冬期未開放)<br>冬期開放: <br>冬期未開放: ◯<br>身障者対応: ◯<br>身障者非対応: <br>種別: 4.身障者対応(冬期未開放)]]></description>
        <styleUrl>#icon-1735-1A237E</styleUrl>
        <ExtendedData>
          <Data name="説明">
            <value>冬期開放: 
冬期未開放: ◯
身障者対応: ◯
身障者非対応: 
種別: 4.身障者対応(冬期未開放)</value>
          </Data>
          <Data name="冬期開放">
            <value/>
          </Data>
          <Data name="冬期未開放">
            <value>◯</value>
          </Data>
          <Data name="身障者対応">
            <value>◯</value>
          </Data>
          <Data name="身障者非対応">
            <value/>
          </Data>
          <Data name="種別">
            <value>4.身障者対応(冬期未開放)</value>
          </Data>
        </ExtendedData>
        <Point>
          <coordinates>
            141.308217,43.061746,0
          </coordinates>
        </Point>
      </Placemark>
      <Placemark>
        <name>南11条おおたに公園</name>
        <description><![CDATA[説明: 冬期開放: ◯<br>冬期未開放: <br>身障者対応: <br>身障者非対応: ◯<br>種別: 1.冬期開放(身障者非対応)<br>冬期開放: ◯<br>冬期未開放: <br>身障者対応: <br>身障者非対応: ◯<br>種別: 1.冬期開放(身障者非対応)]]></description>
        <styleUrl>#icon-1733-A52714</styleUrl>
        <ExtendedData>
          <Data name="説明">
            <value>冬期開放: ◯
冬期未開放: 
身障者対応: 
身障者非対応: ◯
種別: 1.冬期開放(身障者非対応)</value>
          </Data>
          <Data name="冬期開放">
            <value>◯</value>
          </Data>
          <Data name="冬期未開放">
            <value/>
          </Data>
          <Data name="身障者対応">
            <value/>
          </Data>
          <Data name="身障者非対応">
            <value>◯</value>
          </Data>
          <Data name="種別">
            <value>1.冬期開放(身障者非対応)</value>
          </Data>
        </ExtendedData>
        <Point>
          <coordinates>
            141.334125,43.044382,0
          </coordinates>
        </Point>
      </Placemark>
      <Placemark>
        <name>どんぐり公園</name>
        <description><![CDATA[説明: 冬期開放: ◯<br>冬期未開放: <br>身障者対応: ◯<br>身障者非対応: <br>種別: 3.身障者対応(冬期開放)<br>冬期開放: ◯<br>冬期未開放: <br>身障者対応: ◯<br>身障者非対応: <br>種別: 3.身障者対応(冬期開放)]]></description>
        <styleUrl>#icon-1735-A52714</styleUrl>
        <ExtendedData>
          <Data name="説明">
            <value>冬期開放: ◯
冬期未開放: 
身障者対応: ◯
身障者非対応: 
種別: 3.身障者対応(冬期開放)</value>
          </Data>
          <Data name="冬期開放">
            <value>◯</value>
          </Data>
          <Data name="冬期未開放">
            <value/>
          </Data>
          <Data name="身障者対応">
            <value>◯</value>
          </Data>
          <Data name="身障者非対応">
            <value/>
          </Data>
          <Data name="種別">
            <value>3.身障者対応(冬期開放)</value>
          </Data>
        </ExtendedData>
        <Point>
          <coordinates>
            141.320555,43.068673,0
          </coordinates>
        </Point>
      </Placemark>
      <Placemark>
        <name>宮の森こだま公園</name>
        <description><![CDATA[説明: 冬期開放: <br>冬期未開放: ◯<br>身障者対応: ◯<br>身障者非対応: <br>種別: 4.身障者対応(冬期未開放)<br>冬期開放: <br>冬期未開放: ◯<br>身障者対応: ◯<br>身障者非対応: <br>種別: 4.身障者対応(冬期未開放)]]></description>
        <styleUrl>#icon-1735-1A237E</styleUrl>
        <ExtendedData>
          <Data name="説明">
            <value>冬期開放: 
冬期未開放: ◯
身障者対応: ◯
身障者非対応: 
種別: 4.身障者対応(冬期未開放)</value>
          </Data>
          <Data name="冬期開放">
            <value/>
          </Data>
          <Data name="冬期未開放">
            <value>◯</value>
          </Data>
          <Data name="身障者対応">
            <value>◯</value>
          </Data>
          <Data name="身障者非対応">
            <value/>
          </Data>
          <Data name="種別">
            <value>4.身障者対応(冬期未開放)</value>
          </Data>
        </ExtendedData>
        <Point>
          <coordinates>
            141.299414,43.06017,0
          </coordinates>
        </Point>
      </Placemark>
      <Placemark>
        <name>桑の実公園</name>
        <description><![CDATA[説明: 冬期開放: ◯<br>冬期未開放: <br>身障者対応: ◯<br>身障者非対応: <br>種別: 3.身障者対応(冬期開放)<br>冬期開放: ◯<br>冬期未開放: <br>身障者対応: ◯<br>身障者非対応: <br>種別: 3.身障者対応(冬期開放)]]></description>
        <styleUrl>#icon-1735-A52714</styleUrl>
        <ExtendedData>
          <Data name="説明">
            <value>冬期開放: ◯
冬期未開放: 
身障者対応: ◯
身障者非対応: 
種別: 3.身障者対応(冬期開放)</value>
          </Data>
          <Data name="冬期開放">
            <value>◯</value>
          </Data>
          <Data name="冬期未開放">
            <value/>
          </Data>
          <Data name="身障者対応">
            <value>◯</value>
          </Data>
          <Data name="身障者非対応">
            <value/>
          </Data>
          <Data name="種別">
            <value>3.身障者対応(冬期開放)</value>
          </Data>
        </ExtendedData>
        <Point>
          <coordinates>
            141.326308,43.070398,0
          </coordinates>
        </Point>
      </Placemark>
      <Placemark>
        <name>桑園ふれあい公園</name>
        <description><![CDATA[説明: 冬期開放: <br>冬期未開放: ◯<br>身障者対応: ◯<br>身障者非対応: <br>種別: 4.身障者対応(冬期未開放)<br>冬期開放: <br>冬期未開放: ◯<br>身障者対応: ◯<br>身障者非対応: <br>種別: 4.身障者対応(冬期未開放)]]></description>
        <styleUrl>#icon-1735-1A237E</styleUrl>
        <ExtendedData>
          <Data name="説明">
            <value>冬期開放: 
冬期未開放: ◯
身障者対応: ◯
身障者非対応: 
種別: 4.身障者対応(冬期未開放)</value>
          </Data>
          <Data name="冬期開放">
            <value/>
          </Data>
          <Data name="冬期未開放">
            <value>◯</value>
          </Data>
          <Data name="身障者対応">
            <value>◯</value>
          </Data>
          <Data name="身障者非対応">
            <value/>
          </Data>
          <Data name="種別">
            <value>4.身障者対応(冬期未開放)</value>
          </Data>
        </ExtendedData>
        <Point>
          <coordinates>
            141.333873,43.072367,0
          </coordinates>
        </Point>
      </Placemark>
      <Placemark>
        <name>七条公園</name>
        <description><![CDATA[説明: 冬期開放: <br>冬期未開放: ◯<br>身障者対応: ◯<br>身障者非対応: <br>種別: 4.身障者対応(冬期未開放)<br>冬期開放: <br>冬期未開放: ◯<br>身障者対応: ◯<br>身障者非対応: <br>種別: 4.身障者対応(冬期未開放)]]></description>
        <styleUrl>#icon-1735-1A237E</styleUrl>
        <ExtendedData>
          <Data name="説明">
            <value>冬期開放: 
冬期未開放: ◯
身障者対応: ◯
身障者非対応: 
種別: 4.身障者対応(冬期未開放)</value>
          </Data>
          <Data name="冬期開放">
            <value/>
          </Data>
          <Data name="冬期未開放">
            <value>◯</value>
          </Data>
          <Data name="身障者対応">
            <value>◯</value>
          </Data>
          <Data name="身障者非対応">
            <value/>
          </Data>
          <Data name="種別">
            <value>4.身障者対応(冬期未開放)</value>
          </Data>
        </ExtendedData>
        <Point>
          <coordinates>
            141.341013,43.05054,0
          </coordinates>
        </Point>
      </Placemark>
      <Placemark>
        <name>あかしや公園</name>
        <description><![CDATA[説明: 冬期開放: <br>冬期未開放: ◯<br>身障者対応: <br>身障者非対応: ◯<br>種別: 2.冬期未開放(身障者非対応)<br>冬期開放: <br>冬期未開放: ◯<br>身障者対応: <br>身障者非対応: ◯<br>種別: 2.冬期未開放(身障者非対応)]]></description>
        <styleUrl>#icon-1733-1A237E</styleUrl>
        <ExtendedData>
          <Data name="説明">
            <value>冬期開放: 
冬期未開放: ◯
身障者対応: 
身障者非対応: ◯
種別: 2.冬期未開放(身障者非対応)</value>
          </Data>
          <Data name="冬期開放">
            <value/>
          </Data>
          <Data name="冬期未開放">
            <value>◯</value>
          </Data>
          <Data name="身障者対応">
            <value/>
          </Data>
          <Data name="身障者非対応">
            <value>◯</value>
          </Data>
          <Data name="種別">
            <value>2.冬期未開放(身障者非対応)</value>
          </Data>
        </ExtendedData>
        <Point>
          <coordinates>
            141.327166,43.042427,0
          </coordinates>
        </Point>
      </Placemark>
      <Placemark>
        <name>南円山さくら公園</name>
        <description><![CDATA[説明: 冬期開放: <br>冬期未開放: ◯<br>身障者対応: <br>身障者非対応: ◯<br>種別: 2.冬期未開放(身障者非対応)<br>冬期開放: <br>冬期未開放: ◯<br>身障者対応: <br>身障者非対応: ◯<br>種別: 2.冬期未開放(身障者非対応)]]></description>
        <styleUrl>#icon-1733-1A237E</styleUrl>
        <ExtendedData>
          <Data name="説明">
            <value>冬期開放: 
冬期未開放: ◯
身障者対応: 
身障者非対応: ◯
種別: 2.冬期未開放(身障者非対応)</value>
          </Data>
          <Data name="冬期開放">
            <value/>
          </Data>
          <Data name="冬期未開放">
            <value>◯</value>
          </Data>
          <Data name="身障者対応">
            <value/>
          </Data>
          <Data name="身障者非対応">
            <value>◯</value>
          </Data>
          <Data name="種別">
            <value>2.冬期未開放(身障者非対応)</value>
          </Data>
        </ExtendedData>
        <Point>
          <coordinates>
            141.318817,43.050879,0
          </coordinates>
        </Point>
      </Placemark>
      <Placemark>
        <name>南25条すみれ公園</name>
        <description><![CDATA[説明: 冬期開放: <br>冬期未開放: ◯<br>身障者対応: <br>身障者非対応: ◯<br>種別: 2.冬期未開放(身障者非対応)<br>冬期開放: <br>冬期未開放: ◯<br>身障者対応: <br>身障者非対応: ◯<br>種別: 2.冬期未開放(身障者非対応)]]></description>
        <styleUrl>#icon-1733-1A237E</styleUrl>
        <ExtendedData>
          <Data name="説明">
            <value>冬期開放: 
冬期未開放: ◯
身障者対応: 
身障者非対応: ◯
種別: 2.冬期未開放(身障者非対応)</value>
          </Data>
          <Data name="冬期開放">
            <value/>
          </Data>
          <Data name="冬期未開放">
            <value>◯</value>
          </Data>
          <Data name="身障者対応">
            <value/>
          </Data>
          <Data name="身障者非対応">
            <value>◯</value>
          </Data>
          <Data name="種別">
            <value>2.冬期未開放(身障者非対応)</value>
          </Data>
        </ExtendedData>
        <Point>
          <coordinates>
            141.35036,43.027012,0
          </coordinates>
        </Point>
      </Placemark>
      <Placemark>
        <name>東橋公園</name>
        <description><![CDATA[説明: 冬期開放: <br>冬期未開放: ◯<br>身障者対応: <br>身障者非対応: ◯<br>種別: 2.冬期未開放(身障者非対応)<br>冬期開放: <br>冬期未開放: ◯<br>身障者対応: <br>身障者非対応: ◯<br>種別: 2.冬期未開放(身障者非対応)]]></description>
        <styleUrl>#icon-1733-1A237E</styleUrl>
        <ExtendedData>
          <Data name="説明">
            <value>冬期開放: 
冬期未開放: ◯
身障者対応: 
身障者非対応: ◯
種別: 2.冬期未開放(身障者非対応)</value>
          </Data>
          <Data name="冬期開放">
            <value/>
          </Data>
          <Data name="冬期未開放">
            <value>◯</value>
          </Data>
          <Data name="身障者対応">
            <value/>
          </Data>
          <Data name="身障者非対応">
            <value>◯</value>
          </Data>
          <Data name="種別">
            <value>2.冬期未開放(身障者非対応)</value>
          </Data>
        </ExtendedData>
        <Point>
          <coordinates>
            141.37788,43.065417,0
          </coordinates>
        </Point>
      </Placemark>
      <Placemark>
        <name>山元公園</name>
        <description><![CDATA[説明: 冬期開放: <br>冬期未開放: ◯<br>身障者対応: <br>身障者非対応: ◯<br>種別: 2.冬期未開放(身障者非対応)<br>冬期開放: <br>冬期未開放: ◯<br>身障者対応: <br>身障者非対応: ◯<br>種別: 2.冬期未開放(身障者非対応)]]></description>
        <styleUrl>#icon-1733-1A237E</styleUrl>
        <ExtendedData>
          <Data name="説明">
            <value>冬期開放: 
冬期未開放: ◯
身障者対応: 
身障者非対応: ◯
種別: 2.冬期未開放(身障者非対応)</value>
          </Data>
          <Data name="冬期開放">
            <value/>
          </Data>
          <Data name="冬期未開放">
            <value>◯</value>
          </Data>
          <Data name="身障者対応">
            <value/>
          </Data>
          <Data name="身障者非対応">
            <value>◯</value>
          </Data>
          <Data name="種別">
            <value>2.冬期未開放(身障者非対応)</value>
          </Data>
        </ExtendedData>
        <Point>
          <coordinates>
            141.33391,43.032635,0
          </coordinates>
        </Point>
      </Placemark>
      <Placemark>
        <name>宮の森公園</name>
        <description><![CDATA[説明: 冬期開放: <br>冬期未開放: ◯<br>身障者対応: <br>身障者非対応: ◯<br>種別: 2.冬期未開放(身障者非対応)<br>冬期開放: <br>冬期未開放: ◯<br>身障者対応: <br>身障者非対応: ◯<br>種別: 2.冬期未開放(身障者非対応)]]></description>
        <styleUrl>#icon-1733-1A237E</styleUrl>
        <ExtendedData>
          <Data name="説明">
            <value>冬期開放: 
冬期未開放: ◯
身障者対応: 
身障者非対応: ◯
種別: 2.冬期未開放(身障者非対応)</value>
          </Data>
          <Data name="冬期開放">
            <value/>
          </Data>
          <Data name="冬期未開放">
            <value>◯</value>
          </Data>
          <Data name="身障者対応">
            <value/>
          </Data>
          <Data name="身障者非対応">
            <value>◯</value>
          </Data>
          <Data name="種別">
            <value>2.冬期未開放(身障者非対応)</value>
          </Data>
        </ExtendedData>
        <Point>
          <coordinates>
            141.30588,43.06415,0
          </coordinates>
        </Point>
      </Placemark>
      <Placemark>
        <name>桑園公園</name>
        <description><![CDATA[説明: 冬期開放: <br>冬期未開放: ◯<br>身障者対応: ◯<br>身障者非対応: <br>種別: 4.身障者対応(冬期未開放)<br>冬期開放: <br>冬期未開放: ◯<br>身障者対応: ◯<br>身障者非対応: <br>種別: 4.身障者対応(冬期未開放)]]></description>
        <styleUrl>#icon-1735-1A237E</styleUrl>
        <ExtendedData>
          <Data name="説明">
            <value>冬期開放: 
冬期未開放: ◯
身障者対応: ◯
身障者非対応: 
種別: 4.身障者対応(冬期未開放)</value>
          </Data>
          <Data name="冬期開放">
            <value/>
          </Data>
          <Data name="冬期未開放">
            <value>◯</value>
          </Data>
          <Data name="身障者対応">
            <value>◯</value>
          </Data>
          <Data name="身障者非対応">
            <value/>
          </Data>
          <Data name="種別">
            <value>4.身障者対応(冬期未開放)</value>
          </Data>
        </ExtendedData>
        <Point>
          <coordinates>
            141.326934,43.066957,0
          </coordinates>
        </Point>
      </Placemark>
      <Placemark>
        <name>麻生南公園</name>
        <description><![CDATA[説明: 冬期開放: ◯<br>冬期未開放: <br>身障者対応: ◯<br>身障者非対応: <br>種別: 3.身障者対応(冬期開放)<br>冬期開放: ◯<br>冬期未開放: <br>身障者対応: ◯<br>身障者非対応: <br>種別: 3.身障者対応(冬期開放)]]></description>
        <styleUrl>#icon-1735-A52714</styleUrl>
        <ExtendedData>
          <Data name="説明">
            <value>冬期開放: ◯
冬期未開放: 
身障者対応: ◯
身障者非対応: 
種別: 3.身障者対応(冬期開放)</value>
          </Data>
          <Data name="冬期開放">
            <value>◯</value>
          </Data>
          <Data name="冬期未開放">
            <value/>
          </Data>
          <Data name="身障者対応">
            <value>◯</value>
          </Data>
          <Data name="身障者非対応">
            <value/>
          </Data>
          <Data name="種別">
            <value>3.身障者対応(冬期開放)</value>
          </Data>
        </ExtendedData>
        <Point>
          <coordinates>
            141.342017,43.108394,0
          </coordinates>
        </Point>
      </Placemark>
      <Placemark>
        <name>屯田中央公園</name>
        <description><![CDATA[説明: 冬期開放: <br>冬期未開放: ◯<br>身障者対応: ◯<br>身障者非対応: <br>種別: 4.身障者対応(冬期未開放)<br>冬期開放: <br>冬期未開放: ◯<br>身障者対応: ◯<br>身障者非対応: <br>種別: 4.身障者対応(冬期未開放)]]></description>
        <styleUrl>#icon-1735-1A237E</styleUrl>
        <ExtendedData>
          <Data name="説明">
            <value>冬期開放: 
冬期未開放: ◯
身障者対応: ◯
身障者非対応: 
種別: 4.身障者対応(冬期未開放)</value>
          </Data>
          <Data name="冬期開放">
            <value/>
          </Data>
          <Data name="冬期未開放">
            <value>◯</value>
          </Data>
          <Data name="身障者対応">
            <value>◯</value>
          </Data>
          <Data name="身障者非対応">
            <value/>
          </Data>
          <Data name="種別">
            <value>4.身障者対応(冬期未開放)</value>
          </Data>
        </ExtendedData>
        <Point>
          <coordinates>
            141.337406,43.126649,0
          </coordinates>
        </Point>
      </Placemark>
      <Placemark>
        <name>新琴似新星公園</name>
        <description><![CDATA[説明: 冬期開放: <br>冬期未開放: ◯<br>身障者対応: <br>身障者非対応: ◯<br>種別: 2.冬期未開放(身障者非対応)<br>冬期開放: <br>冬期未開放: ◯<br>身障者対応: <br>身障者非対応: ◯<br>種別: 2.冬期未開放(身障者非対応)]]></description>
        <styleUrl>#icon-1733-1A237E</styleUrl>
        <ExtendedData>
          <Data name="説明">
            <value>冬期開放: 
冬期未開放: ◯
身障者対応: 
身障者非対応: ◯
種別: 2.冬期未開放(身障者非対応)</value>
          </Data>
          <Data name="冬期開放">
            <value/>
          </Data>
          <Data name="冬期未開放">
            <value>◯</value>
          </Data>
          <Data name="身障者対応">
            <value/>
          </Data>
          <Data name="身障者非対応">
            <value>◯</value>
          </Data>
          <Data name="種別">
            <value>2.冬期未開放(身障者非対応)</value>
          </Data>
        </ExtendedData>
        <Point>
          <coordinates>
            141.322958,43.107852,0
          </coordinates>
        </Point>
      </Placemark>
      <Placemark>
        <name>新川北風公園</name>
        <description><![CDATA[説明: 冬期開放: <br>冬期未開放: ◯<br>身障者対応: ◯<br>身障者非対応: <br>種別: 4.身障者対応(冬期未開放)<br>冬期開放: <br>冬期未開放: ◯<br>身障者対応: ◯<br>身障者非対応: <br>種別: 4.身障者対応(冬期未開放)]]></description>
        <styleUrl>#icon-1735-1A237E</styleUrl>
        <ExtendedData>
          <Data name="説明">
            <value>冬期開放: 
冬期未開放: ◯
身障者対応: ◯
身障者非対応: 
種別: 4.身障者対応(冬期未開放)</value>
          </Data>
          <Data name="冬期開放">
            <value/>
          </Data>
          <Data name="冬期未開放">
            <value>◯</value>
          </Data>
          <Data name="身障者対応">
            <value>◯</value>
          </Data>
          <Data name="身障者非対応">
            <value/>
          </Data>
          <Data name="種別">
            <value>4.身障者対応(冬期未開放)</value>
          </Data>
        </ExtendedData>
        <Point>
          <coordinates>
            141.303522,43.109106,0
          </coordinates>
        </Point>
      </Placemark>
      <Placemark>
        <name>屯田わんぱく公園</name>
        <description><![CDATA[説明: 冬期開放: <br>冬期未開放: ◯<br>身障者対応: <br>身障者非対応: ◯<br>種別: 2.冬期未開放(身障者非対応)<br>冬期開放: <br>冬期未開放: ◯<br>身障者対応: <br>身障者非対応: ◯<br>種別: 2.冬期未開放(身障者非対応)]]></description>
        <styleUrl>#icon-1733-1A237E</styleUrl>
        <ExtendedData>
          <Data name="説明">
            <value>冬期開放: 
冬期未開放: ◯
身障者対応: 
身障者非対応: ◯
種別: 2.冬期未開放(身障者非対応)</value>
          </Data>
          <Data name="冬期開放">
            <value/>
          </Data>
          <Data name="冬期未開放">
            <value>◯</value>
          </Data>
          <Data name="身障者対応">
            <value/>
          </Data>
          <Data name="身障者非対応">
            <value>◯</value>
          </Data>
          <Data name="種別">
            <value>2.冬期未開放(身障者非対応)</value>
          </Data>
        </ExtendedData>
        <Point>
          <coordinates>
            141.319342,43.134142,0
          </coordinates>
        </Point>
      </Placemark>
      <Placemark>
        <name>新琴似ひばり公園</name>
        <description><![CDATA[説明: 冬期開放: <br>冬期未開放: ◯<br>身障者対応: <br>身障者非対応: ◯<br>種別: 2.冬期未開放(身障者非対応)<br>冬期開放: <br>冬期未開放: ◯<br>身障者対応: <br>身障者非対応: ◯<br>種別: 2.冬期未開放(身障者非対応)]]></description>
        <styleUrl>#icon-1733-1A237E</styleUrl>
        <ExtendedData>
          <Data name="説明">
            <value>冬期開放: 
冬期未開放: ◯
身障者対応: 
身障者非対応: ◯
種別: 2.冬期未開放(身障者非対応)</value>
          </Data>
          <Data name="冬期開放">
            <value/>
          </Data>
          <Data name="冬期未開放">
            <value>◯</value>
          </Data>
          <Data name="身障者対応">
            <value/>
          </Data>
          <Data name="身障者非対応">
            <value>◯</value>
          </Data>
          <Data name="種別">
            <value>2.冬期未開放(身障者非対応)</value>
          </Data>
        </ExtendedData>
        <Point>
          <coordinates>
            141.328005,43.116757,0
          </coordinates>
        </Point>
      </Placemark>
      <Placemark>
        <name>新琴似風の子公園</name>
        <description><![CDATA[説明: 冬期開放: <br>冬期未開放: ◯<br>身障者対応: <br>身障者非対応: ◯<br>種別: 2.冬期未開放(身障者非対応)<br>冬期開放: <br>冬期未開放: ◯<br>身障者対応: <br>身障者非対応: ◯<br>種別: 2.冬期未開放(身障者非対応)]]></description>
        <styleUrl>#icon-1733-1A237E</styleUrl>
        <ExtendedData>
          <Data name="説明">
            <value>冬期開放: 
冬期未開放: ◯
身障者対応: 
身障者非対応: ◯
種別: 2.冬期未開放(身障者非対応)</value>
          </Data>
          <Data name="冬期開放">
            <value/>
          </Data>
          <Data name="冬期未開放">
            <value>◯</value>
          </Data>
          <Data name="身障者対応">
            <value/>
          </Data>
          <Data name="身障者非対応">
            <value>◯</value>
          </Data>
          <Data name="種別">
            <value>2.冬期未開放(身障者非対応)</value>
          </Data>
        </ExtendedData>
        <Point>
          <coordinates>
            141.304602,43.112608,0
          </coordinates>
        </Point>
      </Placemark>
      <Placemark>
        <name>篠路駅前南公園</name>
        <description><![CDATA[説明: 冬期開放: <br>冬期未開放: ◯<br>身障者対応: ◯<br>身障者非対応: <br>種別: 4.身障者対応(冬期未開放)<br>冬期開放: <br>冬期未開放: ◯<br>身障者対応: ◯<br>身障者非対応: <br>種別: 4.身障者対応(冬期未開放)]]></description>
        <styleUrl>#icon-1735-1A237E</styleUrl>
        <ExtendedData>
          <Data name="説明">
            <value>冬期開放: 
冬期未開放: ◯
身障者対応: ◯
身障者非対応: 
種別: 4.身障者対応(冬期未開放)</value>
          </Data>
          <Data name="冬期開放">
            <value/>
          </Data>
          <Data name="冬期未開放">
            <value>◯</value>
          </Data>
          <Data name="身障者対応">
            <value>◯</value>
          </Data>
          <Data name="身障者非対応">
            <value/>
          </Data>
          <Data name="種別">
            <value>4.身障者対応(冬期未開放)</value>
          </Data>
        </ExtendedData>
        <Point>
          <coordinates>
            141.364262,43.146338,0
          </coordinates>
        </Point>
      </Placemark>
      <Placemark>
        <name>太平あおぞら公園</name>
        <description><![CDATA[説明: 冬期開放: <br>冬期未開放: ◯<br>身障者対応: ◯<br>身障者非対応: <br>種別: 4.身障者対応(冬期未開放)<br>冬期開放: <br>冬期未開放: ◯<br>身障者対応: ◯<br>身障者非対応: <br>種別: 4.身障者対応(冬期未開放)]]></description>
        <styleUrl>#icon-1735-1A237E</styleUrl>
        <ExtendedData>
          <Data name="説明">
            <value>冬期開放: 
冬期未開放: ◯
身障者対応: ◯
身障者非対応: 
種別: 4.身障者対応(冬期未開放)</value>
          </Data>
          <Data name="冬期開放">
            <value/>
          </Data>
          <Data name="冬期未開放">
            <value>◯</value>
          </Data>
          <Data name="身障者対応">
            <value>◯</value>
          </Data>
          <Data name="身障者非対応">
            <value/>
          </Data>
          <Data name="種別">
            <value>4.身障者対応(冬期未開放)</value>
          </Data>
        </ExtendedData>
        <Point>
          <coordinates>
            141.359826,43.135179,0
          </coordinates>
        </Point>
      </Placemark>
      <Placemark>
        <name>篠路あさひ公園</name>
        <description><![CDATA[説明: 冬期開放: <br>冬期未開放: ◯<br>身障者対応: ◯<br>身障者非対応: <br>種別: 4.身障者対応(冬期未開放)<br>冬期開放: <br>冬期未開放: ◯<br>身障者対応: ◯<br>身障者非対応: <br>種別: 4.身障者対応(冬期未開放)]]></description>
        <styleUrl>#icon-1735-1A237E</styleUrl>
        <ExtendedData>
          <Data name="説明">
            <value>冬期開放: 
冬期未開放: ◯
身障者対応: ◯
身障者非対応: 
種別: 4.身障者対応(冬期未開放)</value>
          </Data>
          <Data name="冬期開放">
            <value/>
          </Data>
          <Data name="冬期未開放">
            <value>◯</value>
          </Data>
          <Data name="身障者対応">
            <value>◯</value>
          </Data>
          <Data name="身障者非対応">
            <value/>
          </Data>
          <Data name="種別">
            <value>4.身障者対応(冬期未開放)</value>
          </Data>
        </ExtendedData>
        <Point>
          <coordinates>
            141.358253,43.155931,0
          </coordinates>
        </Point>
      </Placemark>
      <Placemark>
        <name>太平杉の子公園</name>
        <description><![CDATA[説明: 冬期開放: ◯<br>冬期未開放: <br>身障者対応: ◯<br>身障者非対応: <br>種別: 3.身障者対応(冬期開放)<br>冬期開放: ◯<br>冬期未開放: <br>身障者対応: ◯<br>身障者非対応: <br>種別: 3.身障者対応(冬期開放)]]></description>
        <styleUrl>#icon-1735-A52714</styleUrl>
        <ExtendedData>
          <Data name="説明">
            <value>冬期開放: ◯
冬期未開放: 
身障者対応: ◯
身障者非対応: 
種別: 3.身障者対応(冬期開放)</value>
          </Data>
          <Data name="冬期開放">
            <value>◯</value>
          </Data>
          <Data name="冬期未開放">
            <value/>
          </Data>
          <Data name="身障者対応">
            <value>◯</value>
          </Data>
          <Data name="身障者非対応">
            <value/>
          </Data>
          <Data name="種別">
            <value>3.身障者対応(冬期開放)</value>
          </Data>
        </ExtendedData>
        <Point>
          <coordinates>
            141.358977,43.131849,0
          </coordinates>
        </Point>
      </Placemark>
      <Placemark>
        <name>北27条牧場公園</name>
        <description><![CDATA[説明: 冬期開放: <br>冬期未開放: ◯<br>身障者対応: ◯<br>身障者非対応: <br>種別: 4.身障者対応(冬期未開放)<br>冬期開放: <br>冬期未開放: ◯<br>身障者対応: ◯<br>身障者非対応: <br>種別: 4.身障者対応(冬期未開放)]]></description>
        <styleUrl>#icon-1735-1A237E</styleUrl>
        <ExtendedData>
          <Data name="説明">
            <value>冬期開放: 
冬期未開放: ◯
身障者対応: ◯
身障者非対応: 
種別: 4.身障者対応(冬期未開放)</value>
          </Data>
          <Data name="冬期開放">
            <value/>
          </Data>
          <Data name="冬期未開放">
            <value>◯</value>
          </Data>
          <Data name="身障者対応">
            <value>◯</value>
          </Data>
          <Data name="身障者非対応">
            <value/>
          </Data>
          <Data name="種別">
            <value>4.身障者対応(冬期未開放)</value>
          </Data>
        </ExtendedData>
        <Point>
          <coordinates>
            141.328063,43.094358,0
          </coordinates>
        </Point>
      </Placemark>
      <Placemark>
        <name>太平たんぽぽ公園</name>
        <description><![CDATA[説明: 冬期開放: <br>冬期未開放: ◯<br>身障者対応: <br>身障者非対応: ◯<br>種別: 2.冬期未開放(身障者非対応)<br>冬期開放: <br>冬期未開放: ◯<br>身障者対応: <br>身障者非対応: ◯<br>種別: 2.冬期未開放(身障者非対応)]]></description>
        <styleUrl>#icon-1733-1A237E</styleUrl>
        <ExtendedData>
          <Data name="説明">
            <value>冬期開放: 
冬期未開放: ◯
身障者対応: 
身障者非対応: ◯
種別: 2.冬期未開放(身障者非対応)</value>
          </Data>
          <Data name="冬期開放">
            <value/>
          </Data>
          <Data name="冬期未開放">
            <value>◯</value>
          </Data>
          <Data name="身障者対応">
            <value/>
          </Data>
          <Data name="身障者非対応">
            <value>◯</value>
          </Data>
          <Data name="種別">
            <value>2.冬期未開放(身障者非対応)</value>
          </Data>
        </ExtendedData>
        <Point>
          <coordinates>
            141.364401,43.135952,0
          </coordinates>
        </Point>
      </Placemark>
      <Placemark>
        <name>あいの里めだか公園</name>
        <description><![CDATA[説明: 冬期開放: <br>冬期未開放: ◯<br>身障者対応: <br>身障者非対応: ◯<br>種別: 2.冬期未開放(身障者非対応)<br>冬期開放: <br>冬期未開放: ◯<br>身障者対応: <br>身障者非対応: ◯<br>種別: 2.冬期未開放(身障者非対応)]]></description>
        <styleUrl>#icon-1733-1A237E</styleUrl>
        <ExtendedData>
          <Data name="説明">
            <value>冬期開放: 
冬期未開放: ◯
身障者対応: 
身障者非対応: ◯
種別: 2.冬期未開放(身障者非対応)</value>
          </Data>
          <Data name="冬期開放">
            <value/>
          </Data>
          <Data name="冬期未開放">
            <value>◯</value>
          </Data>
          <Data name="身障者対応">
            <value/>
          </Data>
          <Data name="身障者非対応">
            <value>◯</value>
          </Data>
          <Data name="種別">
            <value>2.冬期未開放(身障者非対応)</value>
          </Data>
        </ExtendedData>
        <Point>
          <coordinates>
            141.401366,43.165623,0
          </coordinates>
        </Point>
      </Placemark>
      <Placemark>
        <name>拓北日の出公園</name>
        <description><![CDATA[説明: 冬期開放: <br>冬期未開放: ◯<br>身障者対応: <br>身障者非対応: ◯<br>種別: 2.冬期未開放(身障者非対応)<br>冬期開放: <br>冬期未開放: ◯<br>身障者対応: <br>身障者非対応: ◯<br>種別: 2.冬期未開放(身障者非対応)]]></description>
        <styleUrl>#icon-1733-1A237E</styleUrl>
        <ExtendedData>
          <Data name="説明">
            <value>冬期開放: 
冬期未開放: ◯
身障者対応: 
身障者非対応: ◯
種別: 2.冬期未開放(身障者非対応)</value>
          </Data>
          <Data name="冬期開放">
            <value/>
          </Data>
          <Data name="冬期未開放">
            <value>◯</value>
          </Data>
          <Data name="身障者対応">
            <value/>
          </Data>
          <Data name="身障者非対応">
            <value>◯</value>
          </Data>
          <Data name="種別">
            <value>2.冬期未開放(身障者非対応)</value>
          </Data>
        </ExtendedData>
        <Point>
          <coordinates>
            141.382952,43.149165,0
          </coordinates>
        </Point>
      </Placemark>
      <Placemark>
        <name>拓北ナナカマド公園</name>
        <description><![CDATA[説明: 冬期開放: <br>冬期未開放: ◯<br>身障者対応: <br>身障者非対応: ◯<br>種別: 2.冬期未開放(身障者非対応)<br>冬期開放: <br>冬期未開放: ◯<br>身障者対応: <br>身障者非対応: ◯<br>種別: 2.冬期未開放(身障者非対応)]]></description>
        <styleUrl>#icon-1733-1A237E</styleUrl>
        <ExtendedData>
          <Data name="説明">
            <value>冬期開放: 
冬期未開放: ◯
身障者対応: 
身障者非対応: ◯
種別: 2.冬期未開放(身障者非対応)</value>
          </Data>
          <Data name="冬期開放">
            <value/>
          </Data>
          <Data name="冬期未開放">
            <value>◯</value>
          </Data>
          <Data name="身障者対応">
            <value/>
          </Data>
          <Data name="身障者非対応">
            <value>◯</value>
          </Data>
          <Data name="種別">
            <value>2.冬期未開放(身障者非対応)</value>
          </Data>
        </ExtendedData>
        <Point>
          <coordinates>
            141.379255,43.149027,0
          </coordinates>
        </Point>
      </Placemark>
      <Placemark>
        <name>あいの里すぎのこ公園</name>
        <description><![CDATA[説明: 冬期開放: <br>冬期未開放: ◯<br>身障者対応: <br>身障者非対応: ◯<br>種別: 2.冬期未開放(身障者非対応)<br>冬期開放: <br>冬期未開放: ◯<br>身障者対応: <br>身障者非対応: ◯<br>種別: 2.冬期未開放(身障者非対応)]]></description>
        <styleUrl>#icon-1733-1A237E</styleUrl>
        <ExtendedData>
          <Data name="説明">
            <value>冬期開放: 
冬期未開放: ◯
身障者対応: 
身障者非対応: ◯
種別: 2.冬期未開放(身障者非対応)</value>
          </Data>
          <Data name="冬期開放">
            <value/>
          </Data>
          <Data name="冬期未開放">
            <value>◯</value>
          </Data>
          <Data name="身障者対応">
            <value/>
          </Data>
          <Data name="身障者非対応">
            <value>◯</value>
          </Data>
          <Data name="種別">
            <value>2.冬期未開放(身障者非対応)</value>
          </Data>
        </ExtendedData>
        <Point>
          <coordinates>
            141.384247,43.162768,0
          </coordinates>
        </Point>
      </Placemark>
      <Placemark>
        <name>篠路こぐま公園</name>
        <description><![CDATA[説明: 冬期開放: <br>冬期未開放: ◯<br>身障者対応: <br>身障者非対応: ◯<br>種別: 2.冬期未開放(身障者非対応)<br>冬期開放: <br>冬期未開放: ◯<br>身障者対応: <br>身障者非対応: ◯<br>種別: 2.冬期未開放(身障者非対応)]]></description>
        <styleUrl>#icon-1733-1A237E</styleUrl>
        <ExtendedData>
          <Data name="説明">
            <value>冬期開放: 
冬期未開放: ◯
身障者対応: 
身障者非対応: ◯
種別: 2.冬期未開放(身障者非対応)</value>
          </Data>
          <Data name="冬期開放">
            <value/>
          </Data>
          <Data name="冬期未開放">
            <value>◯</value>
          </Data>
          <Data name="身障者対応">
            <value/>
          </Data>
          <Data name="身障者非対応">
            <value>◯</value>
          </Data>
          <Data name="種別">
            <value>2.冬期未開放(身障者非対応)</value>
          </Data>
        </ExtendedData>
        <Point>
          <coordinates>
            141.368326,43.152425,0
          </coordinates>
        </Point>
      </Placemark>
      <Placemark>
        <name>屯田どんぐり公園</name>
        <description><![CDATA[説明: 冬期開放: <br>冬期未開放: ◯<br>身障者対応: <br>身障者非対応: ◯<br>種別: 2.冬期未開放(身障者非対応)<br>冬期開放: <br>冬期未開放: ◯<br>身障者対応: <br>身障者非対応: ◯<br>種別: 2.冬期未開放(身障者非対応)]]></description>
        <styleUrl>#icon-1733-1A237E</styleUrl>
        <ExtendedData>
          <Data name="説明">
            <value>冬期開放: 
冬期未開放: ◯
身障者対応: 
身障者非対応: ◯
種別: 2.冬期未開放(身障者非対応)</value>
          </Data>
          <Data name="冬期開放">
            <value/>
          </Data>
          <Data name="冬期未開放">
            <value>◯</value>
          </Data>
          <Data name="身障者対応">
            <value/>
          </Data>
          <Data name="身障者非対応">
            <value>◯</value>
          </Data>
          <Data name="種別">
            <value>2.冬期未開放(身障者非対応)</value>
          </Data>
        </ExtendedData>
        <Point>
          <coordinates>
            141.339823,43.134597,0
          </coordinates>
        </Point>
      </Placemark>
      <Placemark>
        <name>屯田たもの木公園</name>
        <description><![CDATA[説明: 冬期開放: <br>冬期未開放: ◯<br>身障者対応: <br>身障者非対応: ◯<br>種別: 2.冬期未開放(身障者非対応)<br>冬期開放: <br>冬期未開放: ◯<br>身障者対応: <br>身障者非対応: ◯<br>種別: 2.冬期未開放(身障者非対応)]]></description>
        <styleUrl>#icon-1733-1A237E</styleUrl>
        <ExtendedData>
          <Data name="説明">
            <value>冬期開放: 
冬期未開放: ◯
身障者対応: 
身障者非対応: ◯
種別: 2.冬期未開放(身障者非対応)</value>
          </Data>
          <Data name="冬期開放">
            <value/>
          </Data>
          <Data name="冬期未開放">
            <value>◯</value>
          </Data>
          <Data name="身障者対応">
            <value/>
          </Data>
          <Data name="身障者非対応">
            <value>◯</value>
          </Data>
          <Data name="種別">
            <value>2.冬期未開放(身障者非対応)</value>
          </Data>
        </ExtendedData>
        <Point>
          <coordinates>
            141.343123,43.135991,0
          </coordinates>
        </Point>
      </Placemark>
      <Placemark>
        <name>あいの里たんぽぽ公園</name>
        <description><![CDATA[説明: 冬期開放: <br>冬期未開放: ◯<br>身障者対応: <br>身障者非対応: ◯<br>種別: 2.冬期未開放(身障者非対応)<br>冬期開放: <br>冬期未開放: ◯<br>身障者対応: <br>身障者非対応: ◯<br>種別: 2.冬期未開放(身障者非対応)]]></description>
        <styleUrl>#icon-1733-1A237E</styleUrl>
        <ExtendedData>
          <Data name="説明">
            <value>冬期開放: 
冬期未開放: ◯
身障者対応: 
身障者非対応: ◯
種別: 2.冬期未開放(身障者非対応)</value>
          </Data>
          <Data name="冬期開放">
            <value/>
          </Data>
          <Data name="冬期未開放">
            <value>◯</value>
          </Data>
          <Data name="身障者対応">
            <value/>
          </Data>
          <Data name="身障者非対応">
            <value>◯</value>
          </Data>
          <Data name="種別">
            <value>2.冬期未開放(身障者非対応)</value>
          </Data>
        </ExtendedData>
        <Point>
          <coordinates>
            141.392933,43.157307,0
          </coordinates>
        </Point>
      </Placemark>
      <Placemark>
        <name>屯田ふるさと公園</name>
        <description><![CDATA[説明: 冬期開放: <br>冬期未開放: ◯<br>身障者対応: <br>身障者非対応: ◯<br>種別: 2.冬期未開放(身障者非対応)<br>冬期開放: <br>冬期未開放: ◯<br>身障者対応: <br>身障者非対応: ◯<br>種別: 2.冬期未開放(身障者非対応)]]></description>
        <styleUrl>#icon-1733-1A237E</styleUrl>
        <ExtendedData>
          <Data name="説明">
            <value>冬期開放: 
冬期未開放: ◯
身障者対応: 
身障者非対応: ◯
種別: 2.冬期未開放(身障者非対応)</value>
          </Data>
          <Data name="冬期開放">
            <value/>
          </Data>
          <Data name="冬期未開放">
            <value>◯</value>
          </Data>
          <Data name="身障者対応">
            <value/>
          </Data>
          <Data name="身障者非対応">
            <value>◯</value>
          </Data>
          <Data name="種別">
            <value>2.冬期未開放(身障者非対応)</value>
          </Data>
        </ExtendedData>
        <Point>
          <coordinates>
            141.323075,43.138912,0
          </coordinates>
        </Point>
      </Placemark>
      <Placemark>
        <name>屯田北の子公園</name>
        <description><![CDATA[説明: 冬期開放: <br>冬期未開放: ◯<br>身障者対応: <br>身障者非対応: ◯<br>種別: 2.冬期未開放(身障者非対応)<br>冬期開放: <br>冬期未開放: ◯<br>身障者対応: <br>身障者非対応: ◯<br>種別: 2.冬期未開放(身障者非対応)]]></description>
        <styleUrl>#icon-1733-1A237E</styleUrl>
        <ExtendedData>
          <Data name="説明">
            <value>冬期開放: 
冬期未開放: ◯
身障者対応: 
身障者非対応: ◯
種別: 2.冬期未開放(身障者非対応)</value>
          </Data>
          <Data name="冬期開放">
            <value/>
          </Data>
          <Data name="冬期未開放">
            <value>◯</value>
          </Data>
          <Data name="身障者対応">
            <value/>
          </Data>
          <Data name="身障者非対応">
            <value>◯</value>
          </Data>
          <Data name="種別">
            <value>2.冬期未開放(身障者非対応)</value>
          </Data>
        </ExtendedData>
        <Point>
          <coordinates>
            141.335377,43.137413,0
          </coordinates>
        </Point>
      </Placemark>
      <Placemark>
        <name>拓北ミズナラ公園</name>
        <description><![CDATA[説明: 冬期開放: <br>冬期未開放: ◯<br>身障者対応: ◯<br>身障者非対応: <br>種別: 4.身障者対応(冬期未開放)<br>冬期開放: <br>冬期未開放: ◯<br>身障者対応: ◯<br>身障者非対応: <br>種別: 4.身障者対応(冬期未開放)]]></description>
        <styleUrl>#icon-1735-1A237E</styleUrl>
        <ExtendedData>
          <Data name="説明">
            <value>冬期開放: 
冬期未開放: ◯
身障者対応: ◯
身障者非対応: 
種別: 4.身障者対応(冬期未開放)</value>
          </Data>
          <Data name="冬期開放">
            <value/>
          </Data>
          <Data name="冬期未開放">
            <value>◯</value>
          </Data>
          <Data name="身障者対応">
            <value>◯</value>
          </Data>
          <Data name="身障者非対応">
            <value/>
          </Data>
          <Data name="種別">
            <value>4.身障者対応(冬期未開放)</value>
          </Data>
        </ExtendedData>
        <Point>
          <coordinates>
            141.375382,43.148683,0
          </coordinates>
        </Point>
      </Placemark>
      <Placemark>
        <name>屯田春の風公園</name>
        <description><![CDATA[説明: 冬期開放: <br>冬期未開放: ◯<br>身障者対応: ◯<br>身障者非対応: <br>種別: 4.身障者対応(冬期未開放)<br>冬期開放: <br>冬期未開放: ◯<br>身障者対応: ◯<br>身障者非対応: <br>種別: 4.身障者対応(冬期未開放)]]></description>
        <styleUrl>#icon-1735-1A237E</styleUrl>
        <ExtendedData>
          <Data name="説明">
            <value>冬期開放: 
冬期未開放: ◯
身障者対応: ◯
身障者非対応: 
種別: 4.身障者対応(冬期未開放)</value>
          </Data>
          <Data name="冬期開放">
            <value/>
          </Data>
          <Data name="冬期未開放">
            <value>◯</value>
          </Data>
          <Data name="身障者対応">
            <value>◯</value>
          </Data>
          <Data name="身障者非対応">
            <value/>
          </Data>
          <Data name="種別">
            <value>4.身障者対応(冬期未開放)</value>
          </Data>
        </ExtendedData>
        <Point>
          <coordinates>
            141.337377,43.142986,0
          </coordinates>
        </Point>
      </Placemark>
      <Placemark>
        <name>屯田やよい公園</name>
        <description><![CDATA[説明: 冬期開放: <br>冬期未開放: ◯<br>身障者対応: ◯<br>身障者非対応: <br>種別: 4.身障者対応(冬期未開放)<br>冬期開放: <br>冬期未開放: ◯<br>身障者対応: ◯<br>身障者非対応: <br>種別: 4.身障者対応(冬期未開放)]]></description>
        <styleUrl>#icon-1735-1A237E</styleUrl>
        <ExtendedData>
          <Data name="説明">
            <value>冬期開放: 
冬期未開放: ◯
身障者対応: ◯
身障者非対応: 
種別: 4.身障者対応(冬期未開放)</value>
          </Data>
          <Data name="冬期開放">
            <value/>
          </Data>
          <Data name="冬期未開放">
            <value>◯</value>
          </Data>
          <Data name="身障者対応">
            <value>◯</value>
          </Data>
          <Data name="身障者非対応">
            <value/>
          </Data>
          <Data name="種別">
            <value>4.身障者対応(冬期未開放)</value>
          </Data>
        </ExtendedData>
        <Point>
          <coordinates>
            141.33673,43.13828,0
          </coordinates>
        </Point>
      </Placemark>
      <Placemark>
        <name>屯田かげろう公園</name>
        <description><![CDATA[説明: 冬期開放: <br>冬期未開放: ◯<br>身障者対応: ◯<br>身障者非対応: <br>種別: 4.身障者対応(冬期未開放)<br>冬期開放: <br>冬期未開放: ◯<br>身障者対応: ◯<br>身障者非対応: <br>種別: 4.身障者対応(冬期未開放)]]></description>
        <styleUrl>#icon-1735-1A237E</styleUrl>
        <ExtendedData>
          <Data name="説明">
            <value>冬期開放: 
冬期未開放: ◯
身障者対応: ◯
身障者非対応: 
種別: 4.身障者対応(冬期未開放)</value>
          </Data>
          <Data name="冬期開放">
            <value/>
          </Data>
          <Data name="冬期未開放">
            <value>◯</value>
          </Data>
          <Data name="身障者対応">
            <value>◯</value>
          </Data>
          <Data name="身障者非対応">
            <value/>
          </Data>
          <Data name="種別">
            <value>4.身障者対応(冬期未開放)</value>
          </Data>
        </ExtendedData>
        <Point>
          <coordinates>
            141.332095,43.143726,0
          </coordinates>
        </Point>
      </Placemark>
      <Placemark>
        <name>南あいの里ひよこ公園</name>
        <description><![CDATA[説明: 冬期開放: <br>冬期未開放: ◯<br>身障者対応: ◯<br>身障者非対応: <br>種別: 4.身障者対応(冬期未開放)<br>冬期開放: <br>冬期未開放: ◯<br>身障者対応: ◯<br>身障者非対応: <br>種別: 4.身障者対応(冬期未開放)]]></description>
        <styleUrl>#icon-1735-1A237E</styleUrl>
        <ExtendedData>
          <Data name="説明">
            <value>冬期開放: 
冬期未開放: ◯
身障者対応: ◯
身障者非対応: 
種別: 4.身障者対応(冬期未開放)</value>
          </Data>
          <Data name="冬期開放">
            <value/>
          </Data>
          <Data name="冬期未開放">
            <value>◯</value>
          </Data>
          <Data name="身障者対応">
            <value>◯</value>
          </Data>
          <Data name="身障者非対応">
            <value/>
          </Data>
          <Data name="種別">
            <value>4.身障者対応(冬期未開放)</value>
          </Data>
        </ExtendedData>
        <Point>
          <coordinates>
            141.392595,43.155025,0
          </coordinates>
        </Point>
      </Placemark>
      <Placemark>
        <name>南あいの里こもれび公園</name>
        <description><![CDATA[説明: 冬期開放: <br>冬期未開放: ◯<br>身障者対応: ◯<br>身障者非対応: <br>種別: 4.身障者対応(冬期未開放)<br>冬期開放: <br>冬期未開放: ◯<br>身障者対応: ◯<br>身障者非対応: <br>種別: 4.身障者対応(冬期未開放)]]></description>
        <styleUrl>#icon-1735-1A237E</styleUrl>
        <ExtendedData>
          <Data name="説明">
            <value>冬期開放: 
冬期未開放: ◯
身障者対応: ◯
身障者非対応: 
種別: 4.身障者対応(冬期未開放)</value>
          </Data>
          <Data name="冬期開放">
            <value/>
          </Data>
          <Data name="冬期未開放">
            <value>◯</value>
          </Data>
          <Data name="身障者対応">
            <value>◯</value>
          </Data>
          <Data name="身障者非対応">
            <value/>
          </Data>
          <Data name="種別">
            <value>4.身障者対応(冬期未開放)</value>
          </Data>
        </ExtendedData>
        <Point>
          <coordinates>
            141.397132,43.152911,0
          </coordinates>
        </Point>
      </Placemark>
      <Placemark>
        <name>北37条リバーサイド公園</name>
        <description><![CDATA[説明: 冬期開放: ◯<br>冬期未開放: <br>身障者対応: <br>身障者非対応: ◯<br>種別: 1.冬期開放(身障者非対応)<br>冬期開放: ◯<br>冬期未開放: <br>身障者対応: <br>身障者非対応: ◯<br>種別: 1.冬期開放(身障者非対応)]]></description>
        <styleUrl>#icon-1733-A52714</styleUrl>
        <ExtendedData>
          <Data name="説明">
            <value>冬期開放: ◯
冬期未開放: 
身障者対応: 
身障者非対応: ◯
種別: 1.冬期開放(身障者非対応)</value>
          </Data>
          <Data name="冬期開放">
            <value>◯</value>
          </Data>
          <Data name="冬期未開放">
            <value/>
          </Data>
          <Data name="身障者対応">
            <value/>
          </Data>
          <Data name="身障者非対応">
            <value>◯</value>
          </Data>
          <Data name="種別">
            <value>1.冬期開放(身障者非対応)</value>
          </Data>
        </ExtendedData>
        <Point>
          <coordinates>
            141.344307,43.104511,0
          </coordinates>
        </Point>
      </Placemark>
      <Placemark>
        <name>屯田ひばり公園</name>
        <description><![CDATA[説明: 冬期開放: <br>冬期未開放: ◯<br>身障者対応: <br>身障者非対応: ◯<br>種別: 2.冬期未開放(身障者非対応)<br>冬期開放: <br>冬期未開放: ◯<br>身障者対応: <br>身障者非対応: ◯<br>種別: 2.冬期未開放(身障者非対応)]]></description>
        <styleUrl>#icon-1733-1A237E</styleUrl>
        <ExtendedData>
          <Data name="説明">
            <value>冬期開放: 
冬期未開放: ◯
身障者対応: 
身障者非対応: ◯
種別: 2.冬期未開放(身障者非対応)</value>
          </Data>
          <Data name="冬期開放">
            <value/>
          </Data>
          <Data name="冬期未開放">
            <value>◯</value>
          </Data>
          <Data name="身障者対応">
            <value/>
          </Data>
          <Data name="身障者非対応">
            <value>◯</value>
          </Data>
          <Data name="種別">
            <value>2.冬期未開放(身障者非対応)</value>
          </Data>
        </ExtendedData>
        <Point>
          <coordinates>
            141.317954,43.137334,0
          </coordinates>
        </Point>
      </Placemark>
      <Placemark>
        <name>あいの里ふくろう公園</name>
        <description><![CDATA[説明: 冬期開放: <br>冬期未開放: ◯<br>身障者対応: <br>身障者非対応: ◯<br>種別: 2.冬期未開放(身障者非対応)<br>冬期開放: <br>冬期未開放: ◯<br>身障者対応: <br>身障者非対応: ◯<br>種別: 2.冬期未開放(身障者非対応)]]></description>
        <styleUrl>#icon-1733-1A237E</styleUrl>
        <ExtendedData>
          <Data name="説明">
            <value>冬期開放: 
冬期未開放: ◯
身障者対応: 
身障者非対応: ◯
種別: 2.冬期未開放(身障者非対応)</value>
          </Data>
          <Data name="冬期開放">
            <value/>
          </Data>
          <Data name="冬期未開放">
            <value>◯</value>
          </Data>
          <Data name="身障者対応">
            <value/>
          </Data>
          <Data name="身障者非対応">
            <value>◯</value>
          </Data>
          <Data name="種別">
            <value>2.冬期未開放(身障者非対応)</value>
          </Data>
        </ExtendedData>
        <Point>
          <coordinates>
            141.41536,43.166654,0
          </coordinates>
        </Point>
      </Placemark>
      <Placemark>
        <name>屯田バンビ公園</name>
        <description><![CDATA[説明: 冬期開放: ◯<br>冬期未開放: <br>身障者対応: <br>身障者非対応: ◯<br>種別: 1.冬期開放(身障者非対応)<br>冬期開放: ◯<br>冬期未開放: <br>身障者対応: <br>身障者非対応: ◯<br>種別: 1.冬期開放(身障者非対応)]]></description>
        <styleUrl>#icon-1733-A52714</styleUrl>
        <ExtendedData>
          <Data name="説明">
            <value>冬期開放: ◯
冬期未開放: 
身障者対応: 
身障者非対応: ◯
種別: 1.冬期開放(身障者非対応)</value>
          </Data>
          <Data name="冬期開放">
            <value>◯</value>
          </Data>
          <Data name="冬期未開放">
            <value/>
          </Data>
          <Data name="身障者対応">
            <value/>
          </Data>
          <Data name="身障者非対応">
            <value>◯</value>
          </Data>
          <Data name="種別">
            <value>1.冬期開放(身障者非対応)</value>
          </Data>
        </ExtendedData>
        <Point>
          <coordinates>
            141.332466,43.127911,0
          </coordinates>
        </Point>
      </Placemark>
      <Placemark>
        <name>北32条ひまわり公園</name>
        <description><![CDATA[説明: 冬期開放: <br>冬期未開放: ◯<br>身障者対応: <br>身障者非対応: ◯<br>種別: 2.冬期未開放(身障者非対応)<br>冬期開放: <br>冬期未開放: ◯<br>身障者対応: <br>身障者非対応: ◯<br>種別: 2.冬期未開放(身障者非対応)]]></description>
        <styleUrl>#icon-1733-1A237E</styleUrl>
        <ExtendedData>
          <Data name="説明">
            <value>冬期開放: 
冬期未開放: ◯
身障者対応: 
身障者非対応: ◯
種別: 2.冬期未開放(身障者非対応)</value>
          </Data>
          <Data name="冬期開放">
            <value/>
          </Data>
          <Data name="冬期未開放">
            <value>◯</value>
          </Data>
          <Data name="身障者対応">
            <value/>
          </Data>
          <Data name="身障者非対応">
            <value>◯</value>
          </Data>
          <Data name="種別">
            <value>2.冬期未開放(身障者非対応)</value>
          </Data>
        </ExtendedData>
        <Point>
          <coordinates>
            141.33682,43.098829,0
          </coordinates>
        </Point>
      </Placemark>
      <Placemark>
        <name>上篠路こまどり公園</name>
        <description><![CDATA[説明: 冬期開放: <br>冬期未開放: ◯<br>身障者対応: <br>身障者非対応: ◯<br>種別: 2.冬期未開放(身障者非対応)<br>冬期開放: <br>冬期未開放: ◯<br>身障者対応: <br>身障者非対応: ◯<br>種別: 2.冬期未開放(身障者非対応)]]></description>
        <styleUrl>#icon-1733-1A237E</styleUrl>
        <ExtendedData>
          <Data name="説明">
            <value>冬期開放: 
冬期未開放: ◯
身障者対応: 
身障者非対応: ◯
種別: 2.冬期未開放(身障者非対応)</value>
          </Data>
          <Data name="冬期開放">
            <value/>
          </Data>
          <Data name="冬期未開放">
            <value>◯</value>
          </Data>
          <Data name="身障者対応">
            <value/>
          </Data>
          <Data name="身障者非対応">
            <value>◯</value>
          </Data>
          <Data name="種別">
            <value>2.冬期未開放(身障者非対応)</value>
          </Data>
        </ExtendedData>
        <Point>
          <coordinates>
            141.377234,43.130785,0
          </coordinates>
        </Point>
      </Placemark>
      <Placemark>
        <name>新川カルガモ公園</name>
        <description><![CDATA[説明: 冬期開放: <br>冬期未開放: ◯<br>身障者対応: <br>身障者非対応: ◯<br>種別: 2.冬期未開放(身障者非対応)<br>冬期開放: <br>冬期未開放: ◯<br>身障者対応: <br>身障者非対応: ◯<br>種別: 2.冬期未開放(身障者非対応)]]></description>
        <styleUrl>#icon-1733-1A237E</styleUrl>
        <ExtendedData>
          <Data name="説明">
            <value>冬期開放: 
冬期未開放: ◯
身障者対応: 
身障者非対応: ◯
種別: 2.冬期未開放(身障者非対応)</value>
          </Data>
          <Data name="冬期開放">
            <value/>
          </Data>
          <Data name="冬期未開放">
            <value>◯</value>
          </Data>
          <Data name="身障者対応">
            <value/>
          </Data>
          <Data name="身障者非対応">
            <value>◯</value>
          </Data>
          <Data name="種別">
            <value>2.冬期未開放(身障者非対応)</value>
          </Data>
        </ExtendedData>
        <Point>
          <coordinates>
            141.290707,43.118293,0
          </coordinates>
        </Point>
      </Placemark>
      <Placemark>
        <name>新川きじがはら公園</name>
        <description><![CDATA[説明: 冬期開放: <br>冬期未開放: ◯<br>身障者対応: <br>身障者非対応: ◯<br>種別: 2.冬期未開放(身障者非対応)<br>冬期開放: <br>冬期未開放: ◯<br>身障者対応: <br>身障者非対応: ◯<br>種別: 2.冬期未開放(身障者非対応)]]></description>
        <styleUrl>#icon-1733-1A237E</styleUrl>
        <ExtendedData>
          <Data name="説明">
            <value>冬期開放: 
冬期未開放: ◯
身障者対応: 
身障者非対応: ◯
種別: 2.冬期未開放(身障者非対応)</value>
          </Data>
          <Data name="冬期開放">
            <value/>
          </Data>
          <Data name="冬期未開放">
            <value>◯</value>
          </Data>
          <Data name="身障者対応">
            <value/>
          </Data>
          <Data name="身障者非対応">
            <value>◯</value>
          </Data>
          <Data name="種別">
            <value>2.冬期未開放(身障者非対応)</value>
          </Data>
        </ExtendedData>
        <Point>
          <coordinates>
            141.282199,43.125878,0
          </coordinates>
        </Point>
      </Placemark>
      <Placemark>
        <name>新川ひばりがはら公園</name>
        <description><![CDATA[説明: 冬期開放: <br>冬期未開放: ◯<br>身障者対応: <br>身障者非対応: ◯<br>種別: 2.冬期未開放(身障者非対応)<br>冬期開放: <br>冬期未開放: ◯<br>身障者対応: <br>身障者非対応: ◯<br>種別: 2.冬期未開放(身障者非対応)]]></description>
        <styleUrl>#icon-1733-1A237E</styleUrl>
        <ExtendedData>
          <Data name="説明">
            <value>冬期開放: 
冬期未開放: ◯
身障者対応: 
身障者非対応: ◯
種別: 2.冬期未開放(身障者非対応)</value>
          </Data>
          <Data name="冬期開放">
            <value/>
          </Data>
          <Data name="冬期未開放">
            <value>◯</value>
          </Data>
          <Data name="身障者対応">
            <value/>
          </Data>
          <Data name="身障者非対応">
            <value>◯</value>
          </Data>
          <Data name="種別">
            <value>2.冬期未開放(身障者非対応)</value>
          </Data>
        </ExtendedData>
        <Point>
          <coordinates>
            141.278226,43.126155,0
          </coordinates>
        </Point>
      </Placemark>
      <Placemark>
        <name>屯田サニー公園</name>
        <description><![CDATA[説明: 冬期開放: <br>冬期未開放: ◯<br>身障者対応: <br>身障者非対応: ◯<br>種別: 2.冬期未開放(身障者非対応)<br>冬期開放: <br>冬期未開放: ◯<br>身障者対応: <br>身障者非対応: ◯<br>種別: 2.冬期未開放(身障者非対応)]]></description>
        <styleUrl>#icon-1733-1A237E</styleUrl>
        <ExtendedData>
          <Data name="説明">
            <value>冬期開放: 
冬期未開放: ◯
身障者対応: 
身障者非対応: ◯
種別: 2.冬期未開放(身障者非対応)</value>
          </Data>
          <Data name="冬期開放">
            <value/>
          </Data>
          <Data name="冬期未開放">
            <value>◯</value>
          </Data>
          <Data name="身障者対応">
            <value/>
          </Data>
          <Data name="身障者非対応">
            <value>◯</value>
          </Data>
          <Data name="種別">
            <value>2.冬期未開放(身障者非対応)</value>
          </Data>
        </ExtendedData>
        <Point>
          <coordinates>
            141.343,43.139944,0
          </coordinates>
        </Point>
      </Placemark>
      <Placemark>
        <name>太平6条公園</name>
        <description><![CDATA[説明: 冬期開放: <br>冬期未開放: ◯<br>身障者対応: <br>身障者非対応: ◯<br>種別: 2.冬期未開放(身障者非対応)<br>冬期開放: <br>冬期未開放: ◯<br>身障者対応: <br>身障者非対応: ◯<br>種別: 2.冬期未開放(身障者非対応)]]></description>
        <styleUrl>#icon-1733-1A237E</styleUrl>
        <ExtendedData>
          <Data name="説明">
            <value>冬期開放: 
冬期未開放: ◯
身障者対応: 
身障者非対応: ◯
種別: 2.冬期未開放(身障者非対応)</value>
          </Data>
          <Data name="冬期開放">
            <value/>
          </Data>
          <Data name="冬期未開放">
            <value>◯</value>
          </Data>
          <Data name="身障者対応">
            <value/>
          </Data>
          <Data name="身障者非対応">
            <value>◯</value>
          </Data>
          <Data name="種別">
            <value>2.冬期未開放(身障者非対応)</value>
          </Data>
        </ExtendedData>
        <Point>
          <coordinates>
            141.34983,43.131785,0
          </coordinates>
        </Point>
      </Placemark>
      <Placemark>
        <name>太平9条公園</name>
        <description><![CDATA[説明: 冬期開放: <br>冬期未開放: ◯<br>身障者対応: <br>身障者非対応: ◯<br>種別: 2.冬期未開放(身障者非対応)<br>冬期開放: <br>冬期未開放: ◯<br>身障者対応: <br>身障者非対応: ◯<br>種別: 2.冬期未開放(身障者非対応)]]></description>
        <styleUrl>#icon-1733-1A237E</styleUrl>
        <ExtendedData>
          <Data name="説明">
            <value>冬期開放: 
冬期未開放: ◯
身障者対応: 
身障者非対応: ◯
種別: 2.冬期未開放(身障者非対応)</value>
          </Data>
          <Data name="冬期開放">
            <value/>
          </Data>
          <Data name="冬期未開放">
            <value>◯</value>
          </Data>
          <Data name="身障者対応">
            <value/>
          </Data>
          <Data name="身障者非対応">
            <value>◯</value>
          </Data>
          <Data name="種別">
            <value>2.冬期未開放(身障者非対応)</value>
          </Data>
        </ExtendedData>
        <Point>
          <coordinates>
            141.349927,43.136505,0
          </coordinates>
        </Point>
      </Placemark>
      <Placemark>
        <name>あいの里まんぼう公園</name>
        <description><![CDATA[説明: 冬期開放: <br>冬期未開放: ◯<br>身障者対応: <br>身障者非対応: ◯<br>種別: 2.冬期未開放(身障者非対応)<br>冬期開放: <br>冬期未開放: ◯<br>身障者対応: <br>身障者非対応: ◯<br>種別: 2.冬期未開放(身障者非対応)]]></description>
        <styleUrl>#icon-1733-1A237E</styleUrl>
        <ExtendedData>
          <Data name="説明">
            <value>冬期開放: 
冬期未開放: ◯
身障者対応: 
身障者非対応: ◯
種別: 2.冬期未開放(身障者非対応)</value>
          </Data>
          <Data name="冬期開放">
            <value/>
          </Data>
          <Data name="冬期未開放">
            <value>◯</value>
          </Data>
          <Data name="身障者対応">
            <value/>
          </Data>
          <Data name="身障者非対応">
            <value>◯</value>
          </Data>
          <Data name="種別">
            <value>2.冬期未開放(身障者非対応)</value>
          </Data>
        </ExtendedData>
        <Point>
          <coordinates>
            141.398441,43.164029,0
          </coordinates>
        </Point>
      </Placemark>
      <Placemark>
        <name>屯田開拓公園</name>
        <description><![CDATA[説明: 冬期開放: <br>冬期未開放: ◯<br>身障者対応: <br>身障者非対応: ◯<br>種別: 2.冬期未開放(身障者非対応)<br>冬期開放: <br>冬期未開放: ◯<br>身障者対応: <br>身障者非対応: ◯<br>種別: 2.冬期未開放(身障者非対応)]]></description>
        <styleUrl>#icon-1733-1A237E</styleUrl>
        <ExtendedData>
          <Data name="説明">
            <value>冬期開放: 
冬期未開放: ◯
身障者対応: 
身障者非対応: ◯
種別: 2.冬期未開放(身障者非対応)</value>
          </Data>
          <Data name="冬期開放">
            <value/>
          </Data>
          <Data name="冬期未開放">
            <value>◯</value>
          </Data>
          <Data name="身障者対応">
            <value/>
          </Data>
          <Data name="身障者非対応">
            <value>◯</value>
          </Data>
          <Data name="種別">
            <value>2.冬期未開放(身障者非対応)</value>
          </Data>
        </ExtendedData>
        <Point>
          <coordinates>
            141.329487,43.137411,0
          </coordinates>
        </Point>
      </Placemark>
      <Placemark>
        <name>屯田わかくさ公園</name>
        <description><![CDATA[説明: 冬期開放: <br>冬期未開放: ◯<br>身障者対応: <br>身障者非対応: ◯<br>種別: 2.冬期未開放(身障者非対応)<br>冬期開放: <br>冬期未開放: ◯<br>身障者対応: <br>身障者非対応: ◯<br>種別: 2.冬期未開放(身障者非対応)]]></description>
        <styleUrl>#icon-1733-1A237E</styleUrl>
        <ExtendedData>
          <Data name="説明">
            <value>冬期開放: 
冬期未開放: ◯
身障者対応: 
身障者非対応: ◯
種別: 2.冬期未開放(身障者非対応)</value>
          </Data>
          <Data name="冬期開放">
            <value/>
          </Data>
          <Data name="冬期未開放">
            <value>◯</value>
          </Data>
          <Data name="身障者対応">
            <value/>
          </Data>
          <Data name="身障者非対応">
            <value>◯</value>
          </Data>
          <Data name="種別">
            <value>2.冬期未開放(身障者非対応)</value>
          </Data>
        </ExtendedData>
        <Point>
          <coordinates>
            141.340734,43.138266,0
          </coordinates>
        </Point>
      </Placemark>
      <Placemark>
        <name>篠路1条公園</name>
        <description><![CDATA[説明: 冬期開放: <br>冬期未開放: ◯<br>身障者対応: <br>身障者非対応: ◯<br>種別: 2.冬期未開放(身障者非対応)<br>冬期開放: <br>冬期未開放: ◯<br>身障者対応: <br>身障者非対応: ◯<br>種別: 2.冬期未開放(身障者非対応)]]></description>
        <styleUrl>#icon-1733-1A237E</styleUrl>
        <ExtendedData>
          <Data name="説明">
            <value>冬期開放: 
冬期未開放: ◯
身障者対応: 
身障者非対応: ◯
種別: 2.冬期未開放(身障者非対応)</value>
          </Data>
          <Data name="冬期開放">
            <value/>
          </Data>
          <Data name="冬期未開放">
            <value>◯</value>
          </Data>
          <Data name="身障者対応">
            <value/>
          </Data>
          <Data name="身障者非対応">
            <value>◯</value>
          </Data>
          <Data name="種別">
            <value>2.冬期未開放(身障者非対応)</value>
          </Data>
        </ExtendedData>
        <Point>
          <coordinates>
            141.35064,43.141425,0
          </coordinates>
        </Point>
      </Placemark>
      <Placemark>
        <name>屯田夏の雲公園</name>
        <description><![CDATA[説明: 冬期開放: <br>冬期未開放: ◯<br>身障者対応: <br>身障者非対応: ◯<br>種別: 2.冬期未開放(身障者非対応)<br>冬期開放: <br>冬期未開放: ◯<br>身障者対応: <br>身障者非対応: ◯<br>種別: 2.冬期未開放(身障者非対応)]]></description>
        <styleUrl>#icon-1733-1A237E</styleUrl>
        <ExtendedData>
          <Data name="説明">
            <value>冬期開放: 
冬期未開放: ◯
身障者対応: 
身障者非対応: ◯
種別: 2.冬期未開放(身障者非対応)</value>
          </Data>
          <Data name="冬期開放">
            <value/>
          </Data>
          <Data name="冬期未開放">
            <value>◯</value>
          </Data>
          <Data name="身障者対応">
            <value/>
          </Data>
          <Data name="身障者非対応">
            <value>◯</value>
          </Data>
          <Data name="種別">
            <value>2.冬期未開放(身障者非対応)</value>
          </Data>
        </ExtendedData>
        <Point>
          <coordinates>
            141.317297,43.141209,0
          </coordinates>
        </Point>
      </Placemark>
      <Placemark>
        <name>百合が原駅前公園</name>
        <description><![CDATA[説明: 冬期開放: ◯<br>冬期未開放: <br>身障者対応: <br>身障者非対応: ◯<br>種別: 1.冬期開放(身障者非対応)<br>冬期開放: ◯<br>冬期未開放: <br>身障者対応: <br>身障者非対応: ◯<br>種別: 1.冬期開放(身障者非対応)]]></description>
        <styleUrl>#icon-1733-A52714</styleUrl>
        <ExtendedData>
          <Data name="説明">
            <value>冬期開放: ◯
冬期未開放: 
身障者対応: 
身障者非対応: ◯
種別: 1.冬期開放(身障者非対応)</value>
          </Data>
          <Data name="冬期開放">
            <value>◯</value>
          </Data>
          <Data name="冬期未開放">
            <value/>
          </Data>
          <Data name="身障者対応">
            <value/>
          </Data>
          <Data name="身障者非対応">
            <value>◯</value>
          </Data>
          <Data name="種別">
            <value>1.冬期開放(身障者非対応)</value>
          </Data>
        </ExtendedData>
        <Point>
          <coordinates>
            141.361283,43.131141,0
          </coordinates>
        </Point>
      </Placemark>
      <Placemark>
        <name>太平すこやか公園</name>
        <description><![CDATA[説明: 冬期開放: <br>冬期未開放: ◯<br>身障者対応: <br>身障者非対応: ◯<br>種別: 2.冬期未開放(身障者非対応)<br>冬期開放: <br>冬期未開放: ◯<br>身障者対応: <br>身障者非対応: ◯<br>種別: 2.冬期未開放(身障者非対応)]]></description>
        <styleUrl>#icon-1733-1A237E</styleUrl>
        <ExtendedData>
          <Data name="説明">
            <value>冬期開放: 
冬期未開放: ◯
身障者対応: 
身障者非対応: ◯
種別: 2.冬期未開放(身障者非対応)</value>
          </Data>
          <Data name="冬期開放">
            <value/>
          </Data>
          <Data name="冬期未開放">
            <value>◯</value>
          </Data>
          <Data name="身障者対応">
            <value/>
          </Data>
          <Data name="身障者非対応">
            <value>◯</value>
          </Data>
          <Data name="種別">
            <value>2.冬期未開放(身障者非対応)</value>
          </Data>
        </ExtendedData>
        <Point>
          <coordinates>
            141.361733,43.133926,0
          </coordinates>
        </Point>
      </Placemark>
      <Placemark>
        <name>屯田とんぼ公園</name>
        <description><![CDATA[説明: 冬期開放: <br>冬期未開放: ◯<br>身障者対応: <br>身障者非対応: ◯<br>種別: 2.冬期未開放(身障者非対応)<br>冬期開放: <br>冬期未開放: ◯<br>身障者対応: <br>身障者非対応: ◯<br>種別: 2.冬期未開放(身障者非対応)]]></description>
        <styleUrl>#icon-1733-1A237E</styleUrl>
        <ExtendedData>
          <Data name="説明">
            <value>冬期開放: 
冬期未開放: ◯
身障者対応: 
身障者非対応: ◯
種別: 2.冬期未開放(身障者非対応)</value>
          </Data>
          <Data name="冬期開放">
            <value/>
          </Data>
          <Data name="冬期未開放">
            <value>◯</value>
          </Data>
          <Data name="身障者対応">
            <value/>
          </Data>
          <Data name="身障者非対応">
            <value>◯</value>
          </Data>
          <Data name="種別">
            <value>2.冬期未開放(身障者非対応)</value>
          </Data>
        </ExtendedData>
        <Point>
          <coordinates>
            141.31904,43.139177,0
          </coordinates>
        </Point>
      </Placemark>
      <Placemark>
        <name>拓北ひまわり公園</name>
        <description><![CDATA[説明: 冬期開放: <br>冬期未開放: ◯<br>身障者対応: <br>身障者非対応: ◯<br>種別: 2.冬期未開放(身障者非対応)<br>冬期開放: <br>冬期未開放: ◯<br>身障者対応: <br>身障者非対応: ◯<br>種別: 2.冬期未開放(身障者非対応)]]></description>
        <styleUrl>#icon-1733-1A237E</styleUrl>
        <ExtendedData>
          <Data name="説明">
            <value>冬期開放: 
冬期未開放: ◯
身障者対応: 
身障者非対応: ◯
種別: 2.冬期未開放(身障者非対応)</value>
          </Data>
          <Data name="冬期開放">
            <value/>
          </Data>
          <Data name="冬期未開放">
            <value>◯</value>
          </Data>
          <Data name="身障者対応">
            <value/>
          </Data>
          <Data name="身障者非対応">
            <value>◯</value>
          </Data>
          <Data name="種別">
            <value>2.冬期未開放(身障者非対応)</value>
          </Data>
        </ExtendedData>
        <Point>
          <coordinates>
            141.380116,43.152442,0
          </coordinates>
        </Point>
      </Placemark>
      <Placemark>
        <name>太平なかよし公園</name>
        <description><![CDATA[説明: 冬期開放: <br>冬期未開放: ◯<br>身障者対応: <br>身障者非対応: ◯<br>種別: 2.冬期未開放(身障者非対応)<br>冬期開放: <br>冬期未開放: ◯<br>身障者対応: <br>身障者非対応: ◯<br>種別: 2.冬期未開放(身障者非対応)]]></description>
        <styleUrl>#icon-1733-1A237E</styleUrl>
        <ExtendedData>
          <Data name="説明">
            <value>冬期開放: 
冬期未開放: ◯
身障者対応: 
身障者非対応: ◯
種別: 2.冬期未開放(身障者非対応)</value>
          </Data>
          <Data name="冬期開放">
            <value/>
          </Data>
          <Data name="冬期未開放">
            <value>◯</value>
          </Data>
          <Data name="身障者対応">
            <value/>
          </Data>
          <Data name="身障者非対応">
            <value>◯</value>
          </Data>
          <Data name="種別">
            <value>2.冬期未開放(身障者非対応)</value>
          </Data>
        </ExtendedData>
        <Point>
          <coordinates>
            141.3513,43.126259,0
          </coordinates>
        </Point>
      </Placemark>
      <Placemark>
        <name>屯田チャイルド公園</name>
        <description><![CDATA[説明: 冬期開放: <br>冬期未開放: ◯<br>身障者対応: <br>身障者非対応: ◯<br>種別: 2.冬期未開放(身障者非対応)<br>冬期開放: <br>冬期未開放: ◯<br>身障者対応: <br>身障者非対応: ◯<br>種別: 2.冬期未開放(身障者非対応)]]></description>
        <styleUrl>#icon-1733-1A237E</styleUrl>
        <ExtendedData>
          <Data name="説明">
            <value>冬期開放: 
冬期未開放: ◯
身障者対応: 
身障者非対応: ◯
種別: 2.冬期未開放(身障者非対応)</value>
          </Data>
          <Data name="冬期開放">
            <value/>
          </Data>
          <Data name="冬期未開放">
            <value>◯</value>
          </Data>
          <Data name="身障者対応">
            <value/>
          </Data>
          <Data name="身障者非対応">
            <value>◯</value>
          </Data>
          <Data name="種別">
            <value>2.冬期未開放(身障者非対応)</value>
          </Data>
        </ExtendedData>
        <Point>
          <coordinates>
            141.341878,43.145013,0
          </coordinates>
        </Point>
      </Placemark>
      <Placemark>
        <name>新琴似やなぎ公園</name>
        <description><![CDATA[説明: 冬期開放: <br>冬期未開放: ◯<br>身障者対応: <br>身障者非対応: ◯<br>種別: 2.冬期未開放(身障者非対応)<br>冬期開放: <br>冬期未開放: ◯<br>身障者対応: <br>身障者非対応: ◯<br>種別: 2.冬期未開放(身障者非対応)]]></description>
        <styleUrl>#icon-1733-1A237E</styleUrl>
        <ExtendedData>
          <Data name="説明">
            <value>冬期開放: 
冬期未開放: ◯
身障者対応: 
身障者非対応: ◯
種別: 2.冬期未開放(身障者非対応)</value>
          </Data>
          <Data name="冬期開放">
            <value/>
          </Data>
          <Data name="冬期未開放">
            <value>◯</value>
          </Data>
          <Data name="身障者対応">
            <value/>
          </Data>
          <Data name="身障者非対応">
            <value>◯</value>
          </Data>
          <Data name="種別">
            <value>2.冬期未開放(身障者非対応)</value>
          </Data>
        </ExtendedData>
        <Point>
          <coordinates>
            141.315948,43.118251,0
          </coordinates>
        </Point>
      </Placemark>
      <Placemark>
        <name>太平11条公園</name>
        <description><![CDATA[説明: 冬期開放: <br>冬期未開放: ◯<br>身障者対応: <br>身障者非対応: ◯<br>種別: 2.冬期未開放(身障者非対応)<br>冬期開放: <br>冬期未開放: ◯<br>身障者対応: <br>身障者非対応: ◯<br>種別: 2.冬期未開放(身障者非対応)]]></description>
        <styleUrl>#icon-1733-1A237E</styleUrl>
        <ExtendedData>
          <Data name="説明">
            <value>冬期開放: 
冬期未開放: ◯
身障者対応: 
身障者非対応: ◯
種別: 2.冬期未開放(身障者非対応)</value>
          </Data>
          <Data name="冬期開放">
            <value/>
          </Data>
          <Data name="冬期未開放">
            <value>◯</value>
          </Data>
          <Data name="身障者対応">
            <value/>
          </Data>
          <Data name="身障者非対応">
            <value>◯</value>
          </Data>
          <Data name="種別">
            <value>2.冬期未開放(身障者非対応)</value>
          </Data>
        </ExtendedData>
        <Point>
          <coordinates>
            141.350627,43.138328,0
          </coordinates>
        </Point>
      </Placemark>
      <Placemark>
        <name>屯田こもれび公園</name>
        <description><![CDATA[説明: 冬期開放: <br>冬期未開放: ◯<br>身障者対応: <br>身障者非対応: ◯<br>種別: 2.冬期未開放(身障者非対応)<br>冬期開放: <br>冬期未開放: ◯<br>身障者対応: <br>身障者非対応: ◯<br>種別: 2.冬期未開放(身障者非対応)]]></description>
        <styleUrl>#icon-1733-1A237E</styleUrl>
        <ExtendedData>
          <Data name="説明">
            <value>冬期開放: 
冬期未開放: ◯
身障者対応: 
身障者非対応: ◯
種別: 2.冬期未開放(身障者非対応)</value>
          </Data>
          <Data name="冬期開放">
            <value/>
          </Data>
          <Data name="冬期未開放">
            <value>◯</value>
          </Data>
          <Data name="身障者対応">
            <value/>
          </Data>
          <Data name="身障者非対応">
            <value>◯</value>
          </Data>
          <Data name="種別">
            <value>2.冬期未開放(身障者非対応)</value>
          </Data>
        </ExtendedData>
        <Point>
          <coordinates>
            141.321653,43.145198,0
          </coordinates>
        </Point>
      </Placemark>
      <Placemark>
        <name>屯田さつき公園</name>
        <description><![CDATA[説明: 冬期開放: <br>冬期未開放: ◯<br>身障者対応: <br>身障者非対応: ◯<br>種別: 2.冬期未開放(身障者非対応)<br>冬期開放: <br>冬期未開放: ◯<br>身障者対応: <br>身障者非対応: ◯<br>種別: 2.冬期未開放(身障者非対応)]]></description>
        <styleUrl>#icon-1733-1A237E</styleUrl>
        <ExtendedData>
          <Data name="説明">
            <value>冬期開放: 
冬期未開放: ◯
身障者対応: 
身障者非対応: ◯
種別: 2.冬期未開放(身障者非対応)</value>
          </Data>
          <Data name="冬期開放">
            <value/>
          </Data>
          <Data name="冬期未開放">
            <value>◯</value>
          </Data>
          <Data name="身障者対応">
            <value/>
          </Data>
          <Data name="身障者非対応">
            <value>◯</value>
          </Data>
          <Data name="種別">
            <value>2.冬期未開放(身障者非対応)</value>
          </Data>
        </ExtendedData>
        <Point>
          <coordinates>
            141.319797,43.141774,0
          </coordinates>
        </Point>
      </Placemark>
      <Placemark>
        <name>篠路開拓公園</name>
        <description><![CDATA[説明: 冬期開放: <br>冬期未開放: ◯<br>身障者対応: <br>身障者非対応: ◯<br>種別: 2.冬期未開放(身障者非対応)<br>冬期開放: <br>冬期未開放: ◯<br>身障者対応: <br>身障者非対応: ◯<br>種別: 2.冬期未開放(身障者非対応)]]></description>
        <styleUrl>#icon-1733-1A237E</styleUrl>
        <ExtendedData>
          <Data name="説明">
            <value>冬期開放: 
冬期未開放: ◯
身障者対応: 
身障者非対応: ◯
種別: 2.冬期未開放(身障者非対応)</value>
          </Data>
          <Data name="冬期開放">
            <value/>
          </Data>
          <Data name="冬期未開放">
            <value>◯</value>
          </Data>
          <Data name="身障者対応">
            <value/>
          </Data>
          <Data name="身障者非対応">
            <value>◯</value>
          </Data>
          <Data name="種別">
            <value>2.冬期未開放(身障者非対応)</value>
          </Data>
        </ExtendedData>
        <Point>
          <coordinates>
            141.37151,43.138994,0
          </coordinates>
        </Point>
      </Placemark>
      <Placemark>
        <name>篠路あい公園</name>
        <description><![CDATA[説明: 冬期開放: <br>冬期未開放: ◯<br>身障者対応: <br>身障者非対応: ◯<br>種別: 2.冬期未開放(身障者非対応)<br>冬期開放: <br>冬期未開放: ◯<br>身障者対応: <br>身障者非対応: ◯<br>種別: 2.冬期未開放(身障者非対応)]]></description>
        <styleUrl>#icon-1733-1A237E</styleUrl>
        <ExtendedData>
          <Data name="説明">
            <value>冬期開放: 
冬期未開放: ◯
身障者対応: 
身障者非対応: ◯
種別: 2.冬期未開放(身障者非対応)</value>
          </Data>
          <Data name="冬期開放">
            <value/>
          </Data>
          <Data name="冬期未開放">
            <value>◯</value>
          </Data>
          <Data name="身障者対応">
            <value/>
          </Data>
          <Data name="身障者非対応">
            <value>◯</value>
          </Data>
          <Data name="種別">
            <value>2.冬期未開放(身障者非対応)</value>
          </Data>
        </ExtendedData>
        <Point>
          <coordinates>
            141.37227,43.141144,0
          </coordinates>
        </Point>
      </Placemark>
      <Placemark>
        <name>新川にしまきば公園</name>
        <description><![CDATA[説明: 冬期開放: <br>冬期未開放: ◯<br>身障者対応: <br>身障者非対応: ◯<br>種別: 2.冬期未開放(身障者非対応)<br>冬期開放: <br>冬期未開放: ◯<br>身障者対応: <br>身障者非対応: ◯<br>種別: 2.冬期未開放(身障者非対応)]]></description>
        <styleUrl>#icon-1733-1A237E</styleUrl>
        <ExtendedData>
          <Data name="説明">
            <value>冬期開放: 
冬期未開放: ◯
身障者対応: 
身障者非対応: ◯
種別: 2.冬期未開放(身障者非対応)</value>
          </Data>
          <Data name="冬期開放">
            <value/>
          </Data>
          <Data name="冬期未開放">
            <value>◯</value>
          </Data>
          <Data name="身障者対応">
            <value/>
          </Data>
          <Data name="身障者非対応">
            <value>◯</value>
          </Data>
          <Data name="種別">
            <value>2.冬期未開放(身障者非対応)</value>
          </Data>
        </ExtendedData>
        <Point>
          <coordinates>
            141.31996,43.097493,0
          </coordinates>
        </Point>
      </Placemark>
      <Placemark>
        <name>あいの里ふきのこ公園</name>
        <description><![CDATA[説明: 冬期開放: <br>冬期未開放: ◯<br>身障者対応: <br>身障者非対応: ◯<br>種別: 2.冬期未開放(身障者非対応)<br>冬期開放: <br>冬期未開放: ◯<br>身障者対応: <br>身障者非対応: ◯<br>種別: 2.冬期未開放(身障者非対応)]]></description>
        <styleUrl>#icon-1733-1A237E</styleUrl>
        <ExtendedData>
          <Data name="説明">
            <value>冬期開放: 
冬期未開放: ◯
身障者対応: 
身障者非対応: ◯
種別: 2.冬期未開放(身障者非対応)</value>
          </Data>
          <Data name="冬期開放">
            <value/>
          </Data>
          <Data name="冬期未開放">
            <value>◯</value>
          </Data>
          <Data name="身障者対応">
            <value/>
          </Data>
          <Data name="身障者非対応">
            <value>◯</value>
          </Data>
          <Data name="種別">
            <value>2.冬期未開放(身障者非対応)</value>
          </Data>
        </ExtendedData>
        <Point>
          <coordinates>
            141.390296,43.166189,0
          </coordinates>
        </Point>
      </Placemark>
      <Placemark>
        <name>太平ろくろく公園</name>
        <description><![CDATA[説明: 冬期開放: <br>冬期未開放: ◯<br>身障者対応: <br>身障者非対応: ◯<br>種別: 2.冬期未開放(身障者非対応)<br>冬期開放: <br>冬期未開放: ◯<br>身障者対応: <br>身障者非対応: ◯<br>種別: 2.冬期未開放(身障者非対応)]]></description>
        <styleUrl>#icon-1733-1A237E</styleUrl>
        <ExtendedData>
          <Data name="説明">
            <value>冬期開放: 
冬期未開放: ◯
身障者対応: 
身障者非対応: ◯
種別: 2.冬期未開放(身障者非対応)</value>
          </Data>
          <Data name="冬期開放">
            <value/>
          </Data>
          <Data name="冬期未開放">
            <value>◯</value>
          </Data>
          <Data name="身障者対応">
            <value/>
          </Data>
          <Data name="身障者非対応">
            <value>◯</value>
          </Data>
          <Data name="種別">
            <value>2.冬期未開放(身障者非対応)</value>
          </Data>
        </ExtendedData>
        <Point>
          <coordinates>
            141.358116,43.12729,0
          </coordinates>
        </Point>
      </Placemark>
      <Placemark>
        <name>屯田秋の陽公園</name>
        <description><![CDATA[説明: 冬期開放: <br>冬期未開放: ◯<br>身障者対応: <br>身障者非対応: ◯<br>種別: 2.冬期未開放(身障者非対応)<br>冬期開放: <br>冬期未開放: ◯<br>身障者対応: <br>身障者非対応: ◯<br>種別: 2.冬期未開放(身障者非対応)]]></description>
        <styleUrl>#icon-1733-1A237E</styleUrl>
        <ExtendedData>
          <Data name="説明">
            <value>冬期開放: 
冬期未開放: ◯
身障者対応: 
身障者非対応: ◯
種別: 2.冬期未開放(身障者非対応)</value>
          </Data>
          <Data name="冬期開放">
            <value/>
          </Data>
          <Data name="冬期未開放">
            <value>◯</value>
          </Data>
          <Data name="身障者対応">
            <value/>
          </Data>
          <Data name="身障者非対応">
            <value>◯</value>
          </Data>
          <Data name="種別">
            <value>2.冬期未開放(身障者非対応)</value>
          </Data>
        </ExtendedData>
        <Point>
          <coordinates>
            141.325864,43.144417,0
          </coordinates>
        </Point>
      </Placemark>
      <Placemark>
        <name>篠路ぼうけん公園</name>
        <description><![CDATA[説明: 冬期開放: <br>冬期未開放: ◯<br>身障者対応: <br>身障者非対応: ◯<br>種別: 2.冬期未開放(身障者非対応)<br>冬期開放: <br>冬期未開放: ◯<br>身障者対応: <br>身障者非対応: ◯<br>種別: 2.冬期未開放(身障者非対応)]]></description>
        <styleUrl>#icon-1733-1A237E</styleUrl>
        <ExtendedData>
          <Data name="説明">
            <value>冬期開放: 
冬期未開放: ◯
身障者対応: 
身障者非対応: ◯
種別: 2.冬期未開放(身障者非対応)</value>
          </Data>
          <Data name="冬期開放">
            <value/>
          </Data>
          <Data name="冬期未開放">
            <value>◯</value>
          </Data>
          <Data name="身障者対応">
            <value/>
          </Data>
          <Data name="身障者非対応">
            <value>◯</value>
          </Data>
          <Data name="種別">
            <value>2.冬期未開放(身障者非対応)</value>
          </Data>
        </ExtendedData>
        <Point>
          <coordinates>
            141.36952,43.13978,0
          </coordinates>
        </Point>
      </Placemark>
      <Placemark>
        <name>拓北西公園</name>
        <description><![CDATA[説明: 冬期開放: <br>冬期未開放: ◯<br>身障者対応: ◯<br>身障者非対応: <br>種別: 4.身障者対応(冬期未開放)<br>冬期開放: <br>冬期未開放: ◯<br>身障者対応: ◯<br>身障者非対応: <br>種別: 4.身障者対応(冬期未開放)]]></description>
        <styleUrl>#icon-1735-1A237E</styleUrl>
        <ExtendedData>
          <Data name="説明">
            <value>冬期開放: 
冬期未開放: ◯
身障者対応: ◯
身障者非対応: 
種別: 4.身障者対応(冬期未開放)</value>
          </Data>
          <Data name="冬期開放">
            <value/>
          </Data>
          <Data name="冬期未開放">
            <value>◯</value>
          </Data>
          <Data name="身障者対応">
            <value>◯</value>
          </Data>
          <Data name="身障者非対応">
            <value/>
          </Data>
          <Data name="種別">
            <value>4.身障者対応(冬期未開放)</value>
          </Data>
        </ExtendedData>
        <Point>
          <coordinates>
            141.376572,43.156045,0
          </coordinates>
        </Point>
      </Placemark>
      <Placemark>
        <name>篠路ハルニレ公園</name>
        <description><![CDATA[説明: 冬期開放: <br>冬期未開放: ◯<br>身障者対応: <br>身障者非対応: ◯<br>種別: 2.冬期未開放(身障者非対応)<br>冬期開放: <br>冬期未開放: ◯<br>身障者対応: <br>身障者非対応: ◯<br>種別: 2.冬期未開放(身障者非対応)]]></description>
        <styleUrl>#icon-1733-1A237E</styleUrl>
        <ExtendedData>
          <Data name="説明">
            <value>冬期開放: 
冬期未開放: ◯
身障者対応: 
身障者非対応: ◯
種別: 2.冬期未開放(身障者非対応)</value>
          </Data>
          <Data name="冬期開放">
            <value/>
          </Data>
          <Data name="冬期未開放">
            <value>◯</value>
          </Data>
          <Data name="身障者対応">
            <value/>
          </Data>
          <Data name="身障者非対応">
            <value>◯</value>
          </Data>
          <Data name="種別">
            <value>2.冬期未開放(身障者非対応)</value>
          </Data>
        </ExtendedData>
        <Point>
          <coordinates>
            141.373637,43.144445,0
          </coordinates>
        </Point>
      </Placemark>
      <Placemark>
        <name>篠路サクラ公園</name>
        <description><![CDATA[説明: 冬期開放: <br>冬期未開放: ◯<br>身障者対応: <br>身障者非対応: ◯<br>種別: 2.冬期未開放(身障者非対応)<br>冬期開放: <br>冬期未開放: ◯<br>身障者対応: <br>身障者非対応: ◯<br>種別: 2.冬期未開放(身障者非対応)]]></description>
        <styleUrl>#icon-1733-1A237E</styleUrl>
        <ExtendedData>
          <Data name="説明">
            <value>冬期開放: 
冬期未開放: ◯
身障者対応: 
身障者非対応: ◯
種別: 2.冬期未開放(身障者非対応)</value>
          </Data>
          <Data name="冬期開放">
            <value/>
          </Data>
          <Data name="冬期未開放">
            <value>◯</value>
          </Data>
          <Data name="身障者対応">
            <value/>
          </Data>
          <Data name="身障者非対応">
            <value>◯</value>
          </Data>
          <Data name="種別">
            <value>2.冬期未開放(身障者非対応)</value>
          </Data>
        </ExtendedData>
        <Point>
          <coordinates>
            141.372659,43.144716,0
          </coordinates>
        </Point>
      </Placemark>
      <Placemark>
        <name>屯田わかば公園</name>
        <description><![CDATA[説明: 冬期開放: <br>冬期未開放: ◯<br>身障者対応: <br>身障者非対応: ◯<br>種別: 2.冬期未開放(身障者非対応)<br>冬期開放: <br>冬期未開放: ◯<br>身障者対応: <br>身障者非対応: ◯<br>種別: 2.冬期未開放(身障者非対応)]]></description>
        <styleUrl>#icon-1733-1A237E</styleUrl>
        <ExtendedData>
          <Data name="説明">
            <value>冬期開放: 
冬期未開放: ◯
身障者対応: 
身障者非対応: ◯
種別: 2.冬期未開放(身障者非対応)</value>
          </Data>
          <Data name="冬期開放">
            <value/>
          </Data>
          <Data name="冬期未開放">
            <value>◯</value>
          </Data>
          <Data name="身障者対応">
            <value/>
          </Data>
          <Data name="身障者非対応">
            <value>◯</value>
          </Data>
          <Data name="種別">
            <value>2.冬期未開放(身障者非対応)</value>
          </Data>
        </ExtendedData>
        <Point>
          <coordinates>
            141.329049,43.141169,0
          </coordinates>
        </Point>
      </Placemark>
      <Placemark>
        <name>篠路川あい公園</name>
        <description><![CDATA[説明: 冬期開放: <br>冬期未開放: ◯<br>身障者対応: <br>身障者非対応: ◯<br>種別: 2.冬期未開放(身障者非対応)<br>冬期開放: <br>冬期未開放: ◯<br>身障者対応: <br>身障者非対応: ◯<br>種別: 2.冬期未開放(身障者非対応)]]></description>
        <styleUrl>#icon-1733-1A237E</styleUrl>
        <ExtendedData>
          <Data name="説明">
            <value>冬期開放: 
冬期未開放: ◯
身障者対応: 
身障者非対応: ◯
種別: 2.冬期未開放(身障者非対応)</value>
          </Data>
          <Data name="冬期開放">
            <value/>
          </Data>
          <Data name="冬期未開放">
            <value>◯</value>
          </Data>
          <Data name="身障者対応">
            <value/>
          </Data>
          <Data name="身障者非対応">
            <value>◯</value>
          </Data>
          <Data name="種別">
            <value>2.冬期未開放(身障者非対応)</value>
          </Data>
        </ExtendedData>
        <Point>
          <coordinates>
            141.373738,43.148657,0
          </coordinates>
        </Point>
      </Placemark>
      <Placemark>
        <name>屯田ピノキオ公園</name>
        <description><![CDATA[説明: 冬期開放: <br>冬期未開放: ◯<br>身障者対応: <br>身障者非対応: ◯<br>種別: 2.冬期未開放(身障者非対応)<br>冬期開放: <br>冬期未開放: ◯<br>身障者対応: <br>身障者非対応: ◯<br>種別: 2.冬期未開放(身障者非対応)]]></description>
        <styleUrl>#icon-1733-1A237E</styleUrl>
        <ExtendedData>
          <Data name="説明">
            <value>冬期開放: 
冬期未開放: ◯
身障者対応: 
身障者非対応: ◯
種別: 2.冬期未開放(身障者非対応)</value>
          </Data>
          <Data name="冬期開放">
            <value/>
          </Data>
          <Data name="冬期未開放">
            <value>◯</value>
          </Data>
          <Data name="身障者対応">
            <value/>
          </Data>
          <Data name="身障者非対応">
            <value>◯</value>
          </Data>
          <Data name="種別">
            <value>2.冬期未開放(身障者非対応)</value>
          </Data>
        </ExtendedData>
        <Point>
          <coordinates>
            141.340515,43.126892,0
          </coordinates>
        </Point>
      </Placemark>
      <Placemark>
        <name>屯田しらかば公園</name>
        <description><![CDATA[説明: 冬期開放: <br>冬期未開放: ◯<br>身障者対応: <br>身障者非対応: ◯<br>種別: 2.冬期未開放(身障者非対応)<br>冬期開放: <br>冬期未開放: ◯<br>身障者対応: <br>身障者非対応: ◯<br>種別: 2.冬期未開放(身障者非対応)]]></description>
        <styleUrl>#icon-1733-1A237E</styleUrl>
        <ExtendedData>
          <Data name="説明">
            <value>冬期開放: 
冬期未開放: ◯
身障者対応: 
身障者非対応: ◯
種別: 2.冬期未開放(身障者非対応)</value>
          </Data>
          <Data name="冬期開放">
            <value/>
          </Data>
          <Data name="冬期未開放">
            <value>◯</value>
          </Data>
          <Data name="身障者対応">
            <value/>
          </Data>
          <Data name="身障者非対応">
            <value>◯</value>
          </Data>
          <Data name="種別">
            <value>2.冬期未開放(身障者非対応)</value>
          </Data>
        </ExtendedData>
        <Point>
          <coordinates>
            141.326114,43.129853,0
          </coordinates>
        </Point>
      </Placemark>
      <Placemark>
        <name>屯田こじか公園</name>
        <description><![CDATA[説明: 冬期開放: ◯<br>冬期未開放: <br>身障者対応: <br>身障者非対応: ◯<br>種別: 1.冬期開放(身障者非対応)<br>冬期開放: ◯<br>冬期未開放: <br>身障者対応: <br>身障者非対応: ◯<br>種別: 1.冬期開放(身障者非対応)]]></description>
        <styleUrl>#icon-1733-A52714</styleUrl>
        <ExtendedData>
          <Data name="説明">
            <value>冬期開放: ◯
冬期未開放: 
身障者対応: 
身障者非対応: ◯
種別: 1.冬期開放(身障者非対応)</value>
          </Data>
          <Data name="冬期開放">
            <value>◯</value>
          </Data>
          <Data name="冬期未開放">
            <value/>
          </Data>
          <Data name="身障者対応">
            <value/>
          </Data>
          <Data name="身障者非対応">
            <value>◯</value>
          </Data>
          <Data name="種別">
            <value>1.冬期開放(身障者非対応)</value>
          </Data>
        </ExtendedData>
        <Point>
          <coordinates>
            141.324082,43.134395,0
          </coordinates>
        </Point>
      </Placemark>
      <Placemark>
        <name>篠路双葉公園</name>
        <description><![CDATA[説明: 冬期開放: <br>冬期未開放: ◯<br>身障者対応: <br>身障者非対応: ◯<br>種別: 2.冬期未開放(身障者非対応)<br>冬期開放: <br>冬期未開放: ◯<br>身障者対応: <br>身障者非対応: ◯<br>種別: 2.冬期未開放(身障者非対応)]]></description>
        <styleUrl>#icon-1733-1A237E</styleUrl>
        <ExtendedData>
          <Data name="説明">
            <value>冬期開放: 
冬期未開放: ◯
身障者対応: 
身障者非対応: ◯
種別: 2.冬期未開放(身障者非対応)</value>
          </Data>
          <Data name="冬期開放">
            <value/>
          </Data>
          <Data name="冬期未開放">
            <value>◯</value>
          </Data>
          <Data name="身障者対応">
            <value/>
          </Data>
          <Data name="身障者非対応">
            <value>◯</value>
          </Data>
          <Data name="種別">
            <value>2.冬期未開放(身障者非対応)</value>
          </Data>
        </ExtendedData>
        <Point>
          <coordinates>
            141.365315,43.139731,0
          </coordinates>
        </Point>
      </Placemark>
      <Placemark>
        <name>新琴似すずかけ公園</name>
        <description><![CDATA[説明: 冬期開放: <br>冬期未開放: ◯<br>身障者対応: <br>身障者非対応: ◯<br>種別: 2.冬期未開放(身障者非対応)<br>冬期開放: <br>冬期未開放: ◯<br>身障者対応: <br>身障者非対応: ◯<br>種別: 2.冬期未開放(身障者非対応)]]></description>
        <styleUrl>#icon-1733-1A237E</styleUrl>
        <ExtendedData>
          <Data name="説明">
            <value>冬期開放: 
冬期未開放: ◯
身障者対応: 
身障者非対応: ◯
種別: 2.冬期未開放(身障者非対応)</value>
          </Data>
          <Data name="冬期開放">
            <value/>
          </Data>
          <Data name="冬期未開放">
            <value>◯</value>
          </Data>
          <Data name="身障者対応">
            <value/>
          </Data>
          <Data name="身障者非対応">
            <value>◯</value>
          </Data>
          <Data name="種別">
            <value>2.冬期未開放(身障者非対応)</value>
          </Data>
        </ExtendedData>
        <Point>
          <coordinates>
            141.32285,43.111416,0
          </coordinates>
        </Point>
      </Placemark>
      <Placemark>
        <name>新琴似ふれあい公園</name>
        <description><![CDATA[説明: 冬期開放: <br>冬期未開放: ◯<br>身障者対応: <br>身障者非対応: ◯<br>種別: 2.冬期未開放(身障者非対応)<br>冬期開放: <br>冬期未開放: ◯<br>身障者対応: <br>身障者非対応: ◯<br>種別: 2.冬期未開放(身障者非対応)]]></description>
        <styleUrl>#icon-1733-1A237E</styleUrl>
        <ExtendedData>
          <Data name="説明">
            <value>冬期開放: 
冬期未開放: ◯
身障者対応: 
身障者非対応: ◯
種別: 2.冬期未開放(身障者非対応)</value>
          </Data>
          <Data name="冬期開放">
            <value/>
          </Data>
          <Data name="冬期未開放">
            <value>◯</value>
          </Data>
          <Data name="身障者対応">
            <value/>
          </Data>
          <Data name="身障者非対応">
            <value>◯</value>
          </Data>
          <Data name="種別">
            <value>2.冬期未開放(身障者非対応)</value>
          </Data>
        </ExtendedData>
        <Point>
          <coordinates>
            141.324847,43.104565,0
          </coordinates>
        </Point>
      </Placemark>
      <Placemark>
        <name>さつき公園</name>
        <description><![CDATA[説明: 冬期開放: ◯<br>冬期未開放: <br>身障者対応: ◯<br>身障者非対応: <br>種別: 3.身障者対応(冬期開放)<br>冬期開放: ◯<br>冬期未開放: <br>身障者対応: ◯<br>身障者非対応: <br>種別: 3.身障者対応(冬期開放)]]></description>
        <styleUrl>#icon-1735-A52714</styleUrl>
        <ExtendedData>
          <Data name="説明">
            <value>冬期開放: ◯
冬期未開放: 
身障者対応: ◯
身障者非対応: 
種別: 3.身障者対応(冬期開放)</value>
          </Data>
          <Data name="冬期開放">
            <value>◯</value>
          </Data>
          <Data name="冬期未開放">
            <value/>
          </Data>
          <Data name="身障者対応">
            <value>◯</value>
          </Data>
          <Data name="身障者非対応">
            <value/>
          </Data>
          <Data name="種別">
            <value>3.身障者対応(冬期開放)</value>
          </Data>
        </ExtendedData>
        <Point>
          <coordinates>
            141.350454,43.073999,0
          </coordinates>
        </Point>
      </Placemark>
      <Placemark>
        <name>茨戸南ふれあい公園</name>
        <description><![CDATA[説明: 冬期開放: <br>冬期未開放: ◯<br>身障者対応: ◯<br>身障者非対応: <br>種別: 4.身障者対応(冬期未開放)<br>冬期開放: <br>冬期未開放: ◯<br>身障者対応: ◯<br>身障者非対応: <br>種別: 4.身障者対応(冬期未開放)]]></description>
        <styleUrl>#icon-1735-1A237E</styleUrl>
        <ExtendedData>
          <Data name="説明">
            <value>冬期開放: 
冬期未開放: ◯
身障者対応: ◯
身障者非対応: 
種別: 4.身障者対応(冬期未開放)</value>
          </Data>
          <Data name="冬期開放">
            <value/>
          </Data>
          <Data name="冬期未開放">
            <value>◯</value>
          </Data>
          <Data name="身障者対応">
            <value>◯</value>
          </Data>
          <Data name="身障者非対応">
            <value/>
          </Data>
          <Data name="種別">
            <value>4.身障者対応(冬期未開放)</value>
          </Data>
        </ExtendedData>
        <Point>
          <coordinates>
            141.346352,43.147878,0
          </coordinates>
        </Point>
      </Placemark>
      <Placemark>
        <name>新琴似第一公園</name>
        <description><![CDATA[説明: 冬期開放: <br>冬期未開放: ◯<br>身障者対応: ◯<br>身障者非対応: <br>種別: 4.身障者対応(冬期未開放)<br>冬期開放: <br>冬期未開放: ◯<br>身障者対応: ◯<br>身障者非対応: <br>種別: 4.身障者対応(冬期未開放)]]></description>
        <styleUrl>#icon-1735-1A237E</styleUrl>
        <ExtendedData>
          <Data name="説明">
            <value>冬期開放: 
冬期未開放: ◯
身障者対応: ◯
身障者非対応: 
種別: 4.身障者対応(冬期未開放)</value>
          </Data>
          <Data name="冬期開放">
            <value/>
          </Data>
          <Data name="冬期未開放">
            <value>◯</value>
          </Data>
          <Data name="身障者対応">
            <value>◯</value>
          </Data>
          <Data name="身障者非対応">
            <value/>
          </Data>
          <Data name="種別">
            <value>4.身障者対応(冬期未開放)</value>
          </Data>
        </ExtendedData>
        <Point>
          <coordinates>
            141.333661,43.114111,0
          </coordinates>
        </Point>
      </Placemark>
      <Placemark>
        <name>屯田ぼうふうりん公園</name>
        <description><![CDATA[説明: 冬期開放: <br>冬期未開放: ◯<br>身障者対応: <br>身障者非対応: ◯<br>種別: 2.冬期未開放(身障者非対応)<br>冬期開放: <br>冬期未開放: ◯<br>身障者対応: <br>身障者非対応: ◯<br>種別: 2.冬期未開放(身障者非対応)]]></description>
        <styleUrl>#icon-1733-1A237E</styleUrl>
        <ExtendedData>
          <Data name="説明">
            <value>冬期開放: 
冬期未開放: ◯
身障者対応: 
身障者非対応: ◯
種別: 2.冬期未開放(身障者非対応)</value>
          </Data>
          <Data name="冬期開放">
            <value/>
          </Data>
          <Data name="冬期未開放">
            <value>◯</value>
          </Data>
          <Data name="身障者対応">
            <value/>
          </Data>
          <Data name="身障者非対応">
            <value>◯</value>
          </Data>
          <Data name="種別">
            <value>2.冬期未開放(身障者非対応)</value>
          </Data>
        </ExtendedData>
        <Point>
          <coordinates>
            141.346369,43.143109,0
          </coordinates>
        </Point>
      </Placemark>
      <Placemark>
        <name>北26条さくら公園</name>
        <description><![CDATA[説明: 冬期開放: <br>冬期未開放: ◯<br>身障者対応: <br>身障者非対応: ◯<br>種別: 2.冬期未開放(身障者非対応)<br>冬期開放: <br>冬期未開放: ◯<br>身障者対応: <br>身障者非対応: ◯<br>種別: 2.冬期未開放(身障者非対応)]]></description>
        <styleUrl>#icon-1733-1A237E</styleUrl>
        <ExtendedData>
          <Data name="説明">
            <value>冬期開放: 
冬期未開放: ◯
身障者対応: 
身障者非対応: ◯
種別: 2.冬期未開放(身障者非対応)</value>
          </Data>
          <Data name="冬期開放">
            <value/>
          </Data>
          <Data name="冬期未開放">
            <value>◯</value>
          </Data>
          <Data name="身障者対応">
            <value/>
          </Data>
          <Data name="身障者非対応">
            <value>◯</value>
          </Data>
          <Data name="種別">
            <value>2.冬期未開放(身障者非対応)</value>
          </Data>
        </ExtendedData>
        <Point>
          <coordinates>
            141.335986,43.092488,0
          </coordinates>
        </Point>
      </Placemark>
      <Placemark>
        <name>簾舞花岡公園</name>
        <description><![CDATA[説明: 冬期開放: <br>冬期未開放: ◯<br>身障者対応: <br>身障者非対応: ◯<br>種別: 2.冬期未開放(身障者非対応)<br>冬期開放: <br>冬期未開放: ◯<br>身障者対応: <br>身障者非対応: ◯<br>種別: 2.冬期未開放(身障者非対応)]]></description>
        <styleUrl>#icon-1733-1A237E</styleUrl>
        <ExtendedData>
          <Data name="説明">
            <value>冬期開放: 
冬期未開放: ◯
身障者対応: 
身障者非対応: ◯
種別: 2.冬期未開放(身障者非対応)</value>
          </Data>
          <Data name="冬期開放">
            <value/>
          </Data>
          <Data name="冬期未開放">
            <value>◯</value>
          </Data>
          <Data name="身障者対応">
            <value/>
          </Data>
          <Data name="身障者非対応">
            <value>◯</value>
          </Data>
          <Data name="種別">
            <value>2.冬期未開放(身障者非対応)</value>
          </Data>
        </ExtendedData>
        <Point>
          <coordinates>
            141.262184,42.962104,0
          </coordinates>
        </Point>
      </Placemark>
      <Placemark>
        <name>真駒内あさひ公園</name>
        <description><![CDATA[説明: 冬期開放: <br>冬期未開放: ◯<br>身障者対応: <br>身障者非対応: ◯<br>種別: 2.冬期未開放(身障者非対応)<br>冬期開放: <br>冬期未開放: ◯<br>身障者対応: <br>身障者非対応: ◯<br>種別: 2.冬期未開放(身障者非対応)]]></description>
        <styleUrl>#icon-1733-1A237E</styleUrl>
        <ExtendedData>
          <Data name="説明">
            <value>冬期開放: 
冬期未開放: ◯
身障者対応: 
身障者非対応: ◯
種別: 2.冬期未開放(身障者非対応)</value>
          </Data>
          <Data name="冬期開放">
            <value/>
          </Data>
          <Data name="冬期未開放">
            <value>◯</value>
          </Data>
          <Data name="身障者対応">
            <value/>
          </Data>
          <Data name="身障者非対応">
            <value>◯</value>
          </Data>
          <Data name="種別">
            <value>2.冬期未開放(身障者非対応)</value>
          </Data>
        </ExtendedData>
        <Point>
          <coordinates>
            141.346125,42.933746,0
          </coordinates>
        </Point>
      </Placemark>
      <Placemark>
        <name>藻岩下こぶし公園</name>
        <description><![CDATA[説明: 冬期開放: <br>冬期未開放: ◯<br>身障者対応: <br>身障者非対応: ◯<br>種別: 2.冬期未開放(身障者非対応)<br>冬期開放: <br>冬期未開放: ◯<br>身障者対応: <br>身障者非対応: ◯<br>種別: 2.冬期未開放(身障者非対応)]]></description>
        <styleUrl>#icon-1733-1A237E</styleUrl>
        <ExtendedData>
          <Data name="説明">
            <value>冬期開放: 
冬期未開放: ◯
身障者対応: 
身障者非対応: ◯
種別: 2.冬期未開放(身障者非対応)</value>
          </Data>
          <Data name="冬期開放">
            <value/>
          </Data>
          <Data name="冬期未開放">
            <value>◯</value>
          </Data>
          <Data name="身障者対応">
            <value/>
          </Data>
          <Data name="身障者非対応">
            <value>◯</value>
          </Data>
          <Data name="種別">
            <value>2.冬期未開放(身障者非対応)</value>
          </Data>
        </ExtendedData>
        <Point>
          <coordinates>
            141.337449,43.008432,0
          </coordinates>
        </Point>
      </Placemark>
      <Placemark>
        <name>藤が丘公園</name>
        <description><![CDATA[説明: 冬期開放: <br>冬期未開放: ◯<br>身障者対応: <br>身障者非対応: ◯<br>種別: 2.冬期未開放(身障者非対応)<br>冬期開放: <br>冬期未開放: ◯<br>身障者対応: <br>身障者非対応: ◯<br>種別: 2.冬期未開放(身障者非対応)]]></description>
        <styleUrl>#icon-1733-1A237E</styleUrl>
        <ExtendedData>
          <Data name="説明">
            <value>冬期開放: 
冬期未開放: ◯
身障者対応: 
身障者非対応: ◯
種別: 2.冬期未開放(身障者非対応)</value>
          </Data>
          <Data name="冬期開放">
            <value/>
          </Data>
          <Data name="冬期未開放">
            <value>◯</value>
          </Data>
          <Data name="身障者対応">
            <value/>
          </Data>
          <Data name="身障者非対応">
            <value>◯</value>
          </Data>
          <Data name="種別">
            <value>2.冬期未開放(身障者非対応)</value>
          </Data>
        </ExtendedData>
        <Point>
          <coordinates>
            141.303722,42.956855,0
          </coordinates>
        </Point>
      </Placemark>
      <Placemark>
        <name>緑ヶ丘みなみ公園</name>
        <description><![CDATA[説明: 冬期開放: <br>冬期未開放: ◯<br>身障者対応: <br>身障者非対応: ◯<br>種別: 2.冬期未開放(身障者非対応)<br>冬期開放: <br>冬期未開放: ◯<br>身障者対応: <br>身障者非対応: ◯<br>種別: 2.冬期未開放(身障者非対応)]]></description>
        <styleUrl>#icon-1733-1A237E</styleUrl>
        <ExtendedData>
          <Data name="説明">
            <value>冬期開放: 
冬期未開放: ◯
身障者対応: 
身障者非対応: ◯
種別: 2.冬期未開放(身障者非対応)</value>
          </Data>
          <Data name="冬期開放">
            <value/>
          </Data>
          <Data name="冬期未開放">
            <value>◯</value>
          </Data>
          <Data name="身障者対応">
            <value/>
          </Data>
          <Data name="身障者非対応">
            <value>◯</value>
          </Data>
          <Data name="種別">
            <value>2.冬期未開放(身障者非対応)</value>
          </Data>
        </ExtendedData>
        <Point>
          <coordinates>
            141.369101,42.991739,0
          </coordinates>
        </Point>
      </Placemark>
      <Placemark>
        <name>澄川あじさい公園</name>
        <description><![CDATA[説明: 冬期開放: <br>冬期未開放: ◯<br>身障者対応: <br>身障者非対応: ◯<br>種別: 2.冬期未開放(身障者非対応)<br>冬期開放: <br>冬期未開放: ◯<br>身障者対応: <br>身障者非対応: ◯<br>種別: 2.冬期未開放(身障者非対応)]]></description>
        <styleUrl>#icon-1733-1A237E</styleUrl>
        <ExtendedData>
          <Data name="説明">
            <value>冬期開放: 
冬期未開放: ◯
身障者対応: 
身障者非対応: ◯
種別: 2.冬期未開放(身障者非対応)</value>
          </Data>
          <Data name="冬期開放">
            <value/>
          </Data>
          <Data name="冬期未開放">
            <value>◯</value>
          </Data>
          <Data name="身障者対応">
            <value/>
          </Data>
          <Data name="身障者非対応">
            <value>◯</value>
          </Data>
          <Data name="種別">
            <value>2.冬期未開放(身障者非対応)</value>
          </Data>
        </ExtendedData>
        <Point>
          <coordinates>
            141.361544,43.010981,0
          </coordinates>
        </Point>
      </Placemark>
      <Placemark>
        <name>定山渓岩戸公園</name>
        <description><![CDATA[説明: 冬期開放: <br>冬期未開放: ◯<br>身障者対応: <br>身障者非対応: ◯<br>種別: 2.冬期未開放(身障者非対応)<br>冬期開放: <br>冬期未開放: ◯<br>身障者対応: <br>身障者非対応: ◯<br>種別: 2.冬期未開放(身障者非対応)]]></description>
        <styleUrl>#icon-1733-1A237E</styleUrl>
        <ExtendedData>
          <Data name="説明">
            <value>冬期開放: 
冬期未開放: ◯
身障者対応: 
身障者非対応: ◯
種別: 2.冬期未開放(身障者非対応)</value>
          </Data>
          <Data name="冬期開放">
            <value/>
          </Data>
          <Data name="冬期未開放">
            <value>◯</value>
          </Data>
          <Data name="身障者対応">
            <value/>
          </Data>
          <Data name="身障者非対応">
            <value>◯</value>
          </Data>
          <Data name="種別">
            <value>2.冬期未開放(身障者非対応)</value>
          </Data>
        </ExtendedData>
        <Point>
          <coordinates>
            141.160994,42.967065,0
          </coordinates>
        </Point>
      </Placemark>
      <Placemark>
        <name>川沿さふらん公園</name>
        <description><![CDATA[説明: 冬期開放: <br>冬期未開放: ◯<br>身障者対応: <br>身障者非対応: ◯<br>種別: 2.冬期未開放(身障者非対応)<br>冬期開放: <br>冬期未開放: ◯<br>身障者対応: <br>身障者非対応: ◯<br>種別: 2.冬期未開放(身障者非対応)]]></description>
        <styleUrl>#icon-1733-1A237E</styleUrl>
        <ExtendedData>
          <Data name="説明">
            <value>冬期開放: 
冬期未開放: ◯
身障者対応: 
身障者非対応: ◯
種別: 2.冬期未開放(身障者非対応)</value>
          </Data>
          <Data name="冬期開放">
            <value/>
          </Data>
          <Data name="冬期未開放">
            <value>◯</value>
          </Data>
          <Data name="身障者対応">
            <value/>
          </Data>
          <Data name="身障者非対応">
            <value>◯</value>
          </Data>
          <Data name="種別">
            <value>2.冬期未開放(身障者非対応)</value>
          </Data>
        </ExtendedData>
        <Point>
          <coordinates>
            141.329724,42.989591,0
          </coordinates>
        </Point>
      </Placemark>
      <Placemark>
        <name>澄川ふれあい公園</name>
        <description><![CDATA[説明: 冬期開放: <br>冬期未開放: ◯<br>身障者対応: <br>身障者非対応: ◯<br>種別: 2.冬期未開放(身障者非対応)<br>冬期開放: <br>冬期未開放: ◯<br>身障者対応: <br>身障者非対応: ◯<br>種別: 2.冬期未開放(身障者非対応)]]></description>
        <styleUrl>#icon-1733-1A237E</styleUrl>
        <ExtendedData>
          <Data name="説明">
            <value>冬期開放: 
冬期未開放: ◯
身障者対応: 
身障者非対応: ◯
種別: 2.冬期未開放(身障者非対応)</value>
          </Data>
          <Data name="冬期開放">
            <value/>
          </Data>
          <Data name="冬期未開放">
            <value>◯</value>
          </Data>
          <Data name="身障者対応">
            <value/>
          </Data>
          <Data name="身障者非対応">
            <value>◯</value>
          </Data>
          <Data name="種別">
            <value>2.冬期未開放(身障者非対応)</value>
          </Data>
        </ExtendedData>
        <Point>
          <coordinates>
            141.362538,43.014979,0
          </coordinates>
        </Point>
      </Placemark>
      <Placemark>
        <name>硬石山こばと公園</name>
        <description><![CDATA[説明: 冬期開放: <br>冬期未開放: ◯<br>身障者対応: <br>身障者非対応: ◯<br>種別: 2.冬期未開放(身障者非対応)<br>冬期開放: <br>冬期未開放: ◯<br>身障者対応: <br>身障者非対応: ◯<br>種別: 2.冬期未開放(身障者非対応)]]></description>
        <styleUrl>#icon-1733-1A237E</styleUrl>
        <ExtendedData>
          <Data name="説明">
            <value>冬期開放: 
冬期未開放: ◯
身障者対応: 
身障者非対応: ◯
種別: 2.冬期未開放(身障者非対応)</value>
          </Data>
          <Data name="冬期開放">
            <value/>
          </Data>
          <Data name="冬期未開放">
            <value>◯</value>
          </Data>
          <Data name="身障者対応">
            <value/>
          </Data>
          <Data name="身障者非対応">
            <value>◯</value>
          </Data>
          <Data name="種別">
            <value>2.冬期未開放(身障者非対応)</value>
          </Data>
        </ExtendedData>
        <Point>
          <coordinates>
            141.334194,42.976105,0
          </coordinates>
        </Point>
      </Placemark>
      <Placemark>
        <name>簾舞宮の上公園</name>
        <description><![CDATA[説明: 冬期開放: <br>冬期未開放: ◯<br>身障者対応: <br>身障者非対応: ◯<br>種別: 2.冬期未開放(身障者非対応)<br>冬期開放: <br>冬期未開放: ◯<br>身障者対応: <br>身障者非対応: ◯<br>種別: 2.冬期未開放(身障者非対応)]]></description>
        <styleUrl>#icon-1733-1A237E</styleUrl>
        <ExtendedData>
          <Data name="説明">
            <value>冬期開放: 
冬期未開放: ◯
身障者対応: 
身障者非対応: ◯
種別: 2.冬期未開放(身障者非対応)</value>
          </Data>
          <Data name="冬期開放">
            <value/>
          </Data>
          <Data name="冬期未開放">
            <value>◯</value>
          </Data>
          <Data name="身障者対応">
            <value/>
          </Data>
          <Data name="身障者非対応">
            <value>◯</value>
          </Data>
          <Data name="種別">
            <value>2.冬期未開放(身障者非対応)</value>
          </Data>
        </ExtendedData>
        <Point>
          <coordinates>
            141.258721,42.959321,0
          </coordinates>
        </Point>
      </Placemark>
      <Placemark>
        <name>石山グリーン公園</name>
        <description><![CDATA[説明: 冬期開放: <br>冬期未開放: ◯<br>身障者対応: <br>身障者非対応: ◯<br>種別: 2.冬期未開放(身障者非対応)<br>冬期開放: <br>冬期未開放: ◯<br>身障者対応: <br>身障者非対応: ◯<br>種別: 2.冬期未開放(身障者非対応)]]></description>
        <styleUrl>#icon-1733-1A237E</styleUrl>
        <ExtendedData>
          <Data name="説明">
            <value>冬期開放: 
冬期未開放: ◯
身障者対応: 
身障者非対応: ◯
種別: 2.冬期未開放(身障者非対応)</value>
          </Data>
          <Data name="冬期開放">
            <value/>
          </Data>
          <Data name="冬期未開放">
            <value>◯</value>
          </Data>
          <Data name="身障者対応">
            <value/>
          </Data>
          <Data name="身障者非対応">
            <value>◯</value>
          </Data>
          <Data name="種別">
            <value>2.冬期未開放(身障者非対応)</value>
          </Data>
        </ExtendedData>
        <Point>
          <coordinates>
            141.323221,42.960481,0
          </coordinates>
        </Point>
      </Placemark>
      <Placemark>
        <name>石山こだま公園</name>
        <description><![CDATA[説明: 冬期開放: <br>冬期未開放: ◯<br>身障者対応: ◯<br>身障者非対応: <br>種別: 4.身障者対応(冬期未開放)<br>冬期開放: <br>冬期未開放: ◯<br>身障者対応: ◯<br>身障者非対応: <br>種別: 4.身障者対応(冬期未開放)]]></description>
        <styleUrl>#icon-1735-1A237E</styleUrl>
        <ExtendedData>
          <Data name="説明">
            <value>冬期開放: 
冬期未開放: ◯
身障者対応: ◯
身障者非対応: 
種別: 4.身障者対応(冬期未開放)</value>
          </Data>
          <Data name="冬期開放">
            <value/>
          </Data>
          <Data name="冬期未開放">
            <value>◯</value>
          </Data>
          <Data name="身障者対応">
            <value>◯</value>
          </Data>
          <Data name="身障者非対応">
            <value/>
          </Data>
          <Data name="種別">
            <value>4.身障者対応(冬期未開放)</value>
          </Data>
        </ExtendedData>
        <Point>
          <coordinates>
            141.345601,42.963124,0
          </coordinates>
        </Point>
      </Placemark>
      <Placemark>
        <name>南沢あすなろ公園</name>
        <description><![CDATA[説明: 冬期開放: <br>冬期未開放: ◯<br>身障者対応: <br>身障者非対応: ◯<br>種別: 2.冬期未開放(身障者非対応)<br>冬期開放: <br>冬期未開放: ◯<br>身障者対応: <br>身障者非対応: ◯<br>種別: 2.冬期未開放(身障者非対応)]]></description>
        <styleUrl>#icon-1733-1A237E</styleUrl>
        <ExtendedData>
          <Data name="説明">
            <value>冬期開放: 
冬期未開放: ◯
身障者対応: 
身障者非対応: ◯
種別: 2.冬期未開放(身障者非対応)</value>
          </Data>
          <Data name="冬期開放">
            <value/>
          </Data>
          <Data name="冬期未開放">
            <value>◯</value>
          </Data>
          <Data name="身障者対応">
            <value/>
          </Data>
          <Data name="身障者非対応">
            <value>◯</value>
          </Data>
          <Data name="種別">
            <value>2.冬期未開放(身障者非対応)</value>
          </Data>
        </ExtendedData>
        <Point>
          <coordinates>
            141.317708,42.984559,0
          </coordinates>
        </Point>
      </Placemark>
      <Placemark>
        <name>澄川若草公園</name>
        <description><![CDATA[説明: 冬期開放: <br>冬期未開放: ◯<br>身障者対応: <br>身障者非対応: ◯<br>種別: 2.冬期未開放(身障者非対応)<br>冬期開放: <br>冬期未開放: ◯<br>身障者対応: <br>身障者非対応: ◯<br>種別: 2.冬期未開放(身障者非対応)]]></description>
        <styleUrl>#icon-1733-1A237E</styleUrl>
        <ExtendedData>
          <Data name="説明">
            <value>冬期開放: 
冬期未開放: ◯
身障者対応: 
身障者非対応: ◯
種別: 2.冬期未開放(身障者非対応)</value>
          </Data>
          <Data name="冬期開放">
            <value/>
          </Data>
          <Data name="冬期未開放">
            <value>◯</value>
          </Data>
          <Data name="身障者対応">
            <value/>
          </Data>
          <Data name="身障者非対応">
            <value>◯</value>
          </Data>
          <Data name="種別">
            <value>2.冬期未開放(身障者非対応)</value>
          </Data>
        </ExtendedData>
        <Point>
          <coordinates>
            141.370202,43.01686,0
          </coordinates>
        </Point>
      </Placemark>
      <Placemark>
        <name>上町公園</name>
        <description><![CDATA[説明: 冬期開放: ◯<br>冬期未開放: <br>身障者対応: ◯<br>身障者非対応: <br>種別: 3.身障者対応(冬期開放)<br>冬期開放: ◯<br>冬期未開放: <br>身障者対応: ◯<br>身障者非対応: <br>種別: 3.身障者対応(冬期開放)]]></description>
        <styleUrl>#icon-1735-A52714</styleUrl>
        <ExtendedData>
          <Data name="説明">
            <value>冬期開放: ◯
冬期未開放: 
身障者対応: ◯
身障者非対応: 
種別: 3.身障者対応(冬期開放)</value>
          </Data>
          <Data name="冬期開放">
            <value>◯</value>
          </Data>
          <Data name="冬期未開放">
            <value/>
          </Data>
          <Data name="身障者対応">
            <value>◯</value>
          </Data>
          <Data name="身障者非対応">
            <value/>
          </Data>
          <Data name="種別">
            <value>3.身障者対応(冬期開放)</value>
          </Data>
        </ExtendedData>
        <Point>
          <coordinates>
            141.354456,42.995071,0
          </coordinates>
        </Point>
      </Placemark>
      <Placemark>
        <name>緑ヶ丘きた公園</name>
        <description><![CDATA[説明: 冬期開放: <br>冬期未開放: ◯<br>身障者対応: ◯<br>身障者非対応: <br>種別: 4.身障者対応(冬期未開放)<br>冬期開放: <br>冬期未開放: ◯<br>身障者対応: ◯<br>身障者非対応: <br>種別: 4.身障者対応(冬期未開放)]]></description>
        <styleUrl>#icon-1735-1A237E</styleUrl>
        <ExtendedData>
          <Data name="説明">
            <value>冬期開放: 
冬期未開放: ◯
身障者対応: ◯
身障者非対応: 
種別: 4.身障者対応(冬期未開放)</value>
          </Data>
          <Data name="冬期開放">
            <value/>
          </Data>
          <Data name="冬期未開放">
            <value>◯</value>
          </Data>
          <Data name="身障者対応">
            <value>◯</value>
          </Data>
          <Data name="身障者非対応">
            <value/>
          </Data>
          <Data name="種別">
            <value>4.身障者対応(冬期未開放)</value>
          </Data>
        </ExtendedData>
        <Point>
          <coordinates>
            141.368587,43.000647,0
          </coordinates>
        </Point>
      </Placemark>
      <Placemark>
        <name>真駒内第1公園</name>
        <description><![CDATA[説明: 冬期開放: ◯<br>冬期未開放: <br>身障者対応: ◯<br>身障者非対応: <br>種別: 3.身障者対応(冬期開放)<br>冬期開放: ◯<br>冬期未開放: <br>身障者対応: ◯<br>身障者非対応: <br>種別: 3.身障者対応(冬期開放)]]></description>
        <styleUrl>#icon-1735-A52714</styleUrl>
        <ExtendedData>
          <Data name="説明">
            <value>冬期開放: ◯
冬期未開放: 
身障者対応: ◯
身障者非対応: 
種別: 3.身障者対応(冬期開放)</value>
          </Data>
          <Data name="冬期開放">
            <value>◯</value>
          </Data>
          <Data name="冬期未開放">
            <value/>
          </Data>
          <Data name="身障者対応">
            <value>◯</value>
          </Data>
          <Data name="身障者非対応">
            <value/>
          </Data>
          <Data name="種別">
            <value>3.身障者対応(冬期開放)</value>
          </Data>
        </ExtendedData>
        <Point>
          <coordinates>
            141.348482,43.003285,0
          </coordinates>
        </Point>
      </Placemark>
      <Placemark>
        <name>千秋公園</name>
        <description><![CDATA[説明: 冬期開放: ◯<br>冬期未開放: <br>身障者対応: ◯<br>身障者非対応: <br>種別: 3.身障者対応(冬期開放)<br>冬期開放: ◯<br>冬期未開放: <br>身障者対応: ◯<br>身障者非対応: <br>種別: 3.身障者対応(冬期開放)]]></description>
        <styleUrl>#icon-1735-A52714</styleUrl>
        <ExtendedData>
          <Data name="説明">
            <value>冬期開放: ◯
冬期未開放: 
身障者対応: ◯
身障者非対応: 
種別: 3.身障者対応(冬期開放)</value>
          </Data>
          <Data name="冬期開放">
            <value>◯</value>
          </Data>
          <Data name="冬期未開放">
            <value/>
          </Data>
          <Data name="身障者対応">
            <value>◯</value>
          </Data>
          <Data name="身障者非対応">
            <value/>
          </Data>
          <Data name="種別">
            <value>3.身障者対応(冬期開放)</value>
          </Data>
        </ExtendedData>
        <Point>
          <coordinates>
            141.372086,43.013093,0
          </coordinates>
        </Point>
      </Placemark>
      <Placemark>
        <name>泉町公園</name>
        <description><![CDATA[説明: 冬期開放: ◯<br>冬期未開放: <br>身障者対応: ◯<br>身障者非対応: <br>種別: 3.身障者対応(冬期開放)<br>冬期開放: ◯<br>冬期未開放: <br>身障者対応: ◯<br>身障者非対応: <br>種別: 3.身障者対応(冬期開放)]]></description>
        <styleUrl>#icon-1735-A52714</styleUrl>
        <ExtendedData>
          <Data name="説明">
            <value>冬期開放: ◯
冬期未開放: 
身障者対応: ◯
身障者非対応: 
種別: 3.身障者対応(冬期開放)</value>
          </Data>
          <Data name="冬期開放">
            <value>◯</value>
          </Data>
          <Data name="冬期未開放">
            <value/>
          </Data>
          <Data name="身障者対応">
            <value>◯</value>
          </Data>
          <Data name="身障者非対応">
            <value/>
          </Data>
          <Data name="種別">
            <value>3.身障者対応(冬期開放)</value>
          </Data>
        </ExtendedData>
        <Point>
          <coordinates>
            141.35329,42.984453,0
          </coordinates>
        </Point>
      </Placemark>
      <Placemark>
        <name>緑ヶ丘にし公園</name>
        <description><![CDATA[説明: 冬期開放: <br>冬期未開放: ◯<br>身障者対応: <br>身障者非対応: ◯<br>種別: 2.冬期未開放(身障者非対応)<br>冬期開放: <br>冬期未開放: ◯<br>身障者対応: <br>身障者非対応: ◯<br>種別: 2.冬期未開放(身障者非対応)]]></description>
        <styleUrl>#icon-1733-1A237E</styleUrl>
        <ExtendedData>
          <Data name="説明">
            <value>冬期開放: 
冬期未開放: ◯
身障者対応: 
身障者非対応: ◯
種別: 2.冬期未開放(身障者非対応)</value>
          </Data>
          <Data name="冬期開放">
            <value/>
          </Data>
          <Data name="冬期未開放">
            <value>◯</value>
          </Data>
          <Data name="身障者対応">
            <value/>
          </Data>
          <Data name="身障者非対応">
            <value>◯</value>
          </Data>
          <Data name="種別">
            <value>2.冬期未開放(身障者非対応)</value>
          </Data>
        </ExtendedData>
        <Point>
          <coordinates>
            141.367416,42.994514,0
          </coordinates>
        </Point>
      </Placemark>
      <Placemark>
        <name>北の沢山の子公園</name>
        <description><![CDATA[説明: 冬期開放: <br>冬期未開放: ◯<br>身障者対応: <br>身障者非対応: ◯<br>種別: 2.冬期未開放(身障者非対応)<br>冬期開放: <br>冬期未開放: ◯<br>身障者対応: <br>身障者非対応: ◯<br>種別: 2.冬期未開放(身障者非対応)]]></description>
        <styleUrl>#icon-1733-1A237E</styleUrl>
        <ExtendedData>
          <Data name="説明">
            <value>冬期開放: 
冬期未開放: ◯
身障者対応: 
身障者非対応: ◯
種別: 2.冬期未開放(身障者非対応)</value>
          </Data>
          <Data name="冬期開放">
            <value/>
          </Data>
          <Data name="冬期未開放">
            <value>◯</value>
          </Data>
          <Data name="身障者対応">
            <value/>
          </Data>
          <Data name="身障者非対応">
            <value>◯</value>
          </Data>
          <Data name="種別">
            <value>2.冬期未開放(身障者非対応)</value>
          </Data>
        </ExtendedData>
        <Point>
          <coordinates>
            141.324217,43.002461,0
          </coordinates>
        </Point>
      </Placemark>
      <Placemark>
        <name>南沢公園</name>
        <description><![CDATA[説明: 冬期開放: <br>冬期未開放: ◯<br>身障者対応: <br>身障者非対応: ◯<br>種別: 2.冬期未開放(身障者非対応)<br>冬期開放: <br>冬期未開放: ◯<br>身障者対応: <br>身障者非対応: ◯<br>種別: 2.冬期未開放(身障者非対応)]]></description>
        <styleUrl>#icon-1733-1A237E</styleUrl>
        <ExtendedData>
          <Data name="説明">
            <value>冬期開放: 
冬期未開放: ◯
身障者対応: 
身障者非対応: ◯
種別: 2.冬期未開放(身障者非対応)</value>
          </Data>
          <Data name="冬期開放">
            <value/>
          </Data>
          <Data name="冬期未開放">
            <value>◯</value>
          </Data>
          <Data name="身障者対応">
            <value/>
          </Data>
          <Data name="身障者非対応">
            <value>◯</value>
          </Data>
          <Data name="種別">
            <value>2.冬期未開放(身障者非対応)</value>
          </Data>
        </ExtendedData>
        <Point>
          <coordinates>
            141.312959,42.987851,0
          </coordinates>
        </Point>
      </Placemark>
      <Placemark>
        <name>南こども公園</name>
        <description><![CDATA[説明: 冬期開放: ◯<br>冬期未開放: <br>身障者対応: ◯<br>身障者非対応: <br>種別: 3.身障者対応(冬期開放)<br>冬期開放: ◯<br>冬期未開放: <br>身障者対応: ◯<br>身障者非対応: <br>種別: 3.身障者対応(冬期開放)]]></description>
        <styleUrl>#icon-1735-A52714</styleUrl>
        <ExtendedData>
          <Data name="説明">
            <value>冬期開放: ◯
冬期未開放: 
身障者対応: ◯
身障者非対応: 
種別: 3.身障者対応(冬期開放)</value>
          </Data>
          <Data name="冬期開放">
            <value>◯</value>
          </Data>
          <Data name="冬期未開放">
            <value/>
          </Data>
          <Data name="身障者対応">
            <value>◯</value>
          </Data>
          <Data name="身障者非対応">
            <value/>
          </Data>
          <Data name="種別">
            <value>3.身障者対応(冬期開放)</value>
          </Data>
        </ExtendedData>
        <Point>
          <coordinates>
            141.350919,43.014975,0
          </coordinates>
        </Point>
      </Placemark>
      <Placemark>
        <name>定山渓大橋公園</name>
        <description><![CDATA[説明: 冬期開放: <br>冬期未開放: ◯<br>身障者対応: <br>身障者非対応: ◯<br>種別: 2.冬期未開放(身障者非対応)<br>冬期開放: <br>冬期未開放: ◯<br>身障者対応: <br>身障者非対応: ◯<br>種別: 2.冬期未開放(身障者非対応)]]></description>
        <styleUrl>#icon-1733-1A237E</styleUrl>
        <ExtendedData>
          <Data name="説明">
            <value>冬期開放: 
冬期未開放: ◯
身障者対応: 
身障者非対応: ◯
種別: 2.冬期未開放(身障者非対応)</value>
          </Data>
          <Data name="冬期開放">
            <value/>
          </Data>
          <Data name="冬期未開放">
            <value>◯</value>
          </Data>
          <Data name="身障者対応">
            <value/>
          </Data>
          <Data name="身障者非対応">
            <value>◯</value>
          </Data>
          <Data name="種別">
            <value>2.冬期未開放(身障者非対応)</value>
          </Data>
        </ExtendedData>
        <Point>
          <coordinates>
            141.165488,42.968617,0
          </coordinates>
        </Point>
      </Placemark>
      <Placemark>
        <name>澄川せせらぎ公園</name>
        <description><![CDATA[説明: 冬期開放: <br>冬期未開放: ◯<br>身障者対応: ◯<br>身障者非対応: <br>種別: 4.身障者対応(冬期未開放)<br>冬期開放: <br>冬期未開放: ◯<br>身障者対応: ◯<br>身障者非対応: <br>種別: 4.身障者対応(冬期未開放)]]></description>
        <styleUrl>#icon-1735-1A237E</styleUrl>
        <ExtendedData>
          <Data name="説明">
            <value>冬期開放: 
冬期未開放: ◯
身障者対応: ◯
身障者非対応: 
種別: 4.身障者対応(冬期未開放)</value>
          </Data>
          <Data name="冬期開放">
            <value/>
          </Data>
          <Data name="冬期未開放">
            <value>◯</value>
          </Data>
          <Data name="身障者対応">
            <value>◯</value>
          </Data>
          <Data name="身障者非対応">
            <value/>
          </Data>
          <Data name="種別">
            <value>4.身障者対応(冬期未開放)</value>
          </Data>
        </ExtendedData>
        <Point>
          <coordinates>
            141.364818,42.997438,0
          </coordinates>
        </Point>
      </Placemark>
      <Placemark>
        <name>ときわみはらし公園</name>
        <description><![CDATA[説明: 冬期開放: <br>冬期未開放: ◯<br>身障者対応: <br>身障者非対応: ◯<br>種別: 2.冬期未開放(身障者非対応)<br>冬期開放: <br>冬期未開放: ◯<br>身障者対応: <br>身障者非対応: ◯<br>種別: 2.冬期未開放(身障者非対応)]]></description>
        <styleUrl>#icon-1733-1A237E</styleUrl>
        <ExtendedData>
          <Data name="説明">
            <value>冬期開放: 
冬期未開放: ◯
身障者対応: 
身障者非対応: ◯
種別: 2.冬期未開放(身障者非対応)</value>
          </Data>
          <Data name="冬期開放">
            <value/>
          </Data>
          <Data name="冬期未開放">
            <value>◯</value>
          </Data>
          <Data name="身障者対応">
            <value/>
          </Data>
          <Data name="身障者非対応">
            <value>◯</value>
          </Data>
          <Data name="種別">
            <value>2.冬期未開放(身障者非対応)</value>
          </Data>
        </ExtendedData>
        <Point>
          <coordinates>
            141.349376,42.946324,0
          </coordinates>
        </Point>
      </Placemark>
      <Placemark>
        <name>南沢東台公園</name>
        <description><![CDATA[説明: 冬期開放: <br>冬期未開放: ◯<br>身障者対応: ◯<br>身障者非対応: <br>種別: 4.身障者対応(冬期未開放)<br>冬期開放: <br>冬期未開放: ◯<br>身障者対応: ◯<br>身障者非対応: <br>種別: 4.身障者対応(冬期未開放)]]></description>
        <styleUrl>#icon-1735-1A237E</styleUrl>
        <ExtendedData>
          <Data name="説明">
            <value>冬期開放: 
冬期未開放: ◯
身障者対応: ◯
身障者非対応: 
種別: 4.身障者対応(冬期未開放)</value>
          </Data>
          <Data name="冬期開放">
            <value/>
          </Data>
          <Data name="冬期未開放">
            <value>◯</value>
          </Data>
          <Data name="身障者対応">
            <value>◯</value>
          </Data>
          <Data name="身障者非対応">
            <value/>
          </Data>
          <Data name="種別">
            <value>4.身障者対応(冬期未開放)</value>
          </Data>
        </ExtendedData>
        <Point>
          <coordinates>
            141.314951,42.990629,0
          </coordinates>
        </Point>
      </Placemark>
      <Placemark>
        <name>ときわアートの丘公園</name>
        <description><![CDATA[説明: 冬期開放: <br>冬期未開放: ◯<br>身障者対応: ◯<br>身障者非対応: <br>種別: 4.身障者対応(冬期未開放)<br>冬期開放: <br>冬期未開放: ◯<br>身障者対応: ◯<br>身障者非対応: <br>種別: 4.身障者対応(冬期未開放)]]></description>
        <styleUrl>#icon-1735-1A237E</styleUrl>
        <ExtendedData>
          <Data name="説明">
            <value>冬期開放: 
冬期未開放: ◯
身障者対応: ◯
身障者非対応: 
種別: 4.身障者対応(冬期未開放)</value>
          </Data>
          <Data name="冬期開放">
            <value/>
          </Data>
          <Data name="冬期未開放">
            <value>◯</value>
          </Data>
          <Data name="身障者対応">
            <value>◯</value>
          </Data>
          <Data name="身障者非対応">
            <value/>
          </Data>
          <Data name="種別">
            <value>4.身障者対応(冬期未開放)</value>
          </Data>
        </ExtendedData>
        <Point>
          <coordinates>
            141.35226,42.94518,0
          </coordinates>
        </Point>
      </Placemark>
      <Placemark>
        <name>澄川五差路記念公園</name>
        <description><![CDATA[説明: 冬期開放: <br>冬期未開放: ◯<br>身障者対応: <br>身障者非対応: ◯<br>種別: 2.冬期未開放(身障者非対応)<br>冬期開放: <br>冬期未開放: ◯<br>身障者対応: <br>身障者非対応: ◯<br>種別: 2.冬期未開放(身障者非対応)]]></description>
        <styleUrl>#icon-1733-1A237E</styleUrl>
        <ExtendedData>
          <Data name="説明">
            <value>冬期開放: 
冬期未開放: ◯
身障者対応: 
身障者非対応: ◯
種別: 2.冬期未開放(身障者非対応)</value>
          </Data>
          <Data name="冬期開放">
            <value/>
          </Data>
          <Data name="冬期未開放">
            <value>◯</value>
          </Data>
          <Data name="身障者対応">
            <value/>
          </Data>
          <Data name="身障者非対応">
            <value>◯</value>
          </Data>
          <Data name="種別">
            <value>2.冬期未開放(身障者非対応)</value>
          </Data>
        </ExtendedData>
        <Point>
          <coordinates>
            141.371127,43.001349,0
          </coordinates>
        </Point>
      </Placemark>
      <Placemark>
        <name>南35条みゆき公園</name>
        <description><![CDATA[説明: 冬期開放: <br>冬期未開放: ◯<br>身障者対応: <br>身障者非対応: ◯<br>種別: 2.冬期未開放(身障者非対応)<br>冬期開放: <br>冬期未開放: ◯<br>身障者対応: <br>身障者非対応: ◯<br>種別: 2.冬期未開放(身障者非対応)]]></description>
        <styleUrl>#icon-1733-1A237E</styleUrl>
        <ExtendedData>
          <Data name="説明">
            <value>冬期開放: 
冬期未開放: ◯
身障者対応: 
身障者非対応: ◯
種別: 2.冬期未開放(身障者非対応)</value>
          </Data>
          <Data name="冬期開放">
            <value/>
          </Data>
          <Data name="冬期未開放">
            <value>◯</value>
          </Data>
          <Data name="身障者対応">
            <value/>
          </Data>
          <Data name="身障者非対応">
            <value>◯</value>
          </Data>
          <Data name="種別">
            <value>2.冬期未開放(身障者非対応)</value>
          </Data>
        </ExtendedData>
        <Point>
          <coordinates>
            141.347637,43.009729,0
          </coordinates>
        </Point>
      </Placemark>
      <Placemark>
        <name>石山ほのぼの公園</name>
        <description><![CDATA[説明: 冬期開放: <br>冬期未開放: ◯<br>身障者対応: <br>身障者非対応: ◯<br>種別: 2.冬期未開放(身障者非対応)<br>冬期開放: <br>冬期未開放: ◯<br>身障者対応: <br>身障者非対応: ◯<br>種別: 2.冬期未開放(身障者非対応)]]></description>
        <styleUrl>#icon-1733-1A237E</styleUrl>
        <ExtendedData>
          <Data name="説明">
            <value>冬期開放: 
冬期未開放: ◯
身障者対応: 
身障者非対応: ◯
種別: 2.冬期未開放(身障者非対応)</value>
          </Data>
          <Data name="冬期開放">
            <value/>
          </Data>
          <Data name="冬期未開放">
            <value>◯</value>
          </Data>
          <Data name="身障者対応">
            <value/>
          </Data>
          <Data name="身障者非対応">
            <value>◯</value>
          </Data>
          <Data name="種別">
            <value>2.冬期未開放(身障者非対応)</value>
          </Data>
        </ExtendedData>
        <Point>
          <coordinates>
            141.325768,42.960389,0
          </coordinates>
        </Point>
      </Placemark>
      <Placemark>
        <name>石山みはらし公園</name>
        <description><![CDATA[説明: 冬期開放: <br>冬期未開放: ◯<br>身障者対応: <br>身障者非対応: ◯<br>種別: 2.冬期未開放(身障者非対応)<br>冬期開放: <br>冬期未開放: ◯<br>身障者対応: <br>身障者非対応: ◯<br>種別: 2.冬期未開放(身障者非対応)]]></description>
        <styleUrl>#icon-1733-1A237E</styleUrl>
        <ExtendedData>
          <Data name="説明">
            <value>冬期開放: 
冬期未開放: ◯
身障者対応: 
身障者非対応: ◯
種別: 2.冬期未開放(身障者非対応)</value>
          </Data>
          <Data name="冬期開放">
            <value/>
          </Data>
          <Data name="冬期未開放">
            <value>◯</value>
          </Data>
          <Data name="身障者対応">
            <value/>
          </Data>
          <Data name="身障者非対応">
            <value>◯</value>
          </Data>
          <Data name="種別">
            <value>2.冬期未開放(身障者非対応)</value>
          </Data>
        </ExtendedData>
        <Point>
          <coordinates>
            141.345597,42.97141,0
          </coordinates>
        </Point>
      </Placemark>
      <Placemark>
        <name>真駒内本町公園</name>
        <description><![CDATA[説明: 冬期開放: <br>冬期未開放: ◯<br>身障者対応: <br>身障者非対応: ◯<br>種別: 2.冬期未開放(身障者非対応)<br>冬期開放: <br>冬期未開放: ◯<br>身障者対応: <br>身障者非対応: ◯<br>種別: 2.冬期未開放(身障者非対応)]]></description>
        <styleUrl>#icon-1733-1A237E</styleUrl>
        <ExtendedData>
          <Data name="説明">
            <value>冬期開放: 
冬期未開放: ◯
身障者対応: 
身障者非対応: ◯
種別: 2.冬期未開放(身障者非対応)</value>
          </Data>
          <Data name="冬期開放">
            <value/>
          </Data>
          <Data name="冬期未開放">
            <value>◯</value>
          </Data>
          <Data name="身障者対応">
            <value/>
          </Data>
          <Data name="身障者非対応">
            <value>◯</value>
          </Data>
          <Data name="種別">
            <value>2.冬期未開放(身障者非対応)</value>
          </Data>
        </ExtendedData>
        <Point>
          <coordinates>
            141.346515,43.002401,0
          </coordinates>
        </Point>
      </Placemark>
      <Placemark>
        <name>ふじの高台公園</name>
        <description><![CDATA[説明: 冬期開放: <br>冬期未開放: ◯<br>身障者対応: ◯<br>身障者非対応: <br>種別: 4.身障者対応(冬期未開放)<br>冬期開放: <br>冬期未開放: ◯<br>身障者対応: ◯<br>身障者非対応: <br>種別: 4.身障者対応(冬期未開放)]]></description>
        <styleUrl>#icon-1735-1A237E</styleUrl>
        <ExtendedData>
          <Data name="説明">
            <value>冬期開放: 
冬期未開放: ◯
身障者対応: ◯
身障者非対応: 
種別: 4.身障者対応(冬期未開放)</value>
          </Data>
          <Data name="冬期開放">
            <value/>
          </Data>
          <Data name="冬期未開放">
            <value>◯</value>
          </Data>
          <Data name="身障者対応">
            <value>◯</value>
          </Data>
          <Data name="身障者非対応">
            <value/>
          </Data>
          <Data name="種別">
            <value>4.身障者対応(冬期未開放)</value>
          </Data>
        </ExtendedData>
        <Point>
          <coordinates>
            141.292486,42.95911,0
          </coordinates>
        </Point>
      </Placemark>
      <Placemark>
        <name>中ノ沢かえで公園</name>
        <description><![CDATA[説明: 冬期開放: <br>冬期未開放: ◯<br>身障者対応: <br>身障者非対応: ◯<br>種別: 2.冬期未開放(身障者非対応)<br>冬期開放: <br>冬期未開放: ◯<br>身障者対応: <br>身障者非対応: ◯<br>種別: 2.冬期未開放(身障者非対応)]]></description>
        <styleUrl>#icon-1733-1A237E</styleUrl>
        <ExtendedData>
          <Data name="説明">
            <value>冬期開放: 
冬期未開放: ◯
身障者対応: 
身障者非対応: ◯
種別: 2.冬期未開放(身障者非対応)</value>
          </Data>
          <Data name="冬期開放">
            <value/>
          </Data>
          <Data name="冬期未開放">
            <value>◯</value>
          </Data>
          <Data name="身障者対応">
            <value/>
          </Data>
          <Data name="身障者非対応">
            <value>◯</value>
          </Data>
          <Data name="種別">
            <value>2.冬期未開放(身障者非対応)</value>
          </Data>
        </ExtendedData>
        <Point>
          <coordinates>
            141.323658,42.993997,0
          </coordinates>
        </Point>
      </Placemark>
      <Placemark>
        <name>藤ヶ丘おおぞら公園</name>
        <description><![CDATA[説明: 冬期開放: <br>冬期未開放: ◯<br>身障者対応: <br>身障者非対応: ◯<br>種別: 2.冬期未開放(身障者非対応)<br>冬期開放: <br>冬期未開放: ◯<br>身障者対応: <br>身障者非対応: ◯<br>種別: 2.冬期未開放(身障者非対応)]]></description>
        <styleUrl>#icon-1733-1A237E</styleUrl>
        <ExtendedData>
          <Data name="説明">
            <value>冬期開放: 
冬期未開放: ◯
身障者対応: 
身障者非対応: ◯
種別: 2.冬期未開放(身障者非対応)</value>
          </Data>
          <Data name="冬期開放">
            <value/>
          </Data>
          <Data name="冬期未開放">
            <value>◯</value>
          </Data>
          <Data name="身障者対応">
            <value/>
          </Data>
          <Data name="身障者非対応">
            <value>◯</value>
          </Data>
          <Data name="種別">
            <value>2.冬期未開放(身障者非対応)</value>
          </Data>
        </ExtendedData>
        <Point>
          <coordinates>
            141.297405,42.95771,0
          </coordinates>
        </Point>
      </Placemark>
      <Placemark>
        <name>精進川公園</name>
        <description><![CDATA[説明: 冬期開放: <br>冬期未開放: ◯<br>身障者対応: ◯<br>身障者非対応: <br>種別: 4.身障者対応(冬期未開放)<br>冬期開放: <br>冬期未開放: ◯<br>身障者対応: ◯<br>身障者非対応: <br>種別: 4.身障者対応(冬期未開放)]]></description>
        <styleUrl>#icon-1735-1A237E</styleUrl>
        <ExtendedData>
          <Data name="説明">
            <value>冬期開放: 
冬期未開放: ◯
身障者対応: ◯
身障者非対応: 
種別: 4.身障者対応(冬期未開放)</value>
          </Data>
          <Data name="冬期開放">
            <value/>
          </Data>
          <Data name="冬期未開放">
            <value>◯</value>
          </Data>
          <Data name="身障者対応">
            <value>◯</value>
          </Data>
          <Data name="身障者非対応">
            <value/>
          </Data>
          <Data name="種別">
            <value>4.身障者対応(冬期未開放)</value>
          </Data>
        </ExtendedData>
        <Point>
          <coordinates>
            141.362064,43.019254,0
          </coordinates>
        </Point>
      </Placemark>
      <Placemark>
        <name>もみじ台あおさぎ公園</name>
        <description><![CDATA[説明: 冬期開放: <br>冬期未開放: ◯<br>身障者対応: <br>身障者非対応: ◯<br>種別: 2.冬期未開放(身障者非対応)<br>冬期開放: <br>冬期未開放: ◯<br>身障者対応: <br>身障者非対応: ◯<br>種別: 2.冬期未開放(身障者非対応)]]></description>
        <styleUrl>#icon-1733-1A237E</styleUrl>
        <ExtendedData>
          <Data name="説明">
            <value>冬期開放: 
冬期未開放: ◯
身障者対応: 
身障者非対応: ◯
種別: 2.冬期未開放(身障者非対応)</value>
          </Data>
          <Data name="冬期開放">
            <value/>
          </Data>
          <Data name="冬期未開放">
            <value>◯</value>
          </Data>
          <Data name="身障者対応">
            <value/>
          </Data>
          <Data name="身障者非対応">
            <value>◯</value>
          </Data>
          <Data name="種別">
            <value>2.冬期未開放(身障者非対応)</value>
          </Data>
        </ExtendedData>
        <Point>
          <coordinates>
            141.500713,43.027059,0
          </coordinates>
        </Point>
      </Placemark>
      <Placemark>
        <name>旭町南こぶし公園</name>
        <description><![CDATA[説明: 冬期開放: <br>冬期未開放: ◯<br>身障者対応: <br>身障者非対応: ◯<br>種別: 2.冬期未開放(身障者非対応)<br>冬期開放: <br>冬期未開放: ◯<br>身障者対応: <br>身障者非対応: ◯<br>種別: 2.冬期未開放(身障者非対応)]]></description>
        <styleUrl>#icon-1733-1A237E</styleUrl>
        <ExtendedData>
          <Data name="説明">
            <value>冬期開放: 
冬期未開放: ◯
身障者対応: 
身障者非対応: ◯
種別: 2.冬期未開放(身障者非対応)</value>
          </Data>
          <Data name="冬期開放">
            <value/>
          </Data>
          <Data name="冬期未開放">
            <value>◯</value>
          </Data>
          <Data name="身障者対応">
            <value/>
          </Data>
          <Data name="身障者非対応">
            <value>◯</value>
          </Data>
          <Data name="種別">
            <value>2.冬期未開放(身障者非対応)</value>
          </Data>
        </ExtendedData>
        <Point>
          <coordinates>
            141.467542,43.027355,0
          </coordinates>
        </Point>
      </Placemark>
      <Placemark>
        <name>上野幌いずみ公園</name>
        <description><![CDATA[説明: 冬期開放: <br>冬期未開放: ◯<br>身障者対応: <br>身障者非対応: ◯<br>種別: 2.冬期未開放(身障者非対応)<br>冬期開放: <br>冬期未開放: ◯<br>身障者対応: <br>身障者非対応: ◯<br>種別: 2.冬期未開放(身障者非対応)]]></description>
        <styleUrl>#icon-1733-1A237E</styleUrl>
        <ExtendedData>
          <Data name="説明">
            <value>冬期開放: 
冬期未開放: ◯
身障者対応: 
身障者非対応: ◯
種別: 2.冬期未開放(身障者非対応)</value>
          </Data>
          <Data name="冬期開放">
            <value/>
          </Data>
          <Data name="冬期未開放">
            <value>◯</value>
          </Data>
          <Data name="身障者対応">
            <value/>
          </Data>
          <Data name="身障者非対応">
            <value>◯</value>
          </Data>
          <Data name="種別">
            <value>2.冬期未開放(身障者非対応)</value>
          </Data>
        </ExtendedData>
        <Point>
          <coordinates>
            141.480648,43.015727,0
          </coordinates>
        </Point>
      </Placemark>
      <Placemark>
        <name>大谷地駅前公園</name>
        <description><![CDATA[説明: 冬期開放: ◯<br>冬期未開放: <br>身障者対応: <br>身障者非対応: ◯<br>種別: 1.冬期開放(身障者非対応)<br>冬期開放: ◯<br>冬期未開放: <br>身障者対応: <br>身障者非対応: ◯<br>種別: 1.冬期開放(身障者非対応)]]></description>
        <styleUrl>#icon-1733-A52714</styleUrl>
        <ExtendedData>
          <Data name="説明">
            <value>冬期開放: ◯
冬期未開放: 
身障者対応: 
身障者非対応: ◯
種別: 1.冬期開放(身障者非対応)</value>
          </Data>
          <Data name="冬期開放">
            <value>◯</value>
          </Data>
          <Data name="冬期未開放">
            <value/>
          </Data>
          <Data name="身障者対応">
            <value/>
          </Data>
          <Data name="身障者非対応">
            <value>◯</value>
          </Data>
          <Data name="種別">
            <value>1.冬期開放(身障者非対応)</value>
          </Data>
        </ExtendedData>
        <Point>
          <coordinates>
            141.457102,43.025493,0
          </coordinates>
        </Point>
      </Placemark>
      <Placemark>
        <name>厚別北しらかば公園</name>
        <description><![CDATA[説明: 冬期開放: <br>冬期未開放: ◯<br>身障者対応: <br>身障者非対応: ◯<br>種別: 2.冬期未開放(身障者非対応)<br>冬期開放: <br>冬期未開放: ◯<br>身障者対応: <br>身障者非対応: ◯<br>種別: 2.冬期未開放(身障者非対応)]]></description>
        <styleUrl>#icon-1733-1A237E</styleUrl>
        <ExtendedData>
          <Data name="説明">
            <value>冬期開放: 
冬期未開放: ◯
身障者対応: 
身障者非対応: ◯
種別: 2.冬期未開放(身障者非対応)</value>
          </Data>
          <Data name="冬期開放">
            <value/>
          </Data>
          <Data name="冬期未開放">
            <value>◯</value>
          </Data>
          <Data name="身障者対応">
            <value/>
          </Data>
          <Data name="身障者非対応">
            <value>◯</value>
          </Data>
          <Data name="種別">
            <value>2.冬期未開放(身障者非対応)</value>
          </Data>
        </ExtendedData>
        <Point>
          <coordinates>
            141.477033,43.063129,0
          </coordinates>
        </Point>
      </Placemark>
      <Placemark>
        <name>上野幌すみれ公園</name>
        <description><![CDATA[説明: 冬期開放: <br>冬期未開放: ◯<br>身障者対応: <br>身障者非対応: ◯<br>種別: 2.冬期未開放(身障者非対応)<br>冬期開放: <br>冬期未開放: ◯<br>身障者対応: <br>身障者非対応: ◯<br>種別: 2.冬期未開放(身障者非対応)]]></description>
        <styleUrl>#icon-1733-1A237E</styleUrl>
        <ExtendedData>
          <Data name="説明">
            <value>冬期開放: 
冬期未開放: ◯
身障者対応: 
身障者非対応: ◯
種別: 2.冬期未開放(身障者非対応)</value>
          </Data>
          <Data name="冬期開放">
            <value/>
          </Data>
          <Data name="冬期未開放">
            <value>◯</value>
          </Data>
          <Data name="身障者対応">
            <value/>
          </Data>
          <Data name="身障者非対応">
            <value>◯</value>
          </Data>
          <Data name="種別">
            <value>2.冬期未開放(身障者非対応)</value>
          </Data>
        </ExtendedData>
        <Point>
          <coordinates>
            141.475266,43.024307,0
          </coordinates>
        </Point>
      </Placemark>
      <Placemark>
        <name>厚別木馬公園</name>
        <description><![CDATA[説明: 冬期開放: <br>冬期未開放: ◯<br>身障者対応: <br>身障者非対応: ◯<br>種別: 2.冬期未開放(身障者非対応)<br>冬期開放: <br>冬期未開放: ◯<br>身障者対応: <br>身障者非対応: ◯<br>種別: 2.冬期未開放(身障者非対応)]]></description>
        <styleUrl>#icon-1733-1A237E</styleUrl>
        <ExtendedData>
          <Data name="説明">
            <value>冬期開放: 
冬期未開放: ◯
身障者対応: 
身障者非対応: ◯
種別: 2.冬期未開放(身障者非対応)</value>
          </Data>
          <Data name="冬期開放">
            <value/>
          </Data>
          <Data name="冬期未開放">
            <value>◯</value>
          </Data>
          <Data name="身障者対応">
            <value/>
          </Data>
          <Data name="身障者非対応">
            <value>◯</value>
          </Data>
          <Data name="種別">
            <value>2.冬期未開放(身障者非対応)</value>
          </Data>
        </ExtendedData>
        <Point>
          <coordinates>
            141.465621,43.042923,0
          </coordinates>
        </Point>
      </Placemark>
      <Placemark>
        <name>上野幌わんぱく公園</name>
        <description><![CDATA[説明: 冬期開放: <br>冬期未開放: ◯<br>身障者対応: <br>身障者非対応: ◯<br>種別: 2.冬期未開放(身障者非対応)<br>冬期開放: <br>冬期未開放: ◯<br>身障者対応: <br>身障者非対応: ◯<br>種別: 2.冬期未開放(身障者非対応)]]></description>
        <styleUrl>#icon-1733-1A237E</styleUrl>
        <ExtendedData>
          <Data name="説明">
            <value>冬期開放: 
冬期未開放: ◯
身障者対応: 
身障者非対応: ◯
種別: 2.冬期未開放(身障者非対応)</value>
          </Data>
          <Data name="冬期開放">
            <value/>
          </Data>
          <Data name="冬期未開放">
            <value>◯</value>
          </Data>
          <Data name="身障者対応">
            <value/>
          </Data>
          <Data name="身障者非対応">
            <value>◯</value>
          </Data>
          <Data name="種別">
            <value>2.冬期未開放(身障者非対応)</value>
          </Data>
        </ExtendedData>
        <Point>
          <coordinates>
            141.477527,43.01335,0
          </coordinates>
        </Point>
      </Placemark>
      <Placemark>
        <name>上野幌白樺公園</name>
        <description><![CDATA[説明: 冬期開放: <br>冬期未開放: ◯<br>身障者対応: <br>身障者非対応: ◯<br>種別: 2.冬期未開放(身障者非対応)<br>冬期開放: <br>冬期未開放: ◯<br>身障者対応: <br>身障者非対応: ◯<br>種別: 2.冬期未開放(身障者非対応)]]></description>
        <styleUrl>#icon-1733-1A237E</styleUrl>
        <ExtendedData>
          <Data name="説明">
            <value>冬期開放: 
冬期未開放: ◯
身障者対応: 
身障者非対応: ◯
種別: 2.冬期未開放(身障者非対応)</value>
          </Data>
          <Data name="冬期開放">
            <value/>
          </Data>
          <Data name="冬期未開放">
            <value>◯</value>
          </Data>
          <Data name="身障者対応">
            <value/>
          </Data>
          <Data name="身障者非対応">
            <value>◯</value>
          </Data>
          <Data name="種別">
            <value>2.冬期未開放(身障者非対応)</value>
          </Data>
        </ExtendedData>
        <Point>
          <coordinates>
            141.473894,43.017896,0
          </coordinates>
        </Point>
      </Placemark>
      <Placemark>
        <name>厚別東駅前公園</name>
        <description><![CDATA[説明: 冬期開放: <br>冬期未開放: ◯<br>身障者対応: <br>身障者非対応: ◯<br>種別: 2.冬期未開放(身障者非対応)<br>冬期開放: <br>冬期未開放: ◯<br>身障者対応: <br>身障者非対応: ◯<br>種別: 2.冬期未開放(身障者非対応)]]></description>
        <styleUrl>#icon-1733-1A237E</styleUrl>
        <ExtendedData>
          <Data name="説明">
            <value>冬期開放: 
冬期未開放: ◯
身障者対応: 
身障者非対応: ◯
種別: 2.冬期未開放(身障者非対応)</value>
          </Data>
          <Data name="冬期開放">
            <value/>
          </Data>
          <Data name="冬期未開放">
            <value>◯</value>
          </Data>
          <Data name="身障者対応">
            <value/>
          </Data>
          <Data name="身障者非対応">
            <value>◯</value>
          </Data>
          <Data name="種別">
            <value>2.冬期未開放(身障者非対応)</value>
          </Data>
        </ExtendedData>
        <Point>
          <coordinates>
            141.481743,43.054903,0
          </coordinates>
        </Point>
      </Placemark>
      <Placemark>
        <name>かげろう公園</name>
        <description><![CDATA[説明: 冬期開放: <br>冬期未開放: ◯<br>身障者対応: ◯<br>身障者非対応: <br>種別: 4.身障者対応(冬期未開放)<br>冬期開放: <br>冬期未開放: ◯<br>身障者対応: ◯<br>身障者非対応: <br>種別: 4.身障者対応(冬期未開放)]]></description>
        <styleUrl>#icon-1735-1A237E</styleUrl>
        <ExtendedData>
          <Data name="説明">
            <value>冬期開放: 
冬期未開放: ◯
身障者対応: ◯
身障者非対応: 
種別: 4.身障者対応(冬期未開放)</value>
          </Data>
          <Data name="冬期開放">
            <value/>
          </Data>
          <Data name="冬期未開放">
            <value>◯</value>
          </Data>
          <Data name="身障者対応">
            <value>◯</value>
          </Data>
          <Data name="身障者非対応">
            <value/>
          </Data>
          <Data name="種別">
            <value>4.身障者対応(冬期未開放)</value>
          </Data>
        </ExtendedData>
        <Point>
          <coordinates>
            141.446501,43.026664,0
          </coordinates>
        </Point>
      </Placemark>
      <Placemark>
        <name>厚別東わかば公園</name>
        <description><![CDATA[説明: 冬期開放: <br>冬期未開放: ◯<br>身障者対応: ◯<br>身障者非対応: <br>種別: 4.身障者対応(冬期未開放)<br>冬期開放: <br>冬期未開放: ◯<br>身障者対応: ◯<br>身障者非対応: <br>種別: 4.身障者対応(冬期未開放)]]></description>
        <styleUrl>#icon-1735-1A237E</styleUrl>
        <ExtendedData>
          <Data name="説明">
            <value>冬期開放: 
冬期未開放: ◯
身障者対応: ◯
身障者非対応: 
種別: 4.身障者対応(冬期未開放)</value>
          </Data>
          <Data name="冬期開放">
            <value/>
          </Data>
          <Data name="冬期未開放">
            <value>◯</value>
          </Data>
          <Data name="身障者対応">
            <value>◯</value>
          </Data>
          <Data name="身障者非対応">
            <value/>
          </Data>
          <Data name="種別">
            <value>4.身障者対応(冬期未開放)</value>
          </Data>
        </ExtendedData>
        <Point>
          <coordinates>
            141.491482,43.048268,0
          </coordinates>
        </Point>
      </Placemark>
      <Placemark>
        <name>厚別北森林三角公園</name>
        <description><![CDATA[説明: 冬期開放: <br>冬期未開放: ◯<br>身障者対応: ◯<br>身障者非対応: <br>種別: 4.身障者対応(冬期未開放)<br>冬期開放: <br>冬期未開放: ◯<br>身障者対応: ◯<br>身障者非対応: <br>種別: 4.身障者対応(冬期未開放)]]></description>
        <styleUrl>#icon-1735-1A237E</styleUrl>
        <ExtendedData>
          <Data name="説明">
            <value>冬期開放: 
冬期未開放: ◯
身障者対応: ◯
身障者非対応: 
種別: 4.身障者対応(冬期未開放)</value>
          </Data>
          <Data name="冬期開放">
            <value/>
          </Data>
          <Data name="冬期未開放">
            <value>◯</value>
          </Data>
          <Data name="身障者対応">
            <value>◯</value>
          </Data>
          <Data name="身障者非対応">
            <value/>
          </Data>
          <Data name="種別">
            <value>4.身障者対応(冬期未開放)</value>
          </Data>
        </ExtendedData>
        <Point>
          <coordinates>
            141.472205,43.067551,0
          </coordinates>
        </Point>
      </Placemark>
      <Placemark>
        <name>厚別西みどり公園</name>
        <description><![CDATA[説明: 冬期開放: <br>冬期未開放: ◯<br>身障者対応: <br>身障者非対応: ◯<br>種別: 2.冬期未開放(身障者非対応)<br>冬期開放: <br>冬期未開放: ◯<br>身障者対応: <br>身障者非対応: ◯<br>種別: 2.冬期未開放(身障者非対応)]]></description>
        <styleUrl>#icon-1733-1A237E</styleUrl>
        <ExtendedData>
          <Data name="説明">
            <value>冬期開放: 
冬期未開放: ◯
身障者対応: 
身障者非対応: ◯
種別: 2.冬期未開放(身障者非対応)</value>
          </Data>
          <Data name="冬期開放">
            <value/>
          </Data>
          <Data name="冬期未開放">
            <value>◯</value>
          </Data>
          <Data name="身障者対応">
            <value/>
          </Data>
          <Data name="身障者非対応">
            <value>◯</value>
          </Data>
          <Data name="種別">
            <value>2.冬期未開放(身障者非対応)</value>
          </Data>
        </ExtendedData>
        <Point>
          <coordinates>
            141.453883,43.053044,0
          </coordinates>
        </Point>
      </Placemark>
      <Placemark>
        <name>小野幌から松公園</name>
        <description><![CDATA[説明: 冬期開放: <br>冬期未開放: ◯<br>身障者対応: <br>身障者非対応: ◯<br>種別: 2.冬期未開放(身障者非対応)<br>冬期開放: <br>冬期未開放: ◯<br>身障者対応: <br>身障者非対応: ◯<br>種別: 2.冬期未開放(身障者非対応)]]></description>
        <styleUrl>#icon-1733-1A237E</styleUrl>
        <ExtendedData>
          <Data name="説明">
            <value>冬期開放: 
冬期未開放: ◯
身障者対応: 
身障者非対応: ◯
種別: 2.冬期未開放(身障者非対応)</value>
          </Data>
          <Data name="冬期開放">
            <value/>
          </Data>
          <Data name="冬期未開放">
            <value>◯</value>
          </Data>
          <Data name="身障者対応">
            <value/>
          </Data>
          <Data name="身障者非対応">
            <value>◯</value>
          </Data>
          <Data name="種別">
            <value>2.冬期未開放(身障者非対応)</value>
          </Data>
        </ExtendedData>
        <Point>
          <coordinates>
            141.484975,43.051028,0
          </coordinates>
        </Point>
      </Placemark>
      <Placemark>
        <name>上野幌ノホロ公園</name>
        <description><![CDATA[説明: 冬期開放: <br>冬期未開放: ◯<br>身障者対応: <br>身障者非対応: ◯<br>種別: 2.冬期未開放(身障者非対応)<br>冬期開放: <br>冬期未開放: ◯<br>身障者対応: <br>身障者非対応: ◯<br>種別: 2.冬期未開放(身障者非対応)]]></description>
        <styleUrl>#icon-1733-1A237E</styleUrl>
        <ExtendedData>
          <Data name="説明">
            <value>冬期開放: 
冬期未開放: ◯
身障者対応: 
身障者非対応: ◯
種別: 2.冬期未開放(身障者非対応)</value>
          </Data>
          <Data name="冬期開放">
            <value/>
          </Data>
          <Data name="冬期未開放">
            <value>◯</value>
          </Data>
          <Data name="身障者対応">
            <value/>
          </Data>
          <Data name="身障者非対応">
            <value>◯</value>
          </Data>
          <Data name="種別">
            <value>2.冬期未開放(身障者非対応)</value>
          </Data>
        </ExtendedData>
        <Point>
          <coordinates>
            141.468537,43.017027,0
          </coordinates>
        </Point>
      </Placemark>
      <Placemark>
        <name>あつべつちびっこ公園</name>
        <description><![CDATA[説明: 冬期開放: <br>冬期未開放: ◯<br>身障者対応: <br>身障者非対応: ◯<br>種別: 2.冬期未開放(身障者非対応)<br>冬期開放: <br>冬期未開放: ◯<br>身障者対応: <br>身障者非対応: ◯<br>種別: 2.冬期未開放(身障者非対応)]]></description>
        <styleUrl>#icon-1733-1A237E</styleUrl>
        <ExtendedData>
          <Data name="説明">
            <value>冬期開放: 
冬期未開放: ◯
身障者対応: 
身障者非対応: ◯
種別: 2.冬期未開放(身障者非対応)</value>
          </Data>
          <Data name="冬期開放">
            <value/>
          </Data>
          <Data name="冬期未開放">
            <value>◯</value>
          </Data>
          <Data name="身障者対応">
            <value/>
          </Data>
          <Data name="身障者非対応">
            <value>◯</value>
          </Data>
          <Data name="種別">
            <value>2.冬期未開放(身障者非対応)</value>
          </Data>
        </ExtendedData>
        <Point>
          <coordinates>
            141.462997,43.047097,0
          </coordinates>
        </Point>
      </Placemark>
      <Placemark>
        <name>厚別南白樺公園</name>
        <description><![CDATA[説明: 冬期開放: <br>冬期未開放: ◯<br>身障者対応: <br>身障者非対応: ◯<br>種別: 2.冬期未開放(身障者非対応)<br>冬期開放: <br>冬期未開放: ◯<br>身障者対応: <br>身障者非対応: ◯<br>種別: 2.冬期未開放(身障者非対応)]]></description>
        <styleUrl>#icon-1733-1A237E</styleUrl>
        <ExtendedData>
          <Data name="説明">
            <value>冬期開放: 
冬期未開放: ◯
身障者対応: 
身障者非対応: ◯
種別: 2.冬期未開放(身障者非対応)</value>
          </Data>
          <Data name="冬期開放">
            <value/>
          </Data>
          <Data name="冬期未開放">
            <value>◯</value>
          </Data>
          <Data name="身障者対応">
            <value/>
          </Data>
          <Data name="身障者非対応">
            <value>◯</value>
          </Data>
          <Data name="種別">
            <value>2.冬期未開放(身障者非対応)</value>
          </Data>
        </ExtendedData>
        <Point>
          <coordinates>
            141.466831,43.029404,0
          </coordinates>
        </Point>
      </Placemark>
      <Placemark>
        <name>厚別なかよし公園</name>
        <description><![CDATA[説明: 冬期開放: <br>冬期未開放: ◯<br>身障者対応: <br>身障者非対応: ◯<br>種別: 2.冬期未開放(身障者非対応)<br>冬期開放: <br>冬期未開放: ◯<br>身障者対応: <br>身障者非対応: ◯<br>種別: 2.冬期未開放(身障者非対応)]]></description>
        <styleUrl>#icon-1733-1A237E</styleUrl>
        <ExtendedData>
          <Data name="説明">
            <value>冬期開放: 
冬期未開放: ◯
身障者対応: 
身障者非対応: ◯
種別: 2.冬期未開放(身障者非対応)</value>
          </Data>
          <Data name="冬期開放">
            <value/>
          </Data>
          <Data name="冬期未開放">
            <value>◯</value>
          </Data>
          <Data name="身障者対応">
            <value/>
          </Data>
          <Data name="身障者非対応">
            <value>◯</value>
          </Data>
          <Data name="種別">
            <value>2.冬期未開放(身障者非対応)</value>
          </Data>
        </ExtendedData>
        <Point>
          <coordinates>
            141.469822,43.049125,0
          </coordinates>
        </Point>
      </Placemark>
      <Placemark>
        <name>厚別どんぐり公園</name>
        <description><![CDATA[説明: 冬期開放: <br>冬期未開放: ◯<br>身障者対応: <br>身障者非対応: ◯<br>種別: 2.冬期未開放(身障者非対応)<br>冬期開放: <br>冬期未開放: ◯<br>身障者対応: <br>身障者非対応: ◯<br>種別: 2.冬期未開放(身障者非対応)]]></description>
        <styleUrl>#icon-1733-1A237E</styleUrl>
        <ExtendedData>
          <Data name="説明">
            <value>冬期開放: 
冬期未開放: ◯
身障者対応: 
身障者非対応: ◯
種別: 2.冬期未開放(身障者非対応)</value>
          </Data>
          <Data name="冬期開放">
            <value/>
          </Data>
          <Data name="冬期未開放">
            <value>◯</value>
          </Data>
          <Data name="身障者対応">
            <value/>
          </Data>
          <Data name="身障者非対応">
            <value>◯</value>
          </Data>
          <Data name="種別">
            <value>2.冬期未開放(身障者非対応)</value>
          </Data>
        </ExtendedData>
        <Point>
          <coordinates>
            141.457613,43.045313,0
          </coordinates>
        </Point>
      </Placemark>
      <Placemark>
        <name>厚別サルビア公園</name>
        <description><![CDATA[説明: 冬期開放: <br>冬期未開放: ◯<br>身障者対応: <br>身障者非対応: ◯<br>種別: 2.冬期未開放(身障者非対応)<br>冬期開放: <br>冬期未開放: ◯<br>身障者対応: <br>身障者非対応: ◯<br>種別: 2.冬期未開放(身障者非対応)]]></description>
        <styleUrl>#icon-1733-1A237E</styleUrl>
        <ExtendedData>
          <Data name="説明">
            <value>冬期開放: 
冬期未開放: ◯
身障者対応: 
身障者非対応: ◯
種別: 2.冬期未開放(身障者非対応)</value>
          </Data>
          <Data name="冬期開放">
            <value/>
          </Data>
          <Data name="冬期未開放">
            <value>◯</value>
          </Data>
          <Data name="身障者対応">
            <value/>
          </Data>
          <Data name="身障者非対応">
            <value>◯</value>
          </Data>
          <Data name="種別">
            <value>2.冬期未開放(身障者非対応)</value>
          </Data>
        </ExtendedData>
        <Point>
          <coordinates>
            141.46817,43.040286,0
          </coordinates>
        </Point>
      </Placemark>
      <Placemark>
        <name>信濃公園</name>
        <description><![CDATA[説明: 冬期開放: ◯<br>冬期未開放: <br>身障者対応: <br>身障者非対応: ◯<br>種別: 1.冬期開放(身障者非対応)<br>冬期開放: ◯<br>冬期未開放: <br>身障者対応: <br>身障者非対応: ◯<br>種別: 1.冬期開放(身障者非対応)]]></description>
        <styleUrl>#icon-1733-A52714</styleUrl>
        <ExtendedData>
          <Data name="説明">
            <value>冬期開放: ◯
冬期未開放: 
身障者対応: 
身障者非対応: ◯
種別: 1.冬期開放(身障者非対応)</value>
          </Data>
          <Data name="冬期開放">
            <value>◯</value>
          </Data>
          <Data name="冬期未開放">
            <value/>
          </Data>
          <Data name="身障者対応">
            <value/>
          </Data>
          <Data name="身障者非対応">
            <value>◯</value>
          </Data>
          <Data name="種別">
            <value>1.冬期開放(身障者非対応)</value>
          </Data>
        </ExtendedData>
        <Point>
          <coordinates>
            141.46195,43.041887,0
          </coordinates>
        </Point>
      </Placemark>
      <Placemark>
        <name>ひばりが丘西公園</name>
        <description><![CDATA[説明: 冬期開放: ◯<br>冬期未開放: <br>身障者対応: <br>身障者非対応: ◯<br>種別: 1.冬期開放(身障者非対応)<br>冬期開放: ◯<br>冬期未開放: <br>身障者対応: <br>身障者非対応: ◯<br>種別: 1.冬期開放(身障者非対応)]]></description>
        <styleUrl>#icon-1733-A52714</styleUrl>
        <ExtendedData>
          <Data name="説明">
            <value>冬期開放: ◯
冬期未開放: 
身障者対応: 
身障者非対応: ◯
種別: 1.冬期開放(身障者非対応)</value>
          </Data>
          <Data name="冬期開放">
            <value>◯</value>
          </Data>
          <Data name="冬期未開放">
            <value/>
          </Data>
          <Data name="身障者対応">
            <value/>
          </Data>
          <Data name="身障者非対応">
            <value>◯</value>
          </Data>
          <Data name="種別">
            <value>1.冬期開放(身障者非対応)</value>
          </Data>
        </ExtendedData>
        <Point>
          <coordinates>
            141.462763,43.033769,0
          </coordinates>
        </Point>
      </Placemark>
      <Placemark>
        <name>前田のぞみ公園</name>
        <description><![CDATA[説明: 冬期開放: <br>冬期未開放: ◯<br>身障者対応: <br>身障者非対応: ◯<br>種別: 2.冬期未開放(身障者非対応)<br>冬期開放: <br>冬期未開放: ◯<br>身障者対応: <br>身障者非対応: ◯<br>種別: 2.冬期未開放(身障者非対応)]]></description>
        <styleUrl>#icon-1733-1A237E</styleUrl>
        <ExtendedData>
          <Data name="説明">
            <value>冬期開放: 
冬期未開放: ◯
身障者対応: 
身障者非対応: ◯
種別: 2.冬期未開放(身障者非対応)</value>
          </Data>
          <Data name="冬期開放">
            <value/>
          </Data>
          <Data name="冬期未開放">
            <value>◯</value>
          </Data>
          <Data name="身障者対応">
            <value/>
          </Data>
          <Data name="身障者非対応">
            <value>◯</value>
          </Data>
          <Data name="種別">
            <value>2.冬期未開放(身障者非対応)</value>
          </Data>
        </ExtendedData>
        <Point>
          <coordinates>
            141.265893,43.114109,0
          </coordinates>
        </Point>
      </Placemark>
      <Placemark>
        <name>稲積明治北公園</name>
        <description><![CDATA[説明: 冬期開放: <br>冬期未開放: ◯<br>身障者対応: <br>身障者非対応: ◯<br>種別: 2.冬期未開放(身障者非対応)<br>冬期開放: <br>冬期未開放: ◯<br>身障者対応: <br>身障者非対応: ◯<br>種別: 2.冬期未開放(身障者非対応)]]></description>
        <styleUrl>#icon-1733-1A237E</styleUrl>
        <ExtendedData>
          <Data name="説明">
            <value>冬期開放: 
冬期未開放: ◯
身障者対応: 
身障者非対応: ◯
種別: 2.冬期未開放(身障者非対応)</value>
          </Data>
          <Data name="冬期開放">
            <value/>
          </Data>
          <Data name="冬期未開放">
            <value>◯</value>
          </Data>
          <Data name="身障者対応">
            <value/>
          </Data>
          <Data name="身障者非対応">
            <value>◯</value>
          </Data>
          <Data name="種別">
            <value>2.冬期未開放(身障者非対応)</value>
          </Data>
        </ExtendedData>
        <Point>
          <coordinates>
            141.258431,43.120778,0
          </coordinates>
        </Point>
      </Placemark>
      <Placemark>
        <name>曙木星公園</name>
        <description><![CDATA[説明: 冬期開放: <br>冬期未開放: ◯<br>身障者対応: <br>身障者非対応: ◯<br>種別: 2.冬期未開放(身障者非対応)<br>冬期開放: <br>冬期未開放: ◯<br>身障者対応: <br>身障者非対応: ◯<br>種別: 2.冬期未開放(身障者非対応)]]></description>
        <styleUrl>#icon-1733-1A237E</styleUrl>
        <ExtendedData>
          <Data name="説明">
            <value>冬期開放: 
冬期未開放: ◯
身障者対応: 
身障者非対応: ◯
種別: 2.冬期未開放(身障者非対応)</value>
          </Data>
          <Data name="冬期開放">
            <value/>
          </Data>
          <Data name="冬期未開放">
            <value>◯</value>
          </Data>
          <Data name="身障者対応">
            <value/>
          </Data>
          <Data name="身障者非対応">
            <value>◯</value>
          </Data>
          <Data name="種別">
            <value>2.冬期未開放(身障者非対応)</value>
          </Data>
        </ExtendedData>
        <Point>
          <coordinates>
            141.221591,43.130896,0
          </coordinates>
        </Point>
      </Placemark>
      <Placemark>
        <name>手稲ちびっこ公園</name>
        <description><![CDATA[説明: 冬期開放: ◯<br>冬期未開放: <br>身障者対応: <br>身障者非対応: ◯<br>種別: 1.冬期開放(身障者非対応)<br>冬期開放: ◯<br>冬期未開放: <br>身障者対応: <br>身障者非対応: ◯<br>種別: 1.冬期開放(身障者非対応)]]></description>
        <styleUrl>#icon-1733-A52714</styleUrl>
        <ExtendedData>
          <Data name="説明">
            <value>冬期開放: ◯
冬期未開放: 
身障者対応: 
身障者非対応: ◯
種別: 1.冬期開放(身障者非対応)</value>
          </Data>
          <Data name="冬期開放">
            <value>◯</value>
          </Data>
          <Data name="冬期未開放">
            <value/>
          </Data>
          <Data name="身障者対応">
            <value/>
          </Data>
          <Data name="身障者非対応">
            <value>◯</value>
          </Data>
          <Data name="種別">
            <value>1.冬期開放(身障者非対応)</value>
          </Data>
        </ExtendedData>
        <Point>
          <coordinates>
            141.24238,43.11478,0
          </coordinates>
        </Point>
      </Placemark>
      <Placemark>
        <name>星置明星公園</name>
        <description><![CDATA[説明: 冬期開放: <br>冬期未開放: ◯<br>身障者対応: <br>身障者非対応: ◯<br>種別: 2.冬期未開放(身障者非対応)<br>冬期開放: <br>冬期未開放: ◯<br>身障者対応: <br>身障者非対応: ◯<br>種別: 2.冬期未開放(身障者非対応)]]></description>
        <styleUrl>#icon-1733-1A237E</styleUrl>
        <ExtendedData>
          <Data name="説明">
            <value>冬期開放: 
冬期未開放: ◯
身障者対応: 
身障者非対応: ◯
種別: 2.冬期未開放(身障者非対応)</value>
          </Data>
          <Data name="冬期開放">
            <value/>
          </Data>
          <Data name="冬期未開放">
            <value>◯</value>
          </Data>
          <Data name="身障者対応">
            <value/>
          </Data>
          <Data name="身障者非対応">
            <value>◯</value>
          </Data>
          <Data name="種別">
            <value>2.冬期未開放(身障者非対応)</value>
          </Data>
        </ExtendedData>
        <Point>
          <coordinates>
            141.20028,43.139632,0
          </coordinates>
        </Point>
      </Placemark>
      <Placemark>
        <name>稲穂そよかぜ公園</name>
        <description><![CDATA[説明: 冬期開放: <br>冬期未開放: ◯<br>身障者対応: <br>身障者非対応: ◯<br>種別: 2.冬期未開放(身障者非対応)<br>冬期開放: <br>冬期未開放: ◯<br>身障者対応: <br>身障者非対応: ◯<br>種別: 2.冬期未開放(身障者非対応)]]></description>
        <styleUrl>#icon-1733-1A237E</styleUrl>
        <ExtendedData>
          <Data name="説明">
            <value>冬期開放: 
冬期未開放: ◯
身障者対応: 
身障者非対応: ◯
種別: 2.冬期未開放(身障者非対応)</value>
          </Data>
          <Data name="冬期開放">
            <value/>
          </Data>
          <Data name="冬期未開放">
            <value>◯</value>
          </Data>
          <Data name="身障者対応">
            <value/>
          </Data>
          <Data name="身障者非対応">
            <value>◯</value>
          </Data>
          <Data name="種別">
            <value>2.冬期未開放(身障者非対応)</value>
          </Data>
        </ExtendedData>
        <Point>
          <coordinates>
            141.215043,43.130398,0
          </coordinates>
        </Point>
      </Placemark>
      <Placemark>
        <name>稲積サクラ公園</name>
        <description><![CDATA[説明: 冬期開放: <br>冬期未開放: ◯<br>身障者対応: <br>身障者非対応: ◯<br>種別: 2.冬期未開放(身障者非対応)<br>冬期開放: <br>冬期未開放: ◯<br>身障者対応: <br>身障者非対応: ◯<br>種別: 2.冬期未開放(身障者非対応)]]></description>
        <styleUrl>#icon-1733-1A237E</styleUrl>
        <ExtendedData>
          <Data name="説明">
            <value>冬期開放: 
冬期未開放: ◯
身障者対応: 
身障者非対応: ◯
種別: 2.冬期未開放(身障者非対応)</value>
          </Data>
          <Data name="冬期開放">
            <value/>
          </Data>
          <Data name="冬期未開放">
            <value>◯</value>
          </Data>
          <Data name="身障者対応">
            <value/>
          </Data>
          <Data name="身障者非対応">
            <value>◯</value>
          </Data>
          <Data name="種別">
            <value>2.冬期未開放(身障者非対応)</value>
          </Data>
        </ExtendedData>
        <Point>
          <coordinates>
            141.263954,43.121426,0
          </coordinates>
        </Point>
      </Placemark>
      <Placemark>
        <name>富丘五輪公園</name>
        <description><![CDATA[説明: 冬期開放: <br>冬期未開放: ◯<br>身障者対応: <br>身障者非対応: ◯<br>種別: 2.冬期未開放(身障者非対応)<br>冬期開放: <br>冬期未開放: ◯<br>身障者対応: <br>身障者非対応: ◯<br>種別: 2.冬期未開放(身障者非対応)]]></description>
        <styleUrl>#icon-1733-1A237E</styleUrl>
        <ExtendedData>
          <Data name="説明">
            <value>冬期開放: 
冬期未開放: ◯
身障者対応: 
身障者非対応: ◯
種別: 2.冬期未開放(身障者非対応)</value>
          </Data>
          <Data name="冬期開放">
            <value/>
          </Data>
          <Data name="冬期未開放">
            <value>◯</value>
          </Data>
          <Data name="身障者対応">
            <value/>
          </Data>
          <Data name="身障者非対応">
            <value>◯</value>
          </Data>
          <Data name="種別">
            <value>2.冬期未開放(身障者非対応)</value>
          </Data>
        </ExtendedData>
        <Point>
          <coordinates>
            141.255587,43.105372,0
          </coordinates>
        </Point>
      </Placemark>
      <Placemark>
        <name>星置銀河公園</name>
        <description><![CDATA[説明: 冬期開放: <br>冬期未開放: ◯<br>身障者対応: <br>身障者非対応: ◯<br>種別: 2.冬期未開放(身障者非対応)<br>冬期開放: <br>冬期未開放: ◯<br>身障者対応: <br>身障者非対応: ◯<br>種別: 2.冬期未開放(身障者非対応)]]></description>
        <styleUrl>#icon-1733-1A237E</styleUrl>
        <ExtendedData>
          <Data name="説明">
            <value>冬期開放: 
冬期未開放: ◯
身障者対応: 
身障者非対応: ◯
種別: 2.冬期未開放(身障者非対応)</value>
          </Data>
          <Data name="冬期開放">
            <value/>
          </Data>
          <Data name="冬期未開放">
            <value>◯</value>
          </Data>
          <Data name="身障者対応">
            <value/>
          </Data>
          <Data name="身障者非対応">
            <value>◯</value>
          </Data>
          <Data name="種別">
            <value>2.冬期未開放(身障者非対応)</value>
          </Data>
        </ExtendedData>
        <Point>
          <coordinates>
            141.213868,43.133404,0
          </coordinates>
        </Point>
      </Placemark>
      <Placemark>
        <name>稲穂海星公園</name>
        <description><![CDATA[説明: 冬期開放: <br>冬期未開放: ◯<br>身障者対応: <br>身障者非対応: ◯<br>種別: 2.冬期未開放(身障者非対応)<br>冬期開放: <br>冬期未開放: ◯<br>身障者対応: <br>身障者非対応: ◯<br>種別: 2.冬期未開放(身障者非対応)]]></description>
        <styleUrl>#icon-1733-1A237E</styleUrl>
        <ExtendedData>
          <Data name="説明">
            <value>冬期開放: 
冬期未開放: ◯
身障者対応: 
身障者非対応: ◯
種別: 2.冬期未開放(身障者非対応)</value>
          </Data>
          <Data name="冬期開放">
            <value/>
          </Data>
          <Data name="冬期未開放">
            <value>◯</value>
          </Data>
          <Data name="身障者対応">
            <value/>
          </Data>
          <Data name="身障者非対応">
            <value>◯</value>
          </Data>
          <Data name="種別">
            <value>2.冬期未開放(身障者非対応)</value>
          </Data>
        </ExtendedData>
        <Point>
          <coordinates>
            141.208384,43.131363,0
          </coordinates>
        </Point>
      </Placemark>
      <Placemark>
        <name>三晃ぼうけん公園</name>
        <description><![CDATA[説明: 冬期開放: <br>冬期未開放: ◯<br>身障者対応: <br>身障者非対応: ◯<br>種別: 2.冬期未開放(身障者非対応)<br>冬期開放: <br>冬期未開放: ◯<br>身障者対応: <br>身障者非対応: ◯<br>種別: 2.冬期未開放(身障者非対応)]]></description>
        <styleUrl>#icon-1733-1A237E</styleUrl>
        <ExtendedData>
          <Data name="説明">
            <value>冬期開放: 
冬期未開放: ◯
身障者対応: 
身障者非対応: ◯
種別: 2.冬期未開放(身障者非対応)</value>
          </Data>
          <Data name="冬期開放">
            <value/>
          </Data>
          <Data name="冬期未開放">
            <value>◯</value>
          </Data>
          <Data name="身障者対応">
            <value/>
          </Data>
          <Data name="身障者非対応">
            <value>◯</value>
          </Data>
          <Data name="種別">
            <value>2.冬期未開放(身障者非対応)</value>
          </Data>
        </ExtendedData>
        <Point>
          <coordinates>
            141.261237,43.129471,0
          </coordinates>
        </Point>
      </Placemark>
      <Placemark>
        <name>富丘丸山公園</name>
        <description><![CDATA[説明: 冬期開放: <br>冬期未開放: ◯<br>身障者対応: <br>身障者非対応: ◯<br>種別: 2.冬期未開放(身障者非対応)<br>冬期開放: <br>冬期未開放: ◯<br>身障者対応: <br>身障者非対応: ◯<br>種別: 2.冬期未開放(身障者非対応)]]></description>
        <styleUrl>#icon-1733-1A237E</styleUrl>
        <ExtendedData>
          <Data name="説明">
            <value>冬期開放: 
冬期未開放: ◯
身障者対応: 
身障者非対応: ◯
種別: 2.冬期未開放(身障者非対応)</value>
          </Data>
          <Data name="冬期開放">
            <value/>
          </Data>
          <Data name="冬期未開放">
            <value>◯</value>
          </Data>
          <Data name="身障者対応">
            <value/>
          </Data>
          <Data name="身障者非対応">
            <value>◯</value>
          </Data>
          <Data name="種別">
            <value>2.冬期未開放(身障者非対応)</value>
          </Data>
        </ExtendedData>
        <Point>
          <coordinates>
            141.244548,43.105373,0
          </coordinates>
        </Point>
      </Placemark>
      <Placemark>
        <name>前田つくし公園</name>
        <description><![CDATA[説明: 冬期開放: <br>冬期未開放: ◯<br>身障者対応: <br>身障者非対応: ◯<br>種別: 2.冬期未開放(身障者非対応)<br>冬期開放: <br>冬期未開放: ◯<br>身障者対応: <br>身障者非対応: ◯<br>種別: 2.冬期未開放(身障者非対応)]]></description>
        <styleUrl>#icon-1733-1A237E</styleUrl>
        <ExtendedData>
          <Data name="説明">
            <value>冬期開放: 
冬期未開放: ◯
身障者対応: 
身障者非対応: ◯
種別: 2.冬期未開放(身障者非対応)</value>
          </Data>
          <Data name="冬期開放">
            <value/>
          </Data>
          <Data name="冬期未開放">
            <value>◯</value>
          </Data>
          <Data name="身障者対応">
            <value/>
          </Data>
          <Data name="身障者非対応">
            <value>◯</value>
          </Data>
          <Data name="種別">
            <value>2.冬期未開放(身障者非対応)</value>
          </Data>
        </ExtendedData>
        <Point>
          <coordinates>
            141.255611,43.121129,0
          </coordinates>
        </Point>
      </Placemark>
      <Placemark>
        <name>前田ほまれ公園</name>
        <description><![CDATA[説明: 冬期開放: <br>冬期未開放: ◯<br>身障者対応: <br>身障者非対応: ◯<br>種別: 2.冬期未開放(身障者非対応)<br>冬期開放: <br>冬期未開放: ◯<br>身障者対応: <br>身障者非対応: ◯<br>種別: 2.冬期未開放(身障者非対応)]]></description>
        <styleUrl>#icon-1733-1A237E</styleUrl>
        <ExtendedData>
          <Data name="説明">
            <value>冬期開放: 
冬期未開放: ◯
身障者対応: 
身障者非対応: ◯
種別: 2.冬期未開放(身障者非対応)</value>
          </Data>
          <Data name="冬期開放">
            <value/>
          </Data>
          <Data name="冬期未開放">
            <value>◯</value>
          </Data>
          <Data name="身障者対応">
            <value/>
          </Data>
          <Data name="身障者非対応">
            <value>◯</value>
          </Data>
          <Data name="種別">
            <value>2.冬期未開放(身障者非対応)</value>
          </Data>
        </ExtendedData>
        <Point>
          <coordinates>
            141.247623,43.12394,0
          </coordinates>
        </Point>
      </Placemark>
      <Placemark>
        <name>新発寒わらび公園</name>
        <description><![CDATA[説明: 冬期開放: <br>冬期未開放: ◯<br>身障者対応: <br>身障者非対応: ◯<br>種別: 2.冬期未開放(身障者非対応)<br>冬期開放: <br>冬期未開放: ◯<br>身障者対応: <br>身障者非対応: ◯<br>種別: 2.冬期未開放(身障者非対応)]]></description>
        <styleUrl>#icon-1733-1A237E</styleUrl>
        <ExtendedData>
          <Data name="説明">
            <value>冬期開放: 
冬期未開放: ◯
身障者対応: 
身障者非対応: ◯
種別: 2.冬期未開放(身障者非対応)</value>
          </Data>
          <Data name="冬期開放">
            <value/>
          </Data>
          <Data name="冬期未開放">
            <value>◯</value>
          </Data>
          <Data name="身障者対応">
            <value/>
          </Data>
          <Data name="身障者非対応">
            <value>◯</value>
          </Data>
          <Data name="種別">
            <value>2.冬期未開放(身障者非対応)</value>
          </Data>
        </ExtendedData>
        <Point>
          <coordinates>
            141.267231,43.110212,0
          </coordinates>
        </Point>
      </Placemark>
      <Placemark>
        <name>ゆたか東三角公園</name>
        <description><![CDATA[説明: 冬期開放: <br>冬期未開放: ◯<br>身障者対応: <br>身障者非対応: ◯<br>種別: 2.冬期未開放(身障者非対応)<br>冬期開放: <br>冬期未開放: ◯<br>身障者対応: <br>身障者非対応: ◯<br>種別: 2.冬期未開放(身障者非対応)]]></description>
        <styleUrl>#icon-1733-1A237E</styleUrl>
        <ExtendedData>
          <Data name="説明">
            <value>冬期開放: 
冬期未開放: ◯
身障者対応: 
身障者非対応: ◯
種別: 2.冬期未開放(身障者非対応)</value>
          </Data>
          <Data name="冬期開放">
            <value/>
          </Data>
          <Data name="冬期未開放">
            <value>◯</value>
          </Data>
          <Data name="身障者対応">
            <value/>
          </Data>
          <Data name="身障者非対応">
            <value>◯</value>
          </Data>
          <Data name="種別">
            <value>2.冬期未開放(身障者非対応)</value>
          </Data>
        </ExtendedData>
        <Point>
          <coordinates>
            141.265481,43.12903,0
          </coordinates>
        </Point>
      </Placemark>
      <Placemark>
        <name>富丘サニー公園</name>
        <description><![CDATA[説明: 冬期開放: <br>冬期未開放: ◯<br>身障者対応: <br>身障者非対応: ◯<br>種別: 2.冬期未開放(身障者非対応)<br>冬期開放: <br>冬期未開放: ◯<br>身障者対応: <br>身障者非対応: ◯<br>種別: 2.冬期未開放(身障者非対応)]]></description>
        <styleUrl>#icon-1733-1A237E</styleUrl>
        <ExtendedData>
          <Data name="説明">
            <value>冬期開放: 
冬期未開放: ◯
身障者対応: 
身障者非対応: ◯
種別: 2.冬期未開放(身障者非対応)</value>
          </Data>
          <Data name="冬期開放">
            <value/>
          </Data>
          <Data name="冬期未開放">
            <value>◯</value>
          </Data>
          <Data name="身障者対応">
            <value/>
          </Data>
          <Data name="身障者非対応">
            <value>◯</value>
          </Data>
          <Data name="種別">
            <value>2.冬期未開放(身障者非対応)</value>
          </Data>
        </ExtendedData>
        <Point>
          <coordinates>
            141.249676,43.102124,0
          </coordinates>
        </Point>
      </Placemark>
      <Placemark>
        <name>富丘ささの子公園</name>
        <description><![CDATA[説明: 冬期開放: <br>冬期未開放: ◯<br>身障者対応: <br>身障者非対応: ◯<br>種別: 2.冬期未開放(身障者非対応)<br>冬期開放: <br>冬期未開放: ◯<br>身障者対応: <br>身障者非対応: ◯<br>種別: 2.冬期未開放(身障者非対応)]]></description>
        <styleUrl>#icon-1733-1A237E</styleUrl>
        <ExtendedData>
          <Data name="説明">
            <value>冬期開放: 
冬期未開放: ◯
身障者対応: 
身障者非対応: ◯
種別: 2.冬期未開放(身障者非対応)</value>
          </Data>
          <Data name="冬期開放">
            <value/>
          </Data>
          <Data name="冬期未開放">
            <value>◯</value>
          </Data>
          <Data name="身障者対応">
            <value/>
          </Data>
          <Data name="身障者非対応">
            <value>◯</value>
          </Data>
          <Data name="種別">
            <value>2.冬期未開放(身障者非対応)</value>
          </Data>
        </ExtendedData>
        <Point>
          <coordinates>
            141.249388,43.106108,0
          </coordinates>
        </Point>
      </Placemark>
      <Placemark>
        <name>星置竹の子公園</name>
        <description><![CDATA[説明: 冬期開放: <br>冬期未開放: ◯<br>身障者対応: <br>身障者非対応: ◯<br>種別: 2.冬期未開放(身障者非対応)<br>冬期開放: <br>冬期未開放: ◯<br>身障者対応: <br>身障者非対応: ◯<br>種別: 2.冬期未開放(身障者非対応)]]></description>
        <styleUrl>#icon-1733-1A237E</styleUrl>
        <ExtendedData>
          <Data name="説明">
            <value>冬期開放: 
冬期未開放: ◯
身障者対応: 
身障者非対応: ◯
種別: 2.冬期未開放(身障者非対応)</value>
          </Data>
          <Data name="冬期開放">
            <value/>
          </Data>
          <Data name="冬期未開放">
            <value>◯</value>
          </Data>
          <Data name="身障者対応">
            <value/>
          </Data>
          <Data name="身障者非対応">
            <value>◯</value>
          </Data>
          <Data name="種別">
            <value>2.冬期未開放(身障者非対応)</value>
          </Data>
        </ExtendedData>
        <Point>
          <coordinates>
            141.207226,43.13822,0
          </coordinates>
        </Point>
      </Placemark>
      <Placemark>
        <name>前田緑苑そよかぜ公園</name>
        <description><![CDATA[説明: 冬期開放: <br>冬期未開放: ◯<br>身障者対応: <br>身障者非対応: ◯<br>種別: 2.冬期未開放(身障者非対応)<br>冬期開放: <br>冬期未開放: ◯<br>身障者対応: <br>身障者非対応: ◯<br>種別: 2.冬期未開放(身障者非対応)]]></description>
        <styleUrl>#icon-1733-1A237E</styleUrl>
        <ExtendedData>
          <Data name="説明">
            <value>冬期開放: 
冬期未開放: ◯
身障者対応: 
身障者非対応: ◯
種別: 2.冬期未開放(身障者非対応)</value>
          </Data>
          <Data name="冬期開放">
            <value/>
          </Data>
          <Data name="冬期未開放">
            <value>◯</value>
          </Data>
          <Data name="身障者対応">
            <value/>
          </Data>
          <Data name="身障者非対応">
            <value>◯</value>
          </Data>
          <Data name="種別">
            <value>2.冬期未開放(身障者非対応)</value>
          </Data>
        </ExtendedData>
        <Point>
          <coordinates>
            141.263883,43.126313,0
          </coordinates>
        </Point>
      </Placemark>
      <Placemark>
        <name>手稲すずめ公園</name>
        <description><![CDATA[説明: 冬期開放: <br>冬期未開放: ◯<br>身障者対応: <br>身障者非対応: ◯<br>種別: 2.冬期未開放(身障者非対応)<br>冬期開放: <br>冬期未開放: ◯<br>身障者対応: <br>身障者非対応: ◯<br>種別: 2.冬期未開放(身障者非対応)]]></description>
        <styleUrl>#icon-1733-1A237E</styleUrl>
        <ExtendedData>
          <Data name="説明">
            <value>冬期開放: 
冬期未開放: ◯
身障者対応: 
身障者非対応: ◯
種別: 2.冬期未開放(身障者非対応)</value>
          </Data>
          <Data name="冬期開放">
            <value/>
          </Data>
          <Data name="冬期未開放">
            <value>◯</value>
          </Data>
          <Data name="身障者対応">
            <value/>
          </Data>
          <Data name="身障者非対応">
            <value>◯</value>
          </Data>
          <Data name="種別">
            <value>2.冬期未開放(身障者非対応)</value>
          </Data>
        </ExtendedData>
        <Point>
          <coordinates>
            141.241375,43.118548,0
          </coordinates>
        </Point>
      </Placemark>
      <Placemark>
        <name>手稲ぎょうせい公園</name>
        <description><![CDATA[説明: 冬期開放: <br>冬期未開放: ◯<br>身障者対応: <br>身障者非対応: ◯<br>種別: 2.冬期未開放(身障者非対応)<br>冬期開放: <br>冬期未開放: ◯<br>身障者対応: <br>身障者非対応: ◯<br>種別: 2.冬期未開放(身障者非対応)]]></description>
        <styleUrl>#icon-1733-1A237E</styleUrl>
        <ExtendedData>
          <Data name="説明">
            <value>冬期開放: 
冬期未開放: ◯
身障者対応: 
身障者非対応: ◯
種別: 2.冬期未開放(身障者非対応)</value>
          </Data>
          <Data name="冬期開放">
            <value/>
          </Data>
          <Data name="冬期未開放">
            <value>◯</value>
          </Data>
          <Data name="身障者対応">
            <value/>
          </Data>
          <Data name="身障者非対応">
            <value>◯</value>
          </Data>
          <Data name="種別">
            <value>2.冬期未開放(身障者非対応)</value>
          </Data>
        </ExtendedData>
        <Point>
          <coordinates>
            141.2205,43.127375,0
          </coordinates>
        </Point>
      </Placemark>
      <Placemark>
        <name>手稲パンダ公園</name>
        <description><![CDATA[説明: 冬期開放: ◯<br>冬期未開放: <br>身障者対応: ◯<br>身障者非対応: <br>種別: 3.身障者対応(冬期開放)<br>冬期開放: ◯<br>冬期未開放: <br>身障者対応: ◯<br>身障者非対応: <br>種別: 3.身障者対応(冬期開放)]]></description>
        <styleUrl>#icon-1735-A52714</styleUrl>
        <ExtendedData>
          <Data name="説明">
            <value>冬期開放: ◯
冬期未開放: 
身障者対応: ◯
身障者非対応: 
種別: 3.身障者対応(冬期開放)</value>
          </Data>
          <Data name="冬期開放">
            <value>◯</value>
          </Data>
          <Data name="冬期未開放">
            <value/>
          </Data>
          <Data name="身障者対応">
            <value>◯</value>
          </Data>
          <Data name="身障者非対応">
            <value/>
          </Data>
          <Data name="種別">
            <value>3.身障者対応(冬期開放)</value>
          </Data>
        </ExtendedData>
        <Point>
          <coordinates>
            141.244132,43.116333,0
          </coordinates>
        </Point>
      </Placemark>
      <Placemark>
        <name>前田みどり公園</name>
        <description><![CDATA[説明: 冬期開放: <br>冬期未開放: ◯<br>身障者対応: ◯<br>身障者非対応: <br>種別: 4.身障者対応(冬期未開放)<br>冬期開放: <br>冬期未開放: ◯<br>身障者対応: ◯<br>身障者非対応: <br>種別: 4.身障者対応(冬期未開放)]]></description>
        <styleUrl>#icon-1735-1A237E</styleUrl>
        <ExtendedData>
          <Data name="説明">
            <value>冬期開放: 
冬期未開放: ◯
身障者対応: ◯
身障者非対応: 
種別: 4.身障者対応(冬期未開放)</value>
          </Data>
          <Data name="冬期開放">
            <value/>
          </Data>
          <Data name="冬期未開放">
            <value>◯</value>
          </Data>
          <Data name="身障者対応">
            <value>◯</value>
          </Data>
          <Data name="身障者非対応">
            <value/>
          </Data>
          <Data name="種別">
            <value>4.身障者対応(冬期未開放)</value>
          </Data>
        </ExtendedData>
        <Point>
          <coordinates>
            141.254098,43.121954,0
          </coordinates>
        </Point>
      </Placemark>
      <Placemark>
        <name>手稲ファミリー公園</name>
        <description><![CDATA[説明: 冬期開放: <br>冬期未開放: ◯<br>身障者対応: <br>身障者非対応: ◯<br>種別: 2.冬期未開放(身障者非対応)<br>冬期開放: <br>冬期未開放: ◯<br>身障者対応: <br>身障者非対応: ◯<br>種別: 2.冬期未開放(身障者非対応)]]></description>
        <styleUrl>#icon-1733-1A237E</styleUrl>
        <ExtendedData>
          <Data name="説明">
            <value>冬期開放: 
冬期未開放: ◯
身障者対応: 
身障者非対応: ◯
種別: 2.冬期未開放(身障者非対応)</value>
          </Data>
          <Data name="冬期開放">
            <value/>
          </Data>
          <Data name="冬期未開放">
            <value>◯</value>
          </Data>
          <Data name="身障者対応">
            <value/>
          </Data>
          <Data name="身障者非対応">
            <value>◯</value>
          </Data>
          <Data name="種別">
            <value>2.冬期未開放(身障者非対応)</value>
          </Data>
        </ExtendedData>
        <Point>
          <coordinates>
            141.246907,43.130265,0
          </coordinates>
        </Point>
      </Placemark>
      <Placemark>
        <name>金山滝見公園</name>
        <description><![CDATA[説明: 冬期開放: <br>冬期未開放: ◯<br>身障者対応: <br>身障者非対応: ◯<br>種別: 2.冬期未開放(身障者非対応)<br>冬期開放: <br>冬期未開放: ◯<br>身障者対応: <br>身障者非対応: ◯<br>種別: 2.冬期未開放(身障者非対応)]]></description>
        <styleUrl>#icon-1733-1A237E</styleUrl>
        <ExtendedData>
          <Data name="説明">
            <value>冬期開放: 
冬期未開放: ◯
身障者対応: 
身障者非対応: ◯
種別: 2.冬期未開放(身障者非対応)</value>
          </Data>
          <Data name="冬期開放">
            <value/>
          </Data>
          <Data name="冬期未開放">
            <value>◯</value>
          </Data>
          <Data name="身障者対応">
            <value/>
          </Data>
          <Data name="身障者非対応">
            <value>◯</value>
          </Data>
          <Data name="種別">
            <value>2.冬期未開放(身障者非対応)</value>
          </Data>
        </ExtendedData>
        <Point>
          <coordinates>
            141.201844,43.127536,0
          </coordinates>
        </Point>
      </Placemark>
      <Placemark>
        <name>金山みはらし公園</name>
        <description><![CDATA[説明: 冬期開放: <br>冬期未開放: ◯<br>身障者対応: <br>身障者非対応: ◯<br>種別: 2.冬期未開放(身障者非対応)<br>冬期開放: <br>冬期未開放: ◯<br>身障者対応: <br>身障者非対応: ◯<br>種別: 2.冬期未開放(身障者非対応)]]></description>
        <styleUrl>#icon-1733-1A237E</styleUrl>
        <ExtendedData>
          <Data name="説明">
            <value>冬期開放: 
冬期未開放: ◯
身障者対応: 
身障者非対応: ◯
種別: 2.冬期未開放(身障者非対応)</value>
          </Data>
          <Data name="冬期開放">
            <value/>
          </Data>
          <Data name="冬期未開放">
            <value>◯</value>
          </Data>
          <Data name="身障者対応">
            <value/>
          </Data>
          <Data name="身障者非対応">
            <value>◯</value>
          </Data>
          <Data name="種別">
            <value>2.冬期未開放(身障者非対応)</value>
          </Data>
        </ExtendedData>
        <Point>
          <coordinates>
            141.199113,43.130354,0
          </coordinates>
        </Point>
      </Placemark>
      <Placemark>
        <name>明日風トマト公園</name>
        <description><![CDATA[説明: 冬期開放: <br>冬期未開放: ◯<br>身障者対応: ◯<br>身障者非対応: <br>種別: 4.身障者対応(冬期未開放)<br>冬期開放: <br>冬期未開放: ◯<br>身障者対応: ◯<br>身障者非対応: <br>種別: 4.身障者対応(冬期未開放)]]></description>
        <styleUrl>#icon-1735-1A237E</styleUrl>
        <ExtendedData>
          <Data name="説明">
            <value>冬期開放: 
冬期未開放: ◯
身障者対応: ◯
身障者非対応: 
種別: 4.身障者対応(冬期未開放)</value>
          </Data>
          <Data name="冬期開放">
            <value/>
          </Data>
          <Data name="冬期未開放">
            <value>◯</value>
          </Data>
          <Data name="身障者対応">
            <value>◯</value>
          </Data>
          <Data name="身障者非対応">
            <value/>
          </Data>
          <Data name="種別">
            <value>4.身障者対応(冬期未開放)</value>
          </Data>
        </ExtendedData>
        <Point>
          <coordinates>
            141.234648,43.139811,0
          </coordinates>
        </Point>
      </Placemark>
      <Placemark>
        <name>前田すみれ公園</name>
        <description><![CDATA[説明: 冬期開放: <br>冬期未開放: ◯<br>身障者対応: <br>身障者非対応: ◯<br>種別: 2.冬期未開放(身障者非対応)<br>冬期開放: <br>冬期未開放: ◯<br>身障者対応: <br>身障者非対応: ◯<br>種別: 2.冬期未開放(身障者非対応)]]></description>
        <styleUrl>#icon-1733-1A237E</styleUrl>
        <ExtendedData>
          <Data name="説明">
            <value>冬期開放: 
冬期未開放: ◯
身障者対応: 
身障者非対応: ◯
種別: 2.冬期未開放(身障者非対応)</value>
          </Data>
          <Data name="冬期開放">
            <value/>
          </Data>
          <Data name="冬期未開放">
            <value>◯</value>
          </Data>
          <Data name="身障者対応">
            <value/>
          </Data>
          <Data name="身障者非対応">
            <value>◯</value>
          </Data>
          <Data name="種別">
            <value>2.冬期未開放(身障者非対応)</value>
          </Data>
        </ExtendedData>
        <Point>
          <coordinates>
            141.256728,43.135439,0
          </coordinates>
        </Point>
      </Placemark>
      <Placemark>
        <name>星置わんぱく公園</name>
        <description><![CDATA[説明: 冬期開放: <br>冬期未開放: ◯<br>身障者対応: <br>身障者非対応: ◯<br>種別: 2.冬期未開放(身障者非対応)<br>冬期開放: <br>冬期未開放: ◯<br>身障者対応: <br>身障者非対応: ◯<br>種別: 2.冬期未開放(身障者非対応)]]></description>
        <styleUrl>#icon-1733-1A237E</styleUrl>
        <ExtendedData>
          <Data name="説明">
            <value>冬期開放: 
冬期未開放: ◯
身障者対応: 
身障者非対応: ◯
種別: 2.冬期未開放(身障者非対応)</value>
          </Data>
          <Data name="冬期開放">
            <value/>
          </Data>
          <Data name="冬期未開放">
            <value>◯</value>
          </Data>
          <Data name="身障者対応">
            <value/>
          </Data>
          <Data name="身障者非対応">
            <value>◯</value>
          </Data>
          <Data name="種別">
            <value>2.冬期未開放(身障者非対応)</value>
          </Data>
        </ExtendedData>
        <Point>
          <coordinates>
            141.202006,43.132892,0
          </coordinates>
        </Point>
      </Placemark>
      <Placemark>
        <name>稲穂ライラック公園</name>
        <description><![CDATA[説明: 冬期開放: <br>冬期未開放: ◯<br>身障者対応: ◯<br>身障者非対応: <br>種別: 4.身障者対応(冬期未開放)<br>冬期開放: <br>冬期未開放: ◯<br>身障者対応: ◯<br>身障者非対応: <br>種別: 4.身障者対応(冬期未開放)]]></description>
        <styleUrl>#icon-1735-1A237E</styleUrl>
        <ExtendedData>
          <Data name="説明">
            <value>冬期開放: 
冬期未開放: ◯
身障者対応: ◯
身障者非対応: 
種別: 4.身障者対応(冬期未開放)</value>
          </Data>
          <Data name="冬期開放">
            <value/>
          </Data>
          <Data name="冬期未開放">
            <value>◯</value>
          </Data>
          <Data name="身障者対応">
            <value>◯</value>
          </Data>
          <Data name="身障者非対応">
            <value/>
          </Data>
          <Data name="種別">
            <value>4.身障者対応(冬期未開放)</value>
          </Data>
        </ExtendedData>
        <Point>
          <coordinates>
            141.228243,43.124703,0
          </coordinates>
        </Point>
      </Placemark>
      <Placemark>
        <name>前田すなやま公園</name>
        <description><![CDATA[説明: 冬期開放: <br>冬期未開放: ◯<br>身障者対応: ◯<br>身障者非対応: <br>種別: 4.身障者対応(冬期未開放)<br>冬期開放: <br>冬期未開放: ◯<br>身障者対応: ◯<br>身障者非対応: <br>種別: 4.身障者対応(冬期未開放)]]></description>
        <styleUrl>#icon-1735-1A237E</styleUrl>
        <ExtendedData>
          <Data name="説明">
            <value>冬期開放: 
冬期未開放: ◯
身障者対応: ◯
身障者非対応: 
種別: 4.身障者対応(冬期未開放)</value>
          </Data>
          <Data name="冬期開放">
            <value/>
          </Data>
          <Data name="冬期未開放">
            <value>◯</value>
          </Data>
          <Data name="身障者対応">
            <value>◯</value>
          </Data>
          <Data name="身障者非対応">
            <value/>
          </Data>
          <Data name="種別">
            <value>4.身障者対応(冬期未開放)</value>
          </Data>
        </ExtendedData>
        <Point>
          <coordinates>
            141.269205,43.133731,0
          </coordinates>
        </Point>
      </Placemark>
      <Placemark>
        <name>金山キャラバン公園</name>
        <description><![CDATA[説明: 冬期開放: <br>冬期未開放: ◯<br>身障者対応: ◯<br>身障者非対応: <br>種別: 4.身障者対応(冬期未開放)<br>冬期開放: <br>冬期未開放: ◯<br>身障者対応: ◯<br>身障者非対応: <br>種別: 4.身障者対応(冬期未開放)]]></description>
        <styleUrl>#icon-1735-1A237E</styleUrl>
        <ExtendedData>
          <Data name="説明">
            <value>冬期開放: 
冬期未開放: ◯
身障者対応: ◯
身障者非対応: 
種別: 4.身障者対応(冬期未開放)</value>
          </Data>
          <Data name="冬期開放">
            <value/>
          </Data>
          <Data name="冬期未開放">
            <value>◯</value>
          </Data>
          <Data name="身障者対応">
            <value>◯</value>
          </Data>
          <Data name="身障者非対応">
            <value/>
          </Data>
          <Data name="種別">
            <value>4.身障者対応(冬期未開放)</value>
          </Data>
        </ExtendedData>
        <Point>
          <coordinates>
            141.204255,43.125134,0
          </coordinates>
        </Point>
      </Placemark>
      <Placemark>
        <name>新発寒ひまわり公園</name>
        <description><![CDATA[説明: 冬期開放: <br>冬期未開放: ◯<br>身障者対応: ◯<br>身障者非対応: <br>種別: 4.身障者対応(冬期未開放)<br>冬期開放: <br>冬期未開放: ◯<br>身障者対応: ◯<br>身障者非対応: <br>種別: 4.身障者対応(冬期未開放)]]></description>
        <styleUrl>#icon-1735-1A237E</styleUrl>
        <ExtendedData>
          <Data name="説明">
            <value>冬期開放: 
冬期未開放: ◯
身障者対応: ◯
身障者非対応: 
種別: 4.身障者対応(冬期未開放)</value>
          </Data>
          <Data name="冬期開放">
            <value/>
          </Data>
          <Data name="冬期未開放">
            <value>◯</value>
          </Data>
          <Data name="身障者対応">
            <value>◯</value>
          </Data>
          <Data name="身障者非対応">
            <value/>
          </Data>
          <Data name="種別">
            <value>4.身障者対応(冬期未開放)</value>
          </Data>
        </ExtendedData>
        <Point>
          <coordinates>
            141.270044,43.12743,0
          </coordinates>
        </Point>
      </Placemark>
      <Placemark>
        <name>西宮の沢やすらぎ公園</name>
        <description><![CDATA[説明: 冬期開放: <br>冬期未開放: ◯<br>身障者対応: ◯<br>身障者非対応: <br>種別: 4.身障者対応(冬期未開放)<br>冬期開放: <br>冬期未開放: ◯<br>身障者対応: ◯<br>身障者非対応: <br>種別: 4.身障者対応(冬期未開放)]]></description>
        <styleUrl>#icon-1735-1A237E</styleUrl>
        <ExtendedData>
          <Data name="説明">
            <value>冬期開放: 
冬期未開放: ◯
身障者対応: ◯
身障者非対応: 
種別: 4.身障者対応(冬期未開放)</value>
          </Data>
          <Data name="冬期開放">
            <value/>
          </Data>
          <Data name="冬期未開放">
            <value>◯</value>
          </Data>
          <Data name="身障者対応">
            <value>◯</value>
          </Data>
          <Data name="身障者非対応">
            <value/>
          </Data>
          <Data name="種別">
            <value>4.身障者対応(冬期未開放)</value>
          </Data>
        </ExtendedData>
        <Point>
          <coordinates>
            141.262012,43.106596,0
          </coordinates>
        </Point>
      </Placemark>
      <Placemark>
        <name>西宮の沢ちびっこ公園</name>
        <description><![CDATA[説明: 冬期開放: <br>冬期未開放: ◯<br>身障者対応: ◯<br>身障者非対応: <br>種別: 4.身障者対応(冬期未開放)<br>冬期開放: <br>冬期未開放: ◯<br>身障者対応: ◯<br>身障者非対応: <br>種別: 4.身障者対応(冬期未開放)]]></description>
        <styleUrl>#icon-1735-1A237E</styleUrl>
        <ExtendedData>
          <Data name="説明">
            <value>冬期開放: 
冬期未開放: ◯
身障者対応: ◯
身障者非対応: 
種別: 4.身障者対応(冬期未開放)</value>
          </Data>
          <Data name="冬期開放">
            <value/>
          </Data>
          <Data name="冬期未開放">
            <value>◯</value>
          </Data>
          <Data name="身障者対応">
            <value>◯</value>
          </Data>
          <Data name="身障者非対応">
            <value/>
          </Data>
          <Data name="種別">
            <value>4.身障者対応(冬期未開放)</value>
          </Data>
        </ExtendedData>
        <Point>
          <coordinates>
            141.259027,43.105758,0
          </coordinates>
        </Point>
      </Placemark>
      <Placemark>
        <name>西宮の沢さくらい公園</name>
        <description><![CDATA[説明: 冬期開放: <br>冬期未開放: ◯<br>身障者対応: ◯<br>身障者非対応: <br>種別: 4.身障者対応(冬期未開放)<br>冬期開放: <br>冬期未開放: ◯<br>身障者対応: ◯<br>身障者非対応: <br>種別: 4.身障者対応(冬期未開放)]]></description>
        <styleUrl>#icon-1735-1A237E</styleUrl>
        <ExtendedData>
          <Data name="説明">
            <value>冬期開放: 
冬期未開放: ◯
身障者対応: ◯
身障者非対応: 
種別: 4.身障者対応(冬期未開放)</value>
          </Data>
          <Data name="冬期開放">
            <value/>
          </Data>
          <Data name="冬期未開放">
            <value>◯</value>
          </Data>
          <Data name="身障者対応">
            <value>◯</value>
          </Data>
          <Data name="身障者非対応">
            <value/>
          </Data>
          <Data name="種別">
            <value>4.身障者対応(冬期未開放)</value>
          </Data>
        </ExtendedData>
        <Point>
          <coordinates>
            141.263272,43.102909,0
          </coordinates>
        </Point>
      </Placemark>
      <Placemark>
        <name>金山ポプラ公園</name>
        <description><![CDATA[説明: 冬期開放: <br>冬期未開放: ◯<br>身障者対応: ◯<br>身障者非対応: <br>種別: 4.身障者対応(冬期未開放)<br>冬期開放: <br>冬期未開放: ◯<br>身障者対応: ◯<br>身障者非対応: <br>種別: 4.身障者対応(冬期未開放)]]></description>
        <styleUrl>#icon-1735-1A237E</styleUrl>
        <ExtendedData>
          <Data name="説明">
            <value>冬期開放: 
冬期未開放: ◯
身障者対応: ◯
身障者非対応: 
種別: 4.身障者対応(冬期未開放)</value>
          </Data>
          <Data name="冬期開放">
            <value/>
          </Data>
          <Data name="冬期未開放">
            <value>◯</value>
          </Data>
          <Data name="身障者対応">
            <value>◯</value>
          </Data>
          <Data name="身障者非対応">
            <value/>
          </Data>
          <Data name="種別">
            <value>4.身障者対応(冬期未開放)</value>
          </Data>
        </ExtendedData>
        <Point>
          <coordinates>
            141.206132,43.127028,0
          </coordinates>
        </Point>
      </Placemark>
      <Placemark>
        <name>ゆたか東ほおずき公園</name>
        <description><![CDATA[説明: 冬期開放: <br>冬期未開放: ◯<br>身障者対応: <br>身障者非対応: ◯<br>種別: 2.冬期未開放(身障者非対応)<br>冬期開放: <br>冬期未開放: ◯<br>身障者対応: <br>身障者非対応: ◯<br>種別: 2.冬期未開放(身障者非対応)]]></description>
        <styleUrl>#icon-1733-1A237E</styleUrl>
        <ExtendedData>
          <Data name="説明">
            <value>冬期開放: 
冬期未開放: ◯
身障者対応: 
身障者非対応: ◯
種別: 2.冬期未開放(身障者非対応)</value>
          </Data>
          <Data name="冬期開放">
            <value/>
          </Data>
          <Data name="冬期未開放">
            <value>◯</value>
          </Data>
          <Data name="身障者対応">
            <value/>
          </Data>
          <Data name="身障者非対応">
            <value>◯</value>
          </Data>
          <Data name="種別">
            <value>2.冬期未開放(身障者非対応)</value>
          </Data>
        </ExtendedData>
        <Point>
          <coordinates>
            141.263671,43.130194,0
          </coordinates>
        </Point>
      </Placemark>
      <Placemark>
        <name>富丘やまばと公園</name>
        <description><![CDATA[説明: 冬期開放: <br>冬期未開放: ◯<br>身障者対応: <br>身障者非対応: ◯<br>種別: 2.冬期未開放(身障者非対応)<br>冬期開放: <br>冬期未開放: ◯<br>身障者対応: <br>身障者非対応: ◯<br>種別: 2.冬期未開放(身障者非対応)]]></description>
        <styleUrl>#icon-1733-1A237E</styleUrl>
        <ExtendedData>
          <Data name="説明">
            <value>冬期開放: 
冬期未開放: ◯
身障者対応: 
身障者非対応: ◯
種別: 2.冬期未開放(身障者非対応)</value>
          </Data>
          <Data name="冬期開放">
            <value/>
          </Data>
          <Data name="冬期未開放">
            <value>◯</value>
          </Data>
          <Data name="身障者対応">
            <value/>
          </Data>
          <Data name="身障者非対応">
            <value>◯</value>
          </Data>
          <Data name="種別">
            <value>2.冬期未開放(身障者非対応)</value>
          </Data>
        </ExtendedData>
        <Point>
          <coordinates>
            141.246225,43.112576,0
          </coordinates>
        </Point>
      </Placemark>
      <Placemark>
        <name>風っ子公園</name>
        <description><![CDATA[説明: 冬期開放: <br>冬期未開放: ◯<br>身障者対応: <br>身障者非対応: ◯<br>種別: 2.冬期未開放(身障者非対応)<br>冬期開放: <br>冬期未開放: ◯<br>身障者対応: <br>身障者非対応: ◯<br>種別: 2.冬期未開放(身障者非対応)]]></description>
        <styleUrl>#icon-1733-1A237E</styleUrl>
        <ExtendedData>
          <Data name="説明">
            <value>冬期開放: 
冬期未開放: ◯
身障者対応: 
身障者非対応: ◯
種別: 2.冬期未開放(身障者非対応)</value>
          </Data>
          <Data name="冬期開放">
            <value/>
          </Data>
          <Data name="冬期未開放">
            <value>◯</value>
          </Data>
          <Data name="身障者対応">
            <value/>
          </Data>
          <Data name="身障者非対応">
            <value>◯</value>
          </Data>
          <Data name="種別">
            <value>2.冬期未開放(身障者非対応)</value>
          </Data>
        </ExtendedData>
        <Point>
          <coordinates>
            141.395828,43.091602,0
          </coordinates>
        </Point>
      </Placemark>
      <Placemark>
        <name>伏古あつまれ公園</name>
        <description><![CDATA[説明: 冬期開放: <br>冬期未開放: ◯<br>身障者対応: <br>身障者非対応: ◯<br>種別: 2.冬期未開放(身障者非対応)<br>冬期開放: <br>冬期未開放: ◯<br>身障者対応: <br>身障者非対応: ◯<br>種別: 2.冬期未開放(身障者非対応)]]></description>
        <styleUrl>#icon-1733-1A237E</styleUrl>
        <ExtendedData>
          <Data name="説明">
            <value>冬期開放: 
冬期未開放: ◯
身障者対応: 
身障者非対応: ◯
種別: 2.冬期未開放(身障者非対応)</value>
          </Data>
          <Data name="冬期開放">
            <value/>
          </Data>
          <Data name="冬期未開放">
            <value>◯</value>
          </Data>
          <Data name="身障者対応">
            <value/>
          </Data>
          <Data name="身障者非対応">
            <value>◯</value>
          </Data>
          <Data name="種別">
            <value>2.冬期未開放(身障者非対応)</value>
          </Data>
        </ExtendedData>
        <Point>
          <coordinates>
            141.389217,43.097628,0
          </coordinates>
        </Point>
      </Placemark>
      <Placemark>
        <name>しらゆり公園</name>
        <description><![CDATA[説明: 冬期開放: <br>冬期未開放: ◯<br>身障者対応: <br>身障者非対応: ◯<br>種別: 2.冬期未開放(身障者非対応)<br>冬期開放: <br>冬期未開放: ◯<br>身障者対応: <br>身障者非対応: ◯<br>種別: 2.冬期未開放(身障者非対応)]]></description>
        <styleUrl>#icon-1733-1A237E</styleUrl>
        <ExtendedData>
          <Data name="説明">
            <value>冬期開放: 
冬期未開放: ◯
身障者対応: 
身障者非対応: ◯
種別: 2.冬期未開放(身障者非対応)</value>
          </Data>
          <Data name="冬期開放">
            <value/>
          </Data>
          <Data name="冬期未開放">
            <value>◯</value>
          </Data>
          <Data name="身障者対応">
            <value/>
          </Data>
          <Data name="身障者非対応">
            <value>◯</value>
          </Data>
          <Data name="種別">
            <value>2.冬期未開放(身障者非対応)</value>
          </Data>
        </ExtendedData>
        <Point>
          <coordinates>
            141.369427,43.086945,0
          </coordinates>
        </Point>
      </Placemark>
      <Placemark>
        <name>のびのび公園</name>
        <description><![CDATA[説明: 冬期開放: <br>冬期未開放: ◯<br>身障者対応: <br>身障者非対応: ◯<br>種別: 2.冬期未開放(身障者非対応)<br>冬期開放: <br>冬期未開放: ◯<br>身障者対応: <br>身障者非対応: ◯<br>種別: 2.冬期未開放(身障者非対応)]]></description>
        <styleUrl>#icon-1733-1A237E</styleUrl>
        <ExtendedData>
          <Data name="説明">
            <value>冬期開放: 
冬期未開放: ◯
身障者対応: 
身障者非対応: ◯
種別: 2.冬期未開放(身障者非対応)</value>
          </Data>
          <Data name="冬期開放">
            <value/>
          </Data>
          <Data name="冬期未開放">
            <value>◯</value>
          </Data>
          <Data name="身障者対応">
            <value/>
          </Data>
          <Data name="身障者非対応">
            <value>◯</value>
          </Data>
          <Data name="種別">
            <value>2.冬期未開放(身障者非対応)</value>
          </Data>
        </ExtendedData>
        <Point>
          <coordinates>
            141.396859,43.08829,0
          </coordinates>
        </Point>
      </Placemark>
      <Placemark>
        <name>リング公園</name>
        <description><![CDATA[説明: 冬期開放: <br>冬期未開放: ◯<br>身障者対応: <br>身障者非対応: ◯<br>種別: 2.冬期未開放(身障者非対応)<br>冬期開放: <br>冬期未開放: ◯<br>身障者対応: <br>身障者非対応: ◯<br>種別: 2.冬期未開放(身障者非対応)]]></description>
        <styleUrl>#icon-1733-1A237E</styleUrl>
        <ExtendedData>
          <Data name="説明">
            <value>冬期開放: 
冬期未開放: ◯
身障者対応: 
身障者非対応: ◯
種別: 2.冬期未開放(身障者非対応)</value>
          </Data>
          <Data name="冬期開放">
            <value/>
          </Data>
          <Data name="冬期未開放">
            <value>◯</value>
          </Data>
          <Data name="身障者対応">
            <value/>
          </Data>
          <Data name="身障者非対応">
            <value>◯</value>
          </Data>
          <Data name="種別">
            <value>2.冬期未開放(身障者非対応)</value>
          </Data>
        </ExtendedData>
        <Point>
          <coordinates>
            141.389319,43.087669,0
          </coordinates>
        </Point>
      </Placemark>
      <Placemark>
        <name>東苗穂青空公園</name>
        <description><![CDATA[説明: 冬期開放: <br>冬期未開放: ◯<br>身障者対応: <br>身障者非対応: ◯<br>種別: 2.冬期未開放(身障者非対応)<br>冬期開放: <br>冬期未開放: ◯<br>身障者対応: <br>身障者非対応: ◯<br>種別: 2.冬期未開放(身障者非対応)]]></description>
        <styleUrl>#icon-1733-1A237E</styleUrl>
        <ExtendedData>
          <Data name="説明">
            <value>冬期開放: 
冬期未開放: ◯
身障者対応: 
身障者非対応: ◯
種別: 2.冬期未開放(身障者非対応)</value>
          </Data>
          <Data name="冬期開放">
            <value/>
          </Data>
          <Data name="冬期未開放">
            <value>◯</value>
          </Data>
          <Data name="身障者対応">
            <value/>
          </Data>
          <Data name="身障者非対応">
            <value>◯</value>
          </Data>
          <Data name="種別">
            <value>2.冬期未開放(身障者非対応)</value>
          </Data>
        </ExtendedData>
        <Point>
          <coordinates>
            141.419379,43.109672,0
          </coordinates>
        </Point>
      </Placemark>
      <Placemark>
        <name>東くるみ公園</name>
        <description><![CDATA[説明: 冬期開放: ◯<br>冬期未開放: <br>身障者対応: <br>身障者非対応: ◯<br>種別: 1.冬期開放(身障者非対応)<br>冬期開放: ◯<br>冬期未開放: <br>身障者対応: <br>身障者非対応: ◯<br>種別: 1.冬期開放(身障者非対応)]]></description>
        <styleUrl>#icon-1733-A52714</styleUrl>
        <ExtendedData>
          <Data name="説明">
            <value>冬期開放: ◯
冬期未開放: 
身障者対応: 
身障者非対応: ◯
種別: 1.冬期開放(身障者非対応)</value>
          </Data>
          <Data name="冬期開放">
            <value>◯</value>
          </Data>
          <Data name="冬期未開放">
            <value/>
          </Data>
          <Data name="身障者対応">
            <value/>
          </Data>
          <Data name="身障者非対応">
            <value>◯</value>
          </Data>
          <Data name="種別">
            <value>1.冬期開放(身障者非対応)</value>
          </Data>
        </ExtendedData>
        <Point>
          <coordinates>
            141.368574,43.082056,0
          </coordinates>
        </Point>
      </Placemark>
      <Placemark>
        <name>新生公園</name>
        <description><![CDATA[説明: 冬期開放: ◯<br>冬期未開放: <br>身障者対応: ◯<br>身障者非対応: <br>種別: 3.身障者対応(冬期開放)<br>冬期開放: ◯<br>冬期未開放: <br>身障者対応: ◯<br>身障者非対応: <br>種別: 3.身障者対応(冬期開放)]]></description>
        <styleUrl>#icon-1735-A52714</styleUrl>
        <ExtendedData>
          <Data name="説明">
            <value>冬期開放: ◯
冬期未開放: 
身障者対応: ◯
身障者非対応: 
種別: 3.身障者対応(冬期開放)</value>
          </Data>
          <Data name="冬期開放">
            <value>◯</value>
          </Data>
          <Data name="冬期未開放">
            <value/>
          </Data>
          <Data name="身障者対応">
            <value>◯</value>
          </Data>
          <Data name="身障者非対応">
            <value/>
          </Data>
          <Data name="種別">
            <value>3.身障者対応(冬期開放)</value>
          </Data>
        </ExtendedData>
        <Point>
          <coordinates>
            141.364731,43.072384,0
          </coordinates>
        </Point>
      </Placemark>
      <Placemark>
        <name>北栄公園</name>
        <description><![CDATA[説明: 冬期開放: ◯<br>冬期未開放: <br>身障者対応: ◯<br>身障者非対応: <br>種別: 3.身障者対応(冬期開放)<br>冬期開放: ◯<br>冬期未開放: <br>身障者対応: ◯<br>身障者非対応: <br>種別: 3.身障者対応(冬期開放)]]></description>
        <styleUrl>#icon-1735-A52714</styleUrl>
        <ExtendedData>
          <Data name="説明">
            <value>冬期開放: ◯
冬期未開放: 
身障者対応: ◯
身障者非対応: 
種別: 3.身障者対応(冬期開放)</value>
          </Data>
          <Data name="冬期開放">
            <value>◯</value>
          </Data>
          <Data name="冬期未開放">
            <value/>
          </Data>
          <Data name="身障者対応">
            <value>◯</value>
          </Data>
          <Data name="身障者非対応">
            <value/>
          </Data>
          <Data name="種別">
            <value>3.身障者対応(冬期開放)</value>
          </Data>
        </ExtendedData>
        <Point>
          <coordinates>
            141.365617,43.086728,0
          </coordinates>
        </Point>
      </Placemark>
      <Placemark>
        <name>元町公園</name>
        <description><![CDATA[説明: 冬期開放: <br>冬期未開放: ◯<br>身障者対応: ◯<br>身障者非対応: <br>種別: 4.身障者対応(冬期未開放)<br>冬期開放: <br>冬期未開放: ◯<br>身障者対応: ◯<br>身障者非対応: <br>種別: 4.身障者対応(冬期未開放)]]></description>
        <styleUrl>#icon-1735-1A237E</styleUrl>
        <ExtendedData>
          <Data name="説明">
            <value>冬期開放: 
冬期未開放: ◯
身障者対応: ◯
身障者非対応: 
種別: 4.身障者対応(冬期未開放)</value>
          </Data>
          <Data name="冬期開放">
            <value/>
          </Data>
          <Data name="冬期未開放">
            <value>◯</value>
          </Data>
          <Data name="身障者対応">
            <value>◯</value>
          </Data>
          <Data name="身障者非対応">
            <value/>
          </Data>
          <Data name="種別">
            <value>4.身障者対応(冬期未開放)</value>
          </Data>
        </ExtendedData>
        <Point>
          <coordinates>
            141.379146,43.092526,0
          </coordinates>
        </Point>
      </Placemark>
      <Placemark>
        <name>こまどり公園</name>
        <description><![CDATA[説明: 冬期開放: <br>冬期未開放: ◯<br>身障者対応: ◯<br>身障者非対応: <br>種別: 4.身障者対応(冬期未開放)<br>冬期開放: <br>冬期未開放: ◯<br>身障者対応: ◯<br>身障者非対応: <br>種別: 4.身障者対応(冬期未開放)]]></description>
        <styleUrl>#icon-1735-1A237E</styleUrl>
        <ExtendedData>
          <Data name="説明">
            <value>冬期開放: 
冬期未開放: ◯
身障者対応: ◯
身障者非対応: 
種別: 4.身障者対応(冬期未開放)</value>
          </Data>
          <Data name="冬期開放">
            <value/>
          </Data>
          <Data name="冬期未開放">
            <value>◯</value>
          </Data>
          <Data name="身障者対応">
            <value>◯</value>
          </Data>
          <Data name="身障者非対応">
            <value/>
          </Data>
          <Data name="種別">
            <value>4.身障者対応(冬期未開放)</value>
          </Data>
        </ExtendedData>
        <Point>
          <coordinates>
            141.364277,43.08465,0
          </coordinates>
        </Point>
      </Placemark>
      <Placemark>
        <name>北18条さくら公園</name>
        <description><![CDATA[説明: 冬期開放: ◯<br>冬期未開放: <br>身障者対応: ◯<br>身障者非対応: <br>種別: 3.身障者対応(冬期開放)<br>冬期開放: ◯<br>冬期未開放: <br>身障者対応: ◯<br>身障者非対応: <br>種別: 3.身障者対応(冬期開放)]]></description>
        <styleUrl>#icon-1735-A52714</styleUrl>
        <ExtendedData>
          <Data name="説明">
            <value>冬期開放: ◯
冬期未開放: 
身障者対応: ◯
身障者非対応: 
種別: 3.身障者対応(冬期開放)</value>
          </Data>
          <Data name="冬期開放">
            <value>◯</value>
          </Data>
          <Data name="冬期未開放">
            <value/>
          </Data>
          <Data name="身障者対応">
            <value>◯</value>
          </Data>
          <Data name="身障者非対応">
            <value/>
          </Data>
          <Data name="種別">
            <value>3.身障者対応(冬期開放)</value>
          </Data>
        </ExtendedData>
        <Point>
          <coordinates>
            141.354892,43.082918,0
          </coordinates>
        </Point>
      </Placemark>
      <Placemark>
        <name>鹿の原公園</name>
        <description><![CDATA[説明: 冬期開放: ◯<br>冬期未開放: <br>身障者対応: ◯<br>身障者非対応: <br>種別: 3.身障者対応(冬期開放)<br>冬期開放: ◯<br>冬期未開放: <br>身障者対応: ◯<br>身障者非対応: <br>種別: 3.身障者対応(冬期開放)]]></description>
        <styleUrl>#icon-1735-A52714</styleUrl>
        <ExtendedData>
          <Data name="説明">
            <value>冬期開放: ◯
冬期未開放: 
身障者対応: ◯
身障者非対応: 
種別: 3.身障者対応(冬期開放)</value>
          </Data>
          <Data name="冬期開放">
            <value>◯</value>
          </Data>
          <Data name="冬期未開放">
            <value/>
          </Data>
          <Data name="身障者対応">
            <value>◯</value>
          </Data>
          <Data name="身障者非対応">
            <value/>
          </Data>
          <Data name="種別">
            <value>3.身障者対応(冬期開放)</value>
          </Data>
        </ExtendedData>
        <Point>
          <coordinates>
            141.363866,43.093634,0
          </coordinates>
        </Point>
      </Placemark>
      <Placemark>
        <name>めぐみ公園</name>
        <description><![CDATA[説明: 冬期開放: <br>冬期未開放: ◯<br>身障者対応: <br>身障者非対応: ◯<br>種別: 2.冬期未開放(身障者非対応)<br>冬期開放: <br>冬期未開放: ◯<br>身障者対応: <br>身障者非対応: ◯<br>種別: 2.冬期未開放(身障者非対応)]]></description>
        <styleUrl>#icon-1733-1A237E</styleUrl>
        <ExtendedData>
          <Data name="説明">
            <value>冬期開放: 
冬期未開放: ◯
身障者対応: 
身障者非対応: ◯
種別: 2.冬期未開放(身障者非対応)</value>
          </Data>
          <Data name="冬期開放">
            <value/>
          </Data>
          <Data name="冬期未開放">
            <value>◯</value>
          </Data>
          <Data name="身障者対応">
            <value/>
          </Data>
          <Data name="身障者非対応">
            <value>◯</value>
          </Data>
          <Data name="種別">
            <value>2.冬期未開放(身障者非対応)</value>
          </Data>
        </ExtendedData>
        <Point>
          <coordinates>
            141.374784,43.086041,0
          </coordinates>
        </Point>
      </Placemark>
      <Placemark>
        <name>東栄公園</name>
        <description><![CDATA[説明: 冬期開放: <br>冬期未開放: ◯<br>身障者対応: <br>身障者非対応: ◯<br>種別: 2.冬期未開放(身障者非対応)<br>冬期開放: <br>冬期未開放: ◯<br>身障者対応: <br>身障者非対応: ◯<br>種別: 2.冬期未開放(身障者非対応)]]></description>
        <styleUrl>#icon-1733-1A237E</styleUrl>
        <ExtendedData>
          <Data name="説明">
            <value>冬期開放: 
冬期未開放: ◯
身障者対応: 
身障者非対応: ◯
種別: 2.冬期未開放(身障者非対応)</value>
          </Data>
          <Data name="冬期開放">
            <value/>
          </Data>
          <Data name="冬期未開放">
            <value>◯</value>
          </Data>
          <Data name="身障者対応">
            <value/>
          </Data>
          <Data name="身障者非対応">
            <value>◯</value>
          </Data>
          <Data name="種別">
            <value>2.冬期未開放(身障者非対応)</value>
          </Data>
        </ExtendedData>
        <Point>
          <coordinates>
            141.389821,43.076649,0
          </coordinates>
        </Point>
      </Placemark>
      <Placemark>
        <name>明園公園</name>
        <description><![CDATA[説明: 冬期開放: <br>冬期未開放: ◯<br>身障者対応: <br>身障者非対応: ◯<br>種別: 2.冬期未開放(身障者非対応)<br>冬期開放: <br>冬期未開放: ◯<br>身障者対応: <br>身障者非対応: ◯<br>種別: 2.冬期未開放(身障者非対応)]]></description>
        <styleUrl>#icon-1733-1A237E</styleUrl>
        <ExtendedData>
          <Data name="説明">
            <value>冬期開放: 
冬期未開放: ◯
身障者対応: 
身障者非対応: ◯
種別: 2.冬期未開放(身障者非対応)</value>
          </Data>
          <Data name="冬期開放">
            <value/>
          </Data>
          <Data name="冬期未開放">
            <value>◯</value>
          </Data>
          <Data name="身障者対応">
            <value/>
          </Data>
          <Data name="身障者非対応">
            <value>◯</value>
          </Data>
          <Data name="種別">
            <value>2.冬期未開放(身障者非対応)</value>
          </Data>
        </ExtendedData>
        <Point>
          <coordinates>
            141.366208,43.089589,0
          </coordinates>
        </Point>
      </Placemark>
      <Placemark>
        <name>つくし公園</name>
        <description><![CDATA[説明: 冬期開放: ◯<br>冬期未開放: <br>身障者対応: ◯<br>身障者非対応: <br>種別: 3.身障者対応(冬期開放)<br>冬期開放: ◯<br>冬期未開放: <br>身障者対応: ◯<br>身障者非対応: <br>種別: 3.身障者対応(冬期開放)]]></description>
        <styleUrl>#icon-1735-A52714</styleUrl>
        <ExtendedData>
          <Data name="説明">
            <value>冬期開放: ◯
冬期未開放: 
身障者対応: ◯
身障者非対応: 
種別: 3.身障者対応(冬期開放)</value>
          </Data>
          <Data name="冬期開放">
            <value>◯</value>
          </Data>
          <Data name="冬期未開放">
            <value/>
          </Data>
          <Data name="身障者対応">
            <value>◯</value>
          </Data>
          <Data name="身障者非対応">
            <value/>
          </Data>
          <Data name="種別">
            <value>3.身障者対応(冬期開放)</value>
          </Data>
        </ExtendedData>
        <Point>
          <coordinates>
            141.358313,43.093319,0
          </coordinates>
        </Point>
      </Placemark>
      <Placemark>
        <name>烈々布公園</name>
        <description><![CDATA[説明: 冬期開放: <br>冬期未開放: ◯<br>身障者対応: <br>身障者非対応: ◯<br>種別: 2.冬期未開放(身障者非対応)<br>冬期開放: <br>冬期未開放: ◯<br>身障者対応: <br>身障者非対応: ◯<br>種別: 2.冬期未開放(身障者非対応)]]></description>
        <styleUrl>#icon-1733-1A237E</styleUrl>
        <ExtendedData>
          <Data name="説明">
            <value>冬期開放: 
冬期未開放: ◯
身障者対応: 
身障者非対応: ◯
種別: 2.冬期未開放(身障者非対応)</value>
          </Data>
          <Data name="冬期開放">
            <value/>
          </Data>
          <Data name="冬期未開放">
            <value>◯</value>
          </Data>
          <Data name="身障者対応">
            <value/>
          </Data>
          <Data name="身障者非対応">
            <value>◯</value>
          </Data>
          <Data name="種別">
            <value>2.冬期未開放(身障者非対応)</value>
          </Data>
        </ExtendedData>
        <Point>
          <coordinates>
            141.363275,43.114217,0
          </coordinates>
        </Point>
      </Placemark>
      <Placemark>
        <name>モーモー公園</name>
        <description><![CDATA[説明: 冬期開放: ◯<br>冬期未開放: <br>身障者対応: ◯<br>身障者非対応: <br>種別: 3.身障者対応(冬期開放)<br>冬期開放: ◯<br>冬期未開放: <br>身障者対応: ◯<br>身障者非対応: <br>種別: 3.身障者対応(冬期開放)]]></description>
        <styleUrl>#icon-1735-A52714</styleUrl>
        <ExtendedData>
          <Data name="説明">
            <value>冬期開放: ◯
冬期未開放: 
身障者対応: ◯
身障者非対応: 
種別: 3.身障者対応(冬期開放)</value>
          </Data>
          <Data name="冬期開放">
            <value>◯</value>
          </Data>
          <Data name="冬期未開放">
            <value/>
          </Data>
          <Data name="身障者対応">
            <value>◯</value>
          </Data>
          <Data name="身障者非対応">
            <value/>
          </Data>
          <Data name="種別">
            <value>3.身障者対応(冬期開放)</value>
          </Data>
        </ExtendedData>
        <Point>
          <coordinates>
            141.397426,43.093692,0
          </coordinates>
        </Point>
      </Placemark>
      <Placemark>
        <name>丘珠たから公園</name>
        <description><![CDATA[説明: 冬期開放: <br>冬期未開放: ◯<br>身障者対応: <br>身障者非対応: ◯<br>種別: 2.冬期未開放(身障者非対応)<br>冬期開放: <br>冬期未開放: ◯<br>身障者対応: <br>身障者非対応: ◯<br>種別: 2.冬期未開放(身障者非対応)]]></description>
        <styleUrl>#icon-1733-1A237E</styleUrl>
        <ExtendedData>
          <Data name="説明">
            <value>冬期開放: 
冬期未開放: ◯
身障者対応: 
身障者非対応: ◯
種別: 2.冬期未開放(身障者非対応)</value>
          </Data>
          <Data name="冬期開放">
            <value/>
          </Data>
          <Data name="冬期未開放">
            <value>◯</value>
          </Data>
          <Data name="身障者対応">
            <value/>
          </Data>
          <Data name="身障者非対応">
            <value>◯</value>
          </Data>
          <Data name="種別">
            <value>2.冬期未開放(身障者非対応)</value>
          </Data>
        </ExtendedData>
        <Point>
          <coordinates>
            141.382868,43.104544,0
          </coordinates>
        </Point>
      </Placemark>
      <Placemark>
        <name>北26条子どものくに公園</name>
        <description><![CDATA[説明: 冬期開放: <br>冬期未開放: ◯<br>身障者対応: ◯<br>身障者非対応: <br>種別: 4.身障者対応(冬期未開放)<br>冬期開放: <br>冬期未開放: ◯<br>身障者対応: ◯<br>身障者非対応: <br>種別: 4.身障者対応(冬期未開放)]]></description>
        <styleUrl>#icon-1735-1A237E</styleUrl>
        <ExtendedData>
          <Data name="説明">
            <value>冬期開放: 
冬期未開放: ◯
身障者対応: ◯
身障者非対応: 
種別: 4.身障者対応(冬期未開放)</value>
          </Data>
          <Data name="冬期開放">
            <value/>
          </Data>
          <Data name="冬期未開放">
            <value>◯</value>
          </Data>
          <Data name="身障者対応">
            <value>◯</value>
          </Data>
          <Data name="身障者非対応">
            <value/>
          </Data>
          <Data name="種別">
            <value>4.身障者対応(冬期未開放)</value>
          </Data>
        </ExtendedData>
        <Point>
          <coordinates>
            141.379592,43.097148,0
          </coordinates>
        </Point>
      </Placemark>
      <Placemark>
        <name>北22条雪ん子公園</name>
        <description><![CDATA[説明: 冬期開放: ◯<br>冬期未開放: <br>身障者対応: <br>身障者非対応: ◯<br>種別: 1.冬期開放(身障者非対応)<br>冬期開放: ◯<br>冬期未開放: <br>身障者対応: <br>身障者非対応: ◯<br>種別: 1.冬期開放(身障者非対応)]]></description>
        <styleUrl>#icon-1733-A52714</styleUrl>
        <ExtendedData>
          <Data name="説明">
            <value>冬期開放: ◯
冬期未開放: 
身障者対応: 
身障者非対応: ◯
種別: 1.冬期開放(身障者非対応)</value>
          </Data>
          <Data name="冬期開放">
            <value>◯</value>
          </Data>
          <Data name="冬期未開放">
            <value/>
          </Data>
          <Data name="身障者対応">
            <value/>
          </Data>
          <Data name="身障者非対応">
            <value>◯</value>
          </Data>
          <Data name="種別">
            <value>1.冬期開放(身障者非対応)</value>
          </Data>
        </ExtendedData>
        <Point>
          <coordinates>
            141.385304,43.091081,0
          </coordinates>
        </Point>
      </Placemark>
      <Placemark>
        <name>大空公園</name>
        <description><![CDATA[説明: 冬期開放: <br>冬期未開放: ◯<br>身障者対応: ◯<br>身障者非対応: <br>種別: 4.身障者対応(冬期未開放)<br>冬期開放: <br>冬期未開放: ◯<br>身障者対応: ◯<br>身障者非対応: <br>種別: 4.身障者対応(冬期未開放)]]></description>
        <styleUrl>#icon-1735-1A237E</styleUrl>
        <ExtendedData>
          <Data name="説明">
            <value>冬期開放: 
冬期未開放: ◯
身障者対応: ◯
身障者非対応: 
種別: 4.身障者対応(冬期未開放)</value>
          </Data>
          <Data name="冬期開放">
            <value/>
          </Data>
          <Data name="冬期未開放">
            <value>◯</value>
          </Data>
          <Data name="身障者対応">
            <value>◯</value>
          </Data>
          <Data name="身障者非対応">
            <value/>
          </Data>
          <Data name="種別">
            <value>4.身障者対応(冬期未開放)</value>
          </Data>
        </ExtendedData>
        <Point>
          <coordinates>
            141.396039,43.075378,0
          </coordinates>
        </Point>
      </Placemark>
      <Placemark>
        <name>みはる公園</name>
        <description><![CDATA[説明: 冬期開放: <br>冬期未開放: ◯<br>身障者対応: <br>身障者非対応: ◯<br>種別: 2.冬期未開放(身障者非対応)<br>冬期開放: <br>冬期未開放: ◯<br>身障者対応: <br>身障者非対応: ◯<br>種別: 2.冬期未開放(身障者非対応)]]></description>
        <styleUrl>#icon-1733-1A237E</styleUrl>
        <ExtendedData>
          <Data name="説明">
            <value>冬期開放: 
冬期未開放: ◯
身障者対応: 
身障者非対応: ◯
種別: 2.冬期未開放(身障者非対応)</value>
          </Data>
          <Data name="冬期開放">
            <value/>
          </Data>
          <Data name="冬期未開放">
            <value>◯</value>
          </Data>
          <Data name="身障者対応">
            <value/>
          </Data>
          <Data name="身障者非対応">
            <value>◯</value>
          </Data>
          <Data name="種別">
            <value>2.冬期未開放(身障者非対応)</value>
          </Data>
        </ExtendedData>
        <Point>
          <coordinates>
            141.362656,43.089742,0
          </coordinates>
        </Point>
      </Placemark>
      <Placemark>
        <name>栄町ほまれ公園</name>
        <description><![CDATA[説明: 冬期開放: <br>冬期未開放: ◯<br>身障者対応: <br>身障者非対応: ◯<br>種別: 2.冬期未開放(身障者非対応)<br>冬期開放: <br>冬期未開放: ◯<br>身障者対応: <br>身障者非対応: ◯<br>種別: 2.冬期未開放(身障者非対応)]]></description>
        <styleUrl>#icon-1733-1A237E</styleUrl>
        <ExtendedData>
          <Data name="説明">
            <value>冬期開放: 
冬期未開放: ◯
身障者対応: 
身障者非対応: ◯
種別: 2.冬期未開放(身障者非対応)</value>
          </Data>
          <Data name="冬期開放">
            <value/>
          </Data>
          <Data name="冬期未開放">
            <value>◯</value>
          </Data>
          <Data name="身障者対応">
            <value/>
          </Data>
          <Data name="身障者非対応">
            <value>◯</value>
          </Data>
          <Data name="種別">
            <value>2.冬期未開放(身障者非対応)</value>
          </Data>
        </ExtendedData>
        <Point>
          <coordinates>
            141.361511,43.122089,0
          </coordinates>
        </Point>
      </Placemark>
      <Placemark>
        <name>伏古せきれい公園</name>
        <description><![CDATA[説明: 冬期開放: <br>冬期未開放: ◯<br>身障者対応: <br>身障者非対応: ◯<br>種別: 2.冬期未開放(身障者非対応)<br>冬期開放: <br>冬期未開放: ◯<br>身障者対応: <br>身障者非対応: ◯<br>種別: 2.冬期未開放(身障者非対応)]]></description>
        <styleUrl>#icon-1733-1A237E</styleUrl>
        <ExtendedData>
          <Data name="説明">
            <value>冬期開放: 
冬期未開放: ◯
身障者対応: 
身障者非対応: ◯
種別: 2.冬期未開放(身障者非対応)</value>
          </Data>
          <Data name="冬期開放">
            <value/>
          </Data>
          <Data name="冬期未開放">
            <value>◯</value>
          </Data>
          <Data name="身障者対応">
            <value/>
          </Data>
          <Data name="身障者非対応">
            <value>◯</value>
          </Data>
          <Data name="種別">
            <value>2.冬期未開放(身障者非対応)</value>
          </Data>
        </ExtendedData>
        <Point>
          <coordinates>
            141.40592,43.099894,0
          </coordinates>
        </Point>
      </Placemark>
      <Placemark>
        <name>新穂公園</name>
        <description><![CDATA[説明: 冬期開放: <br>冬期未開放: ◯<br>身障者対応: <br>身障者非対応: ◯<br>種別: 2.冬期未開放(身障者非対応)<br>冬期開放: <br>冬期未開放: ◯<br>身障者対応: <br>身障者非対応: ◯<br>種別: 2.冬期未開放(身障者非対応)]]></description>
        <styleUrl>#icon-1733-1A237E</styleUrl>
        <ExtendedData>
          <Data name="説明">
            <value>冬期開放: 
冬期未開放: ◯
身障者対応: 
身障者非対応: ◯
種別: 2.冬期未開放(身障者非対応)</value>
          </Data>
          <Data name="冬期開放">
            <value/>
          </Data>
          <Data name="冬期未開放">
            <value>◯</value>
          </Data>
          <Data name="身障者対応">
            <value/>
          </Data>
          <Data name="身障者非対応">
            <value>◯</value>
          </Data>
          <Data name="種別">
            <value>2.冬期未開放(身障者非対応)</value>
          </Data>
        </ExtendedData>
        <Point>
          <coordinates>
            141.370438,43.074955,0
          </coordinates>
        </Point>
      </Placemark>
      <Placemark>
        <name>北13条たまぞの公園</name>
        <description><![CDATA[説明: 冬期開放: <br>冬期未開放: ◯<br>身障者対応: ◯<br>身障者非対応: <br>種別: 4.身障者対応(冬期未開放)<br>冬期開放: <br>冬期未開放: ◯<br>身障者対応: ◯<br>身障者非対応: <br>種別: 4.身障者対応(冬期未開放)]]></description>
        <styleUrl>#icon-1735-1A237E</styleUrl>
        <ExtendedData>
          <Data name="説明">
            <value>冬期開放: 
冬期未開放: ◯
身障者対応: ◯
身障者非対応: 
種別: 4.身障者対応(冬期未開放)</value>
          </Data>
          <Data name="冬期開放">
            <value/>
          </Data>
          <Data name="冬期未開放">
            <value>◯</value>
          </Data>
          <Data name="身障者対応">
            <value>◯</value>
          </Data>
          <Data name="身障者非対応">
            <value/>
          </Data>
          <Data name="種別">
            <value>4.身障者対応(冬期未開放)</value>
          </Data>
        </ExtendedData>
        <Point>
          <coordinates>
            141.372087,43.080323,0
          </coordinates>
        </Point>
      </Placemark>
      <Placemark>
        <name>北11条ことぶき公園</name>
        <description><![CDATA[説明: 冬期開放: <br>冬期未開放: ◯<br>身障者対応: ◯<br>身障者非対応: <br>種別: 4.身障者対応(冬期未開放)<br>冬期開放: <br>冬期未開放: ◯<br>身障者対応: ◯<br>身障者非対応: <br>種別: 4.身障者対応(冬期未開放)]]></description>
        <styleUrl>#icon-1735-1A237E</styleUrl>
        <ExtendedData>
          <Data name="説明">
            <value>冬期開放: 
冬期未開放: ◯
身障者対応: ◯
身障者非対応: 
種別: 4.身障者対応(冬期未開放)</value>
          </Data>
          <Data name="冬期開放">
            <value/>
          </Data>
          <Data name="冬期未開放">
            <value>◯</value>
          </Data>
          <Data name="身障者対応">
            <value>◯</value>
          </Data>
          <Data name="身障者非対応">
            <value/>
          </Data>
          <Data name="種別">
            <value>4.身障者対応(冬期未開放)</value>
          </Data>
        </ExtendedData>
        <Point>
          <coordinates>
            141.35986,43.075953,0
          </coordinates>
        </Point>
      </Placemark>
      <Placemark>
        <name>あすなろ公園</name>
        <description><![CDATA[説明: 冬期開放: <br>冬期未開放: ◯<br>身障者対応: ◯<br>身障者非対応: <br>種別: 4.身障者対応(冬期未開放)<br>冬期開放: <br>冬期未開放: ◯<br>身障者対応: ◯<br>身障者非対応: <br>種別: 4.身障者対応(冬期未開放)]]></description>
        <styleUrl>#icon-1735-1A237E</styleUrl>
        <ExtendedData>
          <Data name="説明">
            <value>冬期開放: 
冬期未開放: ◯
身障者対応: ◯
身障者非対応: 
種別: 4.身障者対応(冬期未開放)</value>
          </Data>
          <Data name="冬期開放">
            <value/>
          </Data>
          <Data name="冬期未開放">
            <value>◯</value>
          </Data>
          <Data name="身障者対応">
            <value>◯</value>
          </Data>
          <Data name="身障者非対応">
            <value/>
          </Data>
          <Data name="種別">
            <value>4.身障者対応(冬期未開放)</value>
          </Data>
        </ExtendedData>
        <Point>
          <coordinates>
            141.379641,43.089519,0
          </coordinates>
        </Point>
      </Placemark>
      <Placemark>
        <name>たまねぎちゃん公園</name>
        <description><![CDATA[説明: 冬期開放: <br>冬期未開放: ◯<br>身障者対応: ◯<br>身障者非対応: <br>種別: 4.身障者対応(冬期未開放)<br>冬期開放: <br>冬期未開放: ◯<br>身障者対応: ◯<br>身障者非対応: <br>種別: 4.身障者対応(冬期未開放)]]></description>
        <styleUrl>#icon-1735-1A237E</styleUrl>
        <ExtendedData>
          <Data name="説明">
            <value>冬期開放: 
冬期未開放: ◯
身障者対応: ◯
身障者非対応: 
種別: 4.身障者対応(冬期未開放)</value>
          </Data>
          <Data name="冬期開放">
            <value/>
          </Data>
          <Data name="冬期未開放">
            <value>◯</value>
          </Data>
          <Data name="身障者対応">
            <value>◯</value>
          </Data>
          <Data name="身障者非対応">
            <value/>
          </Data>
          <Data name="種別">
            <value>4.身障者対応(冬期未開放)</value>
          </Data>
        </ExtendedData>
        <Point>
          <coordinates>
            141.393773,43.088969,0
          </coordinates>
        </Point>
      </Placemark>
      <Placemark>
        <name>東雁来めぐみ公園</name>
        <description><![CDATA[説明: 冬期開放: <br>冬期未開放: ◯<br>身障者対応: ◯<br>身障者非対応: <br>種別: 4.身障者対応(冬期未開放)<br>冬期開放: <br>冬期未開放: ◯<br>身障者対応: ◯<br>身障者非対応: <br>種別: 4.身障者対応(冬期未開放)]]></description>
        <styleUrl>#icon-1735-1A237E</styleUrl>
        <ExtendedData>
          <Data name="説明">
            <value>冬期開放: 
冬期未開放: ◯
身障者対応: ◯
身障者非対応: 
種別: 4.身障者対応(冬期未開放)</value>
          </Data>
          <Data name="冬期開放">
            <value/>
          </Data>
          <Data name="冬期未開放">
            <value>◯</value>
          </Data>
          <Data name="身障者対応">
            <value>◯</value>
          </Data>
          <Data name="身障者非対応">
            <value/>
          </Data>
          <Data name="種別">
            <value>4.身障者対応(冬期未開放)</value>
          </Data>
        </ExtendedData>
        <Point>
          <coordinates>
            141.425186,43.096464,0
          </coordinates>
        </Point>
      </Placemark>
      <Placemark>
        <name>東苗穂さかえ公園</name>
        <description><![CDATA[説明: 冬期開放: <br>冬期未開放: ◯<br>身障者対応: ◯<br>身障者非対応: <br>種別: 4.身障者対応(冬期未開放)<br>冬期開放: <br>冬期未開放: ◯<br>身障者対応: ◯<br>身障者非対応: <br>種別: 4.身障者対応(冬期未開放)]]></description>
        <styleUrl>#icon-1735-1A237E</styleUrl>
        <ExtendedData>
          <Data name="説明">
            <value>冬期開放: 
冬期未開放: ◯
身障者対応: ◯
身障者非対応: 
種別: 4.身障者対応(冬期未開放)</value>
          </Data>
          <Data name="冬期開放">
            <value/>
          </Data>
          <Data name="冬期未開放">
            <value>◯</value>
          </Data>
          <Data name="身障者対応">
            <value>◯</value>
          </Data>
          <Data name="身障者非対応">
            <value/>
          </Data>
          <Data name="種別">
            <value>4.身障者対応(冬期未開放)</value>
          </Data>
        </ExtendedData>
        <Point>
          <coordinates>
            141.425992,43.102675,0
          </coordinates>
        </Point>
      </Placemark>
      <Placemark>
        <name>東雁来すずらん公園</name>
        <description><![CDATA[説明: 冬期開放: <br>冬期未開放: ◯<br>身障者対応: ◯<br>身障者非対応: <br>種別: 4.身障者対応(冬期未開放)<br>冬期開放: <br>冬期未開放: ◯<br>身障者対応: ◯<br>身障者非対応: <br>種別: 4.身障者対応(冬期未開放)]]></description>
        <styleUrl>#icon-1735-1A237E</styleUrl>
        <ExtendedData>
          <Data name="説明">
            <value>冬期開放: 
冬期未開放: ◯
身障者対応: ◯
身障者非対応: 
種別: 4.身障者対応(冬期未開放)</value>
          </Data>
          <Data name="冬期開放">
            <value/>
          </Data>
          <Data name="冬期未開放">
            <value>◯</value>
          </Data>
          <Data name="身障者対応">
            <value>◯</value>
          </Data>
          <Data name="身障者非対応">
            <value/>
          </Data>
          <Data name="種別">
            <value>4.身障者対応(冬期未開放)</value>
          </Data>
        </ExtendedData>
        <Point>
          <coordinates>
            141.430755,43.092145,0
          </coordinates>
        </Point>
      </Placemark>
      <Placemark>
        <name>ホップ公園</name>
        <description><![CDATA[説明: 冬期開放: <br>冬期未開放: ◯<br>身障者対応: ◯<br>身障者非対応: <br>種別: 4.身障者対応(冬期未開放)<br>冬期開放: <br>冬期未開放: ◯<br>身障者対応: ◯<br>身障者非対応: <br>種別: 4.身障者対応(冬期未開放)]]></description>
        <styleUrl>#icon-1735-1A237E</styleUrl>
        <ExtendedData>
          <Data name="説明">
            <value>冬期開放: 
冬期未開放: ◯
身障者対応: ◯
身障者非対応: 
種別: 4.身障者対応(冬期未開放)</value>
          </Data>
          <Data name="冬期開放">
            <value/>
          </Data>
          <Data name="冬期未開放">
            <value>◯</value>
          </Data>
          <Data name="身障者対応">
            <value>◯</value>
          </Data>
          <Data name="身障者非対応">
            <value/>
          </Data>
          <Data name="種別">
            <value>4.身障者対応(冬期未開放)</value>
          </Data>
        </ExtendedData>
        <Point>
          <coordinates>
            141.3687,43.073665,0
          </coordinates>
        </Point>
      </Placemark>
      <Placemark>
        <name>北16条おはよう公園</name>
        <description><![CDATA[説明: 冬期開放: <br>冬期未開放: ◯<br>身障者対応: ◯<br>身障者非対応: <br>種別: 4.身障者対応(冬期未開放)<br>冬期開放: <br>冬期未開放: ◯<br>身障者対応: ◯<br>身障者非対応: <br>種別: 4.身障者対応(冬期未開放)]]></description>
        <styleUrl>#icon-1735-1A237E</styleUrl>
        <ExtendedData>
          <Data name="説明">
            <value>冬期開放: 
冬期未開放: ◯
身障者対応: ◯
身障者非対応: 
種別: 4.身障者対応(冬期未開放)</value>
          </Data>
          <Data name="冬期開放">
            <value/>
          </Data>
          <Data name="冬期未開放">
            <value>◯</value>
          </Data>
          <Data name="身障者対応">
            <value>◯</value>
          </Data>
          <Data name="身障者非対応">
            <value/>
          </Data>
          <Data name="種別">
            <value>4.身障者対応(冬期未開放)</value>
          </Data>
        </ExtendedData>
        <Point>
          <coordinates>
            141.378472,43.084501,0
          </coordinates>
        </Point>
      </Placemark>
      <Placemark>
        <name>北光公園</name>
        <description><![CDATA[説明: 冬期開放: <br>冬期未開放: ◯<br>身障者対応: <br>身障者非対応: ◯<br>種別: 2.冬期未開放(身障者非対応)<br>冬期開放: <br>冬期未開放: ◯<br>身障者対応: <br>身障者非対応: ◯<br>種別: 2.冬期未開放(身障者非対応)]]></description>
        <styleUrl>#icon-1733-1A237E</styleUrl>
        <ExtendedData>
          <Data name="説明">
            <value>冬期開放: 
冬期未開放: ◯
身障者対応: 
身障者非対応: ◯
種別: 2.冬期未開放(身障者非対応)</value>
          </Data>
          <Data name="冬期開放">
            <value/>
          </Data>
          <Data name="冬期未開放">
            <value>◯</value>
          </Data>
          <Data name="身障者対応">
            <value/>
          </Data>
          <Data name="身障者非対応">
            <value>◯</value>
          </Data>
          <Data name="種別">
            <value>2.冬期未開放(身障者非対応)</value>
          </Data>
        </ExtendedData>
        <Point>
          <coordinates>
            141.359252,43.078476,0
          </coordinates>
        </Point>
      </Placemark>
      <Placemark>
        <name>伏古馬っ子公園</name>
        <description><![CDATA[説明: 冬期開放: <br>冬期未開放: ◯<br>身障者対応: <br>身障者非対応: ◯<br>種別: 2.冬期未開放(身障者非対応)<br>冬期開放: <br>冬期未開放: ◯<br>身障者対応: <br>身障者非対応: ◯<br>種別: 2.冬期未開放(身障者非対応)]]></description>
        <styleUrl>#icon-1733-1A237E</styleUrl>
        <ExtendedData>
          <Data name="説明">
            <value>冬期開放: 
冬期未開放: ◯
身障者対応: 
身障者非対応: ◯
種別: 2.冬期未開放(身障者非対応)</value>
          </Data>
          <Data name="冬期開放">
            <value/>
          </Data>
          <Data name="冬期未開放">
            <value>◯</value>
          </Data>
          <Data name="身障者対応">
            <value/>
          </Data>
          <Data name="身障者非対応">
            <value>◯</value>
          </Data>
          <Data name="種別">
            <value>2.冬期未開放(身障者非対応)</value>
          </Data>
        </ExtendedData>
        <Point>
          <coordinates>
            141.403842,43.096897,0
          </coordinates>
        </Point>
      </Placemark>
      <Placemark>
        <name>伏古かっこう公園</name>
        <description><![CDATA[説明: 冬期開放: <br>冬期未開放: ◯<br>身障者対応: <br>身障者非対応: ◯<br>種別: 2.冬期未開放(身障者非対応)<br>冬期開放: <br>冬期未開放: ◯<br>身障者対応: <br>身障者非対応: ◯<br>種別: 2.冬期未開放(身障者非対応)]]></description>
        <styleUrl>#icon-1733-1A237E</styleUrl>
        <ExtendedData>
          <Data name="説明">
            <value>冬期開放: 
冬期未開放: ◯
身障者対応: 
身障者非対応: ◯
種別: 2.冬期未開放(身障者非対応)</value>
          </Data>
          <Data name="冬期開放">
            <value/>
          </Data>
          <Data name="冬期未開放">
            <value>◯</value>
          </Data>
          <Data name="身障者対応">
            <value/>
          </Data>
          <Data name="身障者非対応">
            <value>◯</value>
          </Data>
          <Data name="種別">
            <value>2.冬期未開放(身障者非対応)</value>
          </Data>
        </ExtendedData>
        <Point>
          <coordinates>
            141.401675,43.100703,0
          </coordinates>
        </Point>
      </Placemark>
      <Placemark>
        <name>青空公園</name>
        <description><![CDATA[説明: 冬期開放: <br>冬期未開放: ◯<br>身障者対応: <br>身障者非対応: ◯<br>種別: 2.冬期未開放(身障者非対応)<br>冬期開放: <br>冬期未開放: ◯<br>身障者対応: <br>身障者非対応: ◯<br>種別: 2.冬期未開放(身障者非対応)]]></description>
        <styleUrl>#icon-1733-1A237E</styleUrl>
        <ExtendedData>
          <Data name="説明">
            <value>冬期開放: 
冬期未開放: ◯
身障者対応: 
身障者非対応: ◯
種別: 2.冬期未開放(身障者非対応)</value>
          </Data>
          <Data name="冬期開放">
            <value/>
          </Data>
          <Data name="冬期未開放">
            <value>◯</value>
          </Data>
          <Data name="身障者対応">
            <value/>
          </Data>
          <Data name="身障者非対応">
            <value>◯</value>
          </Data>
          <Data name="種別">
            <value>2.冬期未開放(身障者非対応)</value>
          </Data>
        </ExtendedData>
        <Point>
          <coordinates>
            141.374719,43.093389,0
          </coordinates>
        </Point>
      </Placemark>
      <Placemark>
        <name>東苗穂あかげら公園</name>
        <description><![CDATA[説明: 冬期開放: <br>冬期未開放: ◯<br>身障者対応: <br>身障者非対応: ◯<br>種別: 2.冬期未開放(身障者非対応)<br>冬期開放: <br>冬期未開放: ◯<br>身障者対応: <br>身障者非対応: ◯<br>種別: 2.冬期未開放(身障者非対応)]]></description>
        <styleUrl>#icon-1733-1A237E</styleUrl>
        <ExtendedData>
          <Data name="説明">
            <value>冬期開放: 
冬期未開放: ◯
身障者対応: 
身障者非対応: ◯
種別: 2.冬期未開放(身障者非対応)</value>
          </Data>
          <Data name="冬期開放">
            <value/>
          </Data>
          <Data name="冬期未開放">
            <value>◯</value>
          </Data>
          <Data name="身障者対応">
            <value/>
          </Data>
          <Data name="身障者非対応">
            <value>◯</value>
          </Data>
          <Data name="種別">
            <value>2.冬期未開放(身障者非対応)</value>
          </Data>
        </ExtendedData>
        <Point>
          <coordinates>
            141.409622,43.098662,0
          </coordinates>
        </Point>
      </Placemark>
      <Placemark>
        <name>栄町青い鳥公園</name>
        <description><![CDATA[説明: 冬期開放: ◯<br>冬期未開放: <br>身障者対応: <br>身障者非対応: ◯<br>種別: 1.冬期開放(身障者非対応)<br>冬期開放: ◯<br>冬期未開放: <br>身障者対応: <br>身障者非対応: ◯<br>種別: 1.冬期開放(身障者非対応)]]></description>
        <styleUrl>#icon-1733-A52714</styleUrl>
        <ExtendedData>
          <Data name="説明">
            <value>冬期開放: ◯
冬期未開放: 
身障者対応: 
身障者非対応: ◯
種別: 1.冬期開放(身障者非対応)</value>
          </Data>
          <Data name="冬期開放">
            <value>◯</value>
          </Data>
          <Data name="冬期未開放">
            <value/>
          </Data>
          <Data name="身障者対応">
            <value/>
          </Data>
          <Data name="身障者非対応">
            <value>◯</value>
          </Data>
          <Data name="種別">
            <value>1.冬期開放(身障者非対応)</value>
          </Data>
        </ExtendedData>
        <Point>
          <coordinates>
            141.379684,43.105603,0
          </coordinates>
        </Point>
      </Placemark>
      <Placemark>
        <name>チビデカ公園</name>
        <description><![CDATA[説明: 冬期開放: <br>冬期未開放: ◯<br>身障者対応: <br>身障者非対応: ◯<br>種別: 2.冬期未開放(身障者非対応)<br>冬期開放: <br>冬期未開放: ◯<br>身障者対応: <br>身障者非対応: ◯<br>種別: 2.冬期未開放(身障者非対応)]]></description>
        <styleUrl>#icon-1733-1A237E</styleUrl>
        <ExtendedData>
          <Data name="説明">
            <value>冬期開放: 
冬期未開放: ◯
身障者対応: 
身障者非対応: ◯
種別: 2.冬期未開放(身障者非対応)</value>
          </Data>
          <Data name="冬期開放">
            <value/>
          </Data>
          <Data name="冬期未開放">
            <value>◯</value>
          </Data>
          <Data name="身障者対応">
            <value/>
          </Data>
          <Data name="身障者非対応">
            <value>◯</value>
          </Data>
          <Data name="種別">
            <value>2.冬期未開放(身障者非対応)</value>
          </Data>
        </ExtendedData>
        <Point>
          <coordinates>
            141.393693,43.085689,0
          </coordinates>
        </Point>
      </Placemark>
      <Placemark>
        <name>栄町どんぐり公園</name>
        <description><![CDATA[説明: 冬期開放: <br>冬期未開放: ◯<br>身障者対応: <br>身障者非対応: ◯<br>種別: 2.冬期未開放(身障者非対応)<br>冬期開放: <br>冬期未開放: ◯<br>身障者対応: <br>身障者非対応: ◯<br>種別: 2.冬期未開放(身障者非対応)]]></description>
        <styleUrl>#icon-1733-1A237E</styleUrl>
        <ExtendedData>
          <Data name="説明">
            <value>冬期開放: 
冬期未開放: ◯
身障者対応: 
身障者非対応: ◯
種別: 2.冬期未開放(身障者非対応)</value>
          </Data>
          <Data name="冬期開放">
            <value/>
          </Data>
          <Data name="冬期未開放">
            <value>◯</value>
          </Data>
          <Data name="身障者対応">
            <value/>
          </Data>
          <Data name="身障者非対応">
            <value>◯</value>
          </Data>
          <Data name="種別">
            <value>2.冬期未開放(身障者非対応)</value>
          </Data>
        </ExtendedData>
        <Point>
          <coordinates>
            141.361593,43.124193,0
          </coordinates>
        </Point>
      </Placemark>
      <Placemark>
        <name>東苗穂たんぽぽ公園</name>
        <description><![CDATA[説明: 冬期開放: <br>冬期未開放: ◯<br>身障者対応: <br>身障者非対応: ◯<br>種別: 2.冬期未開放(身障者非対応)<br>冬期開放: <br>冬期未開放: ◯<br>身障者対応: <br>身障者非対応: ◯<br>種別: 2.冬期未開放(身障者非対応)]]></description>
        <styleUrl>#icon-1733-1A237E</styleUrl>
        <ExtendedData>
          <Data name="説明">
            <value>冬期開放: 
冬期未開放: ◯
身障者対応: 
身障者非対応: ◯
種別: 2.冬期未開放(身障者非対応)</value>
          </Data>
          <Data name="冬期開放">
            <value/>
          </Data>
          <Data name="冬期未開放">
            <value>◯</value>
          </Data>
          <Data name="身障者対応">
            <value/>
          </Data>
          <Data name="身障者非対応">
            <value>◯</value>
          </Data>
          <Data name="種別">
            <value>2.冬期未開放(身障者非対応)</value>
          </Data>
        </ExtendedData>
        <Point>
          <coordinates>
            141.399207,43.097328,0
          </coordinates>
        </Point>
      </Placemark>
      <Placemark>
        <name>東苗穂レインボー公園</name>
        <description><![CDATA[説明: 冬期開放: <br>冬期未開放: ◯<br>身障者対応: <br>身障者非対応: ◯<br>種別: 2.冬期未開放(身障者非対応)<br>冬期開放: <br>冬期未開放: ◯<br>身障者対応: <br>身障者非対応: ◯<br>種別: 2.冬期未開放(身障者非対応)]]></description>
        <styleUrl>#icon-1733-1A237E</styleUrl>
        <ExtendedData>
          <Data name="説明">
            <value>冬期開放: 
冬期未開放: ◯
身障者対応: 
身障者非対応: ◯
種別: 2.冬期未開放(身障者非対応)</value>
          </Data>
          <Data name="冬期開放">
            <value/>
          </Data>
          <Data name="冬期未開放">
            <value>◯</value>
          </Data>
          <Data name="身障者対応">
            <value/>
          </Data>
          <Data name="身障者非対応">
            <value>◯</value>
          </Data>
          <Data name="種別">
            <value>2.冬期未開放(身障者非対応)</value>
          </Data>
        </ExtendedData>
        <Point>
          <coordinates>
            141.418342,43.111984,0
          </coordinates>
        </Point>
      </Placemark>
      <Placemark>
        <name>北26条ホームラン公園</name>
        <description><![CDATA[説明: 冬期開放: ◯<br>冬期未開放: <br>身障者対応: <br>身障者非対応: ◯<br>種別: 1.冬期開放(身障者非対応)<br>冬期開放: ◯<br>冬期未開放: <br>身障者対応: <br>身障者非対応: ◯<br>種別: 1.冬期開放(身障者非対応)]]></description>
        <styleUrl>#icon-1733-A52714</styleUrl>
        <ExtendedData>
          <Data name="説明">
            <value>冬期開放: ◯
冬期未開放: 
身障者対応: 
身障者非対応: ◯
種別: 1.冬期開放(身障者非対応)</value>
          </Data>
          <Data name="冬期開放">
            <value>◯</value>
          </Data>
          <Data name="冬期未開放">
            <value/>
          </Data>
          <Data name="身障者対応">
            <value/>
          </Data>
          <Data name="身障者非対応">
            <value>◯</value>
          </Data>
          <Data name="種別">
            <value>1.冬期開放(身障者非対応)</value>
          </Data>
        </ExtendedData>
        <Point>
          <coordinates>
            141.386742,43.098756,0
          </coordinates>
        </Point>
      </Placemark>
      <Placemark>
        <name>北37条さくら公園</name>
        <description><![CDATA[説明: 冬期開放: <br>冬期未開放: ◯<br>身障者対応: <br>身障者非対応: ◯<br>種別: 2.冬期未開放(身障者非対応)<br>冬期開放: <br>冬期未開放: ◯<br>身障者対応: <br>身障者非対応: ◯<br>種別: 2.冬期未開放(身障者非対応)]]></description>
        <styleUrl>#icon-1733-1A237E</styleUrl>
        <ExtendedData>
          <Data name="説明">
            <value>冬期開放: 
冬期未開放: ◯
身障者対応: 
身障者非対応: ◯
種別: 2.冬期未開放(身障者非対応)</value>
          </Data>
          <Data name="冬期開放">
            <value/>
          </Data>
          <Data name="冬期未開放">
            <value>◯</value>
          </Data>
          <Data name="身障者対応">
            <value/>
          </Data>
          <Data name="身障者非対応">
            <value>◯</value>
          </Data>
          <Data name="種別">
            <value>2.冬期未開放(身障者非対応)</value>
          </Data>
        </ExtendedData>
        <Point>
          <coordinates>
            141.346632,43.105641,0
          </coordinates>
        </Point>
      </Placemark>
      <Placemark>
        <name>北45条元園ゆたか公園</name>
        <description><![CDATA[説明: 冬期開放: <br>冬期未開放: ◯<br>身障者対応: <br>身障者非対応: ◯<br>種別: 2.冬期未開放(身障者非対応)<br>冬期開放: <br>冬期未開放: ◯<br>身障者対応: <br>身障者非対応: ◯<br>種別: 2.冬期未開放(身障者非対応)]]></description>
        <styleUrl>#icon-1733-1A237E</styleUrl>
        <ExtendedData>
          <Data name="説明">
            <value>冬期開放: 
冬期未開放: ◯
身障者対応: 
身障者非対応: ◯
種別: 2.冬期未開放(身障者非対応)</value>
          </Data>
          <Data name="冬期開放">
            <value/>
          </Data>
          <Data name="冬期未開放">
            <value>◯</value>
          </Data>
          <Data name="身障者対応">
            <value/>
          </Data>
          <Data name="身障者非対応">
            <value>◯</value>
          </Data>
          <Data name="種別">
            <value>2.冬期未開放(身障者非対応)</value>
          </Data>
        </ExtendedData>
        <Point>
          <coordinates>
            141.357507,43.116444,0
          </coordinates>
        </Point>
      </Placemark>
      <Placemark>
        <name>こばと公園</name>
        <description><![CDATA[説明: 冬期開放: <br>冬期未開放: ◯<br>身障者対応: <br>身障者非対応: ◯<br>種別: 2.冬期未開放(身障者非対応)<br>冬期開放: <br>冬期未開放: ◯<br>身障者対応: <br>身障者非対応: ◯<br>種別: 2.冬期未開放(身障者非対応)]]></description>
        <styleUrl>#icon-1733-1A237E</styleUrl>
        <ExtendedData>
          <Data name="説明">
            <value>冬期開放: 
冬期未開放: ◯
身障者対応: 
身障者非対応: ◯
種別: 2.冬期未開放(身障者非対応)</value>
          </Data>
          <Data name="冬期開放">
            <value/>
          </Data>
          <Data name="冬期未開放">
            <value>◯</value>
          </Data>
          <Data name="身障者対応">
            <value/>
          </Data>
          <Data name="身障者非対応">
            <value>◯</value>
          </Data>
          <Data name="種別">
            <value>2.冬期未開放(身障者非対応)</value>
          </Data>
        </ExtendedData>
        <Point>
          <coordinates>
            141.370756,43.094452,0
          </coordinates>
        </Point>
      </Placemark>
      <Placemark>
        <name>あざみ公園</name>
        <description><![CDATA[説明: 冬期開放: <br>冬期未開放: ◯<br>身障者対応: <br>身障者非対応: ◯<br>種別: 2.冬期未開放(身障者非対応)<br>冬期開放: <br>冬期未開放: ◯<br>身障者対応: <br>身障者非対応: ◯<br>種別: 2.冬期未開放(身障者非対応)]]></description>
        <styleUrl>#icon-1733-1A237E</styleUrl>
        <ExtendedData>
          <Data name="説明">
            <value>冬期開放: 
冬期未開放: ◯
身障者対応: 
身障者非対応: ◯
種別: 2.冬期未開放(身障者非対応)</value>
          </Data>
          <Data name="冬期開放">
            <value/>
          </Data>
          <Data name="冬期未開放">
            <value>◯</value>
          </Data>
          <Data name="身障者対応">
            <value/>
          </Data>
          <Data name="身障者非対応">
            <value>◯</value>
          </Data>
          <Data name="種別">
            <value>2.冬期未開放(身障者非対応)</value>
          </Data>
        </ExtendedData>
        <Point>
          <coordinates>
            141.3727,43.083379,0
          </coordinates>
        </Point>
      </Placemark>
      <Placemark>
        <name>北39条アカシヤ公園</name>
        <description><![CDATA[説明: 冬期開放: ◯<br>冬期未開放: <br>身障者対応: <br>身障者非対応: ◯<br>種別: 1.冬期開放(身障者非対応)<br>冬期開放: ◯<br>冬期未開放: <br>身障者対応: <br>身障者非対応: ◯<br>種別: 1.冬期開放(身障者非対応)]]></description>
        <styleUrl>#icon-1733-A52714</styleUrl>
        <ExtendedData>
          <Data name="説明">
            <value>冬期開放: ◯
冬期未開放: 
身障者対応: 
身障者非対応: ◯
種別: 1.冬期開放(身障者非対応)</value>
          </Data>
          <Data name="冬期開放">
            <value>◯</value>
          </Data>
          <Data name="冬期未開放">
            <value/>
          </Data>
          <Data name="身障者対応">
            <value/>
          </Data>
          <Data name="身障者非対応">
            <value>◯</value>
          </Data>
          <Data name="種別">
            <value>1.冬期開放(身障者非対応)</value>
          </Data>
        </ExtendedData>
        <Point>
          <coordinates>
            141.352336,43.1079,0
          </coordinates>
        </Point>
      </Placemark>
      <Placemark>
        <name>丘珠一号公園</name>
        <description><![CDATA[説明: 冬期開放: <br>冬期未開放: ◯<br>身障者対応: <br>身障者非対応: ◯<br>種別: 2.冬期未開放(身障者非対応)<br>冬期開放: <br>冬期未開放: ◯<br>身障者対応: <br>身障者非対応: ◯<br>種別: 2.冬期未開放(身障者非対応)]]></description>
        <styleUrl>#icon-1733-1A237E</styleUrl>
        <ExtendedData>
          <Data name="説明">
            <value>冬期開放: 
冬期未開放: ◯
身障者対応: 
身障者非対応: ◯
種別: 2.冬期未開放(身障者非対応)</value>
          </Data>
          <Data name="冬期開放">
            <value/>
          </Data>
          <Data name="冬期未開放">
            <value>◯</value>
          </Data>
          <Data name="身障者対応">
            <value/>
          </Data>
          <Data name="身障者非対応">
            <value>◯</value>
          </Data>
          <Data name="種別">
            <value>2.冬期未開放(身障者非対応)</value>
          </Data>
        </ExtendedData>
        <Point>
          <coordinates>
            141.396597,43.101822,0
          </coordinates>
        </Point>
      </Placemark>
      <Placemark>
        <name>丘珠清明公園</name>
        <description><![CDATA[説明: 冬期開放: <br>冬期未開放: ◯<br>身障者対応: <br>身障者非対応: ◯<br>種別: 2.冬期未開放(身障者非対応)<br>冬期開放: <br>冬期未開放: ◯<br>身障者対応: <br>身障者非対応: ◯<br>種別: 2.冬期未開放(身障者非対応)]]></description>
        <styleUrl>#icon-1733-1A237E</styleUrl>
        <ExtendedData>
          <Data name="説明">
            <value>冬期開放: 
冬期未開放: ◯
身障者対応: 
身障者非対応: ◯
種別: 2.冬期未開放(身障者非対応)</value>
          </Data>
          <Data name="冬期開放">
            <value/>
          </Data>
          <Data name="冬期未開放">
            <value>◯</value>
          </Data>
          <Data name="身障者対応">
            <value/>
          </Data>
          <Data name="身障者非対応">
            <value>◯</value>
          </Data>
          <Data name="種別">
            <value>2.冬期未開放(身障者非対応)</value>
          </Data>
        </ExtendedData>
        <Point>
          <coordinates>
            141.391457,43.103755,0
          </coordinates>
        </Point>
      </Placemark>
      <Placemark>
        <name>丘珠よつば公園</name>
        <description><![CDATA[説明: 冬期開放: <br>冬期未開放: ◯<br>身障者対応: <br>身障者非対応: ◯<br>種別: 2.冬期未開放(身障者非対応)<br>冬期開放: <br>冬期未開放: ◯<br>身障者対応: <br>身障者非対応: ◯<br>種別: 2.冬期未開放(身障者非対応)]]></description>
        <styleUrl>#icon-1733-1A237E</styleUrl>
        <ExtendedData>
          <Data name="説明">
            <value>冬期開放: 
冬期未開放: ◯
身障者対応: 
身障者非対応: ◯
種別: 2.冬期未開放(身障者非対応)</value>
          </Data>
          <Data name="冬期開放">
            <value/>
          </Data>
          <Data name="冬期未開放">
            <value>◯</value>
          </Data>
          <Data name="身障者対応">
            <value/>
          </Data>
          <Data name="身障者非対応">
            <value>◯</value>
          </Data>
          <Data name="種別">
            <value>2.冬期未開放(身障者非対応)</value>
          </Data>
        </ExtendedData>
        <Point>
          <coordinates>
            141.3883,43.101138,0
          </coordinates>
        </Point>
      </Placemark>
      <Placemark>
        <name>栄町さくら公園</name>
        <description><![CDATA[説明: 冬期開放: <br>冬期未開放: ◯<br>身障者対応: ◯<br>身障者非対応: <br>種別: 4.身障者対応(冬期未開放)<br>冬期開放: <br>冬期未開放: ◯<br>身障者対応: ◯<br>身障者非対応: <br>種別: 4.身障者対応(冬期未開放)]]></description>
        <styleUrl>#icon-1735-1A237E</styleUrl>
        <ExtendedData>
          <Data name="説明">
            <value>冬期開放: 
冬期未開放: ◯
身障者対応: ◯
身障者非対応: 
種別: 4.身障者対応(冬期未開放)</value>
          </Data>
          <Data name="冬期開放">
            <value/>
          </Data>
          <Data name="冬期未開放">
            <value>◯</value>
          </Data>
          <Data name="身障者対応">
            <value>◯</value>
          </Data>
          <Data name="身障者非対応">
            <value/>
          </Data>
          <Data name="種別">
            <value>4.身障者対応(冬期未開放)</value>
          </Data>
        </ExtendedData>
        <Point>
          <coordinates>
            141.367189,43.116738,0
          </coordinates>
        </Point>
      </Placemark>
      <Placemark>
        <name>東雁来いこい公園</name>
        <description><![CDATA[説明: 冬期開放: <br>冬期未開放: ◯<br>身障者対応: ◯<br>身障者非対応: <br>種別: 4.身障者対応(冬期未開放)<br>冬期開放: <br>冬期未開放: ◯<br>身障者対応: ◯<br>身障者非対応: <br>種別: 4.身障者対応(冬期未開放)]]></description>
        <styleUrl>#icon-1735-1A237E</styleUrl>
        <ExtendedData>
          <Data name="説明">
            <value>冬期開放: 
冬期未開放: ◯
身障者対応: ◯
身障者非対応: 
種別: 4.身障者対応(冬期未開放)</value>
          </Data>
          <Data name="冬期開放">
            <value/>
          </Data>
          <Data name="冬期未開放">
            <value>◯</value>
          </Data>
          <Data name="身障者対応">
            <value>◯</value>
          </Data>
          <Data name="身障者非対応">
            <value/>
          </Data>
          <Data name="種別">
            <value>4.身障者対応(冬期未開放)</value>
          </Data>
        </ExtendedData>
        <Point>
          <coordinates>
            141.422306,43.097771,0
          </coordinates>
        </Point>
      </Placemark>
      <Placemark>
        <name>伏古みみずく公園</name>
        <description><![CDATA[説明: 冬期開放: <br>冬期未開放: ◯<br>身障者対応: <br>身障者非対応: ◯<br>種別: 2.冬期未開放(身障者非対応)<br>冬期開放: <br>冬期未開放: ◯<br>身障者対応: <br>身障者非対応: ◯<br>種別: 2.冬期未開放(身障者非対応)]]></description>
        <styleUrl>#icon-1733-1A237E</styleUrl>
        <ExtendedData>
          <Data name="説明">
            <value>冬期開放: 
冬期未開放: ◯
身障者対応: 
身障者非対応: ◯
種別: 2.冬期未開放(身障者非対応)</value>
          </Data>
          <Data name="冬期開放">
            <value/>
          </Data>
          <Data name="冬期未開放">
            <value>◯</value>
          </Data>
          <Data name="身障者対応">
            <value/>
          </Data>
          <Data name="身障者非対応">
            <value>◯</value>
          </Data>
          <Data name="種別">
            <value>2.冬期未開放(身障者非対応)</value>
          </Data>
        </ExtendedData>
        <Point>
          <coordinates>
            141.406878,43.101714,0
          </coordinates>
        </Point>
      </Placemark>
      <Placemark>
        <name>北15条すくらむ公園</name>
        <description><![CDATA[説明: 冬期開放: <br>冬期未開放: ◯<br>身障者対応: <br>身障者非対応: ◯<br>種別: 2.冬期未開放(身障者非対応)<br>冬期開放: <br>冬期未開放: ◯<br>身障者対応: <br>身障者非対応: ◯<br>種別: 2.冬期未開放(身障者非対応)]]></description>
        <styleUrl>#icon-1733-1A237E</styleUrl>
        <ExtendedData>
          <Data name="説明">
            <value>冬期開放: 
冬期未開放: ◯
身障者対応: 
身障者非対応: ◯
種別: 2.冬期未開放(身障者非対応)</value>
          </Data>
          <Data name="冬期開放">
            <value/>
          </Data>
          <Data name="冬期未開放">
            <value>◯</value>
          </Data>
          <Data name="身障者対応">
            <value/>
          </Data>
          <Data name="身障者非対応">
            <value>◯</value>
          </Data>
          <Data name="種別">
            <value>2.冬期未開放(身障者非対応)</value>
          </Data>
        </ExtendedData>
        <Point>
          <coordinates>
            141.3585,43.080732,0
          </coordinates>
        </Point>
      </Placemark>
      <Placemark>
        <name>たものき公園</name>
        <description><![CDATA[説明: 冬期開放: ◯<br>冬期未開放: <br>身障者対応: <br>身障者非対応: ◯<br>種別: 1.冬期開放(身障者非対応)<br>冬期開放: ◯<br>冬期未開放: <br>身障者対応: <br>身障者非対応: ◯<br>種別: 1.冬期開放(身障者非対応)]]></description>
        <styleUrl>#icon-1733-A52714</styleUrl>
        <ExtendedData>
          <Data name="説明">
            <value>冬期開放: ◯
冬期未開放: 
身障者対応: 
身障者非対応: ◯
種別: 1.冬期開放(身障者非対応)</value>
          </Data>
          <Data name="冬期開放">
            <value>◯</value>
          </Data>
          <Data name="冬期未開放">
            <value/>
          </Data>
          <Data name="身障者対応">
            <value/>
          </Data>
          <Data name="身障者非対応">
            <value>◯</value>
          </Data>
          <Data name="種別">
            <value>1.冬期開放(身障者非対応)</value>
          </Data>
        </ExtendedData>
        <Point>
          <coordinates>
            141.351301,43.092077,0
          </coordinates>
        </Point>
      </Placemark>
      <Placemark>
        <name>しらかば公園</name>
        <description><![CDATA[説明: 冬期開放: <br>冬期未開放: ◯<br>身障者対応: <br>身障者非対応: ◯<br>種別: 2.冬期未開放(身障者非対応)<br>冬期開放: <br>冬期未開放: ◯<br>身障者対応: <br>身障者非対応: ◯<br>種別: 2.冬期未開放(身障者非対応)]]></description>
        <styleUrl>#icon-1733-1A237E</styleUrl>
        <ExtendedData>
          <Data name="説明">
            <value>冬期開放: 
冬期未開放: ◯
身障者対応: 
身障者非対応: ◯
種別: 2.冬期未開放(身障者非対応)</value>
          </Data>
          <Data name="冬期開放">
            <value/>
          </Data>
          <Data name="冬期未開放">
            <value>◯</value>
          </Data>
          <Data name="身障者対応">
            <value/>
          </Data>
          <Data name="身障者非対応">
            <value>◯</value>
          </Data>
          <Data name="種別">
            <value>2.冬期未開放(身障者非対応)</value>
          </Data>
        </ExtendedData>
        <Point>
          <coordinates>
            141.352247,43.090349,0
          </coordinates>
        </Point>
      </Placemark>
      <Placemark>
        <name>清田あさひ公園</name>
        <description><![CDATA[説明: 冬期開放: <br>冬期未開放: ◯<br>身障者対応: <br>身障者非対応: ◯<br>種別: 2.冬期未開放(身障者非対応)<br>冬期開放: <br>冬期未開放: ◯<br>身障者対応: <br>身障者非対応: ◯<br>種別: 2.冬期未開放(身障者非対応)]]></description>
        <styleUrl>#icon-1733-1A237E</styleUrl>
        <ExtendedData>
          <Data name="説明">
            <value>冬期開放: 
冬期未開放: ◯
身障者対応: 
身障者非対応: ◯
種別: 2.冬期未開放(身障者非対応)</value>
          </Data>
          <Data name="冬期開放">
            <value/>
          </Data>
          <Data name="冬期未開放">
            <value>◯</value>
          </Data>
          <Data name="身障者対応">
            <value/>
          </Data>
          <Data name="身障者非対応">
            <value>◯</value>
          </Data>
          <Data name="種別">
            <value>2.冬期未開放(身障者非対応)</value>
          </Data>
        </ExtendedData>
        <Point>
          <coordinates>
            141.432998,42.994194,0
          </coordinates>
        </Point>
      </Placemark>
      <Placemark>
        <name>美しが丘シープヒル公園</name>
        <description><![CDATA[説明: 冬期開放: <br>冬期未開放: ◯<br>身障者対応: <br>身障者非対応: ◯<br>種別: 2.冬期未開放(身障者非対応)<br>冬期開放: <br>冬期未開放: ◯<br>身障者対応: <br>身障者非対応: ◯<br>種別: 2.冬期未開放(身障者非対応)]]></description>
        <styleUrl>#icon-1733-1A237E</styleUrl>
        <ExtendedData>
          <Data name="説明">
            <value>冬期開放: 
冬期未開放: ◯
身障者対応: 
身障者非対応: ◯
種別: 2.冬期未開放(身障者非対応)</value>
          </Data>
          <Data name="冬期開放">
            <value/>
          </Data>
          <Data name="冬期未開放">
            <value>◯</value>
          </Data>
          <Data name="身障者対応">
            <value/>
          </Data>
          <Data name="身障者非対応">
            <value>◯</value>
          </Data>
          <Data name="種別">
            <value>2.冬期未開放(身障者非対応)</value>
          </Data>
        </ExtendedData>
        <Point>
          <coordinates>
            141.4539,42.985591,0
          </coordinates>
        </Point>
      </Placemark>
      <Placemark>
        <name>清田桜ヶ丘公園</name>
        <description><![CDATA[説明: 冬期開放: <br>冬期未開放: ◯<br>身障者対応: <br>身障者非対応: ◯<br>種別: 2.冬期未開放(身障者非対応)<br>冬期開放: <br>冬期未開放: ◯<br>身障者対応: <br>身障者非対応: ◯<br>種別: 2.冬期未開放(身障者非対応)]]></description>
        <styleUrl>#icon-1733-1A237E</styleUrl>
        <ExtendedData>
          <Data name="説明">
            <value>冬期開放: 
冬期未開放: ◯
身障者対応: 
身障者非対応: ◯
種別: 2.冬期未開放(身障者非対応)</value>
          </Data>
          <Data name="冬期開放">
            <value/>
          </Data>
          <Data name="冬期未開放">
            <value>◯</value>
          </Data>
          <Data name="身障者対応">
            <value/>
          </Data>
          <Data name="身障者非対応">
            <value>◯</value>
          </Data>
          <Data name="種別">
            <value>2.冬期未開放(身障者非対応)</value>
          </Data>
        </ExtendedData>
        <Point>
          <coordinates>
            141.422662,42.996248,0
          </coordinates>
        </Point>
      </Placemark>
      <Placemark>
        <name>清田見晴台公園</name>
        <description><![CDATA[説明: 冬期開放: <br>冬期未開放: ◯<br>身障者対応: <br>身障者非対応: ◯<br>種別: 2.冬期未開放(身障者非対応)<br>冬期開放: <br>冬期未開放: ◯<br>身障者対応: <br>身障者非対応: ◯<br>種別: 2.冬期未開放(身障者非対応)]]></description>
        <styleUrl>#icon-1733-1A237E</styleUrl>
        <ExtendedData>
          <Data name="説明">
            <value>冬期開放: 
冬期未開放: ◯
身障者対応: 
身障者非対応: ◯
種別: 2.冬期未開放(身障者非対応)</value>
          </Data>
          <Data name="冬期開放">
            <value/>
          </Data>
          <Data name="冬期未開放">
            <value>◯</value>
          </Data>
          <Data name="身障者対応">
            <value/>
          </Data>
          <Data name="身障者非対応">
            <value>◯</value>
          </Data>
          <Data name="種別">
            <value>2.冬期未開放(身障者非対応)</value>
          </Data>
        </ExtendedData>
        <Point>
          <coordinates>
            141.436322,42.986916,0
          </coordinates>
        </Point>
      </Placemark>
      <Placemark>
        <name>美しが丘ひまわり公園</name>
        <description><![CDATA[説明: 冬期開放: <br>冬期未開放: ◯<br>身障者対応: <br>身障者非対応: ◯<br>種別: 2.冬期未開放(身障者非対応)<br>冬期開放: <br>冬期未開放: ◯<br>身障者対応: <br>身障者非対応: ◯<br>種別: 2.冬期未開放(身障者非対応)]]></description>
        <styleUrl>#icon-1733-1A237E</styleUrl>
        <ExtendedData>
          <Data name="説明">
            <value>冬期開放: 
冬期未開放: ◯
身障者対応: 
身障者非対応: ◯
種別: 2.冬期未開放(身障者非対応)</value>
          </Data>
          <Data name="冬期開放">
            <value/>
          </Data>
          <Data name="冬期未開放">
            <value>◯</value>
          </Data>
          <Data name="身障者対応">
            <value/>
          </Data>
          <Data name="身障者非対応">
            <value>◯</value>
          </Data>
          <Data name="種別">
            <value>2.冬期未開放(身障者非対応)</value>
          </Data>
        </ExtendedData>
        <Point>
          <coordinates>
            141.458592,42.981375,0
          </coordinates>
        </Point>
      </Placemark>
      <Placemark>
        <name>美しが丘ぼうけん公園</name>
        <description><![CDATA[説明: 冬期開放: <br>冬期未開放: ◯<br>身障者対応: <br>身障者非対応: ◯<br>種別: 2.冬期未開放(身障者非対応)<br>冬期開放: <br>冬期未開放: ◯<br>身障者対応: <br>身障者非対応: ◯<br>種別: 2.冬期未開放(身障者非対応)]]></description>
        <styleUrl>#icon-1733-1A237E</styleUrl>
        <ExtendedData>
          <Data name="説明">
            <value>冬期開放: 
冬期未開放: ◯
身障者対応: 
身障者非対応: ◯
種別: 2.冬期未開放(身障者非対応)</value>
          </Data>
          <Data name="冬期開放">
            <value/>
          </Data>
          <Data name="冬期未開放">
            <value>◯</value>
          </Data>
          <Data name="身障者対応">
            <value/>
          </Data>
          <Data name="身障者非対応">
            <value>◯</value>
          </Data>
          <Data name="種別">
            <value>2.冬期未開放(身障者非対応)</value>
          </Data>
        </ExtendedData>
        <Point>
          <coordinates>
            141.455966,42.981804,0
          </coordinates>
        </Point>
      </Placemark>
      <Placemark>
        <name>清栄公園</name>
        <description><![CDATA[説明: 冬期開放: <br>冬期未開放: ◯<br>身障者対応: <br>身障者非対応: ◯<br>種別: 2.冬期未開放(身障者非対応)<br>冬期開放: <br>冬期未開放: ◯<br>身障者対応: <br>身障者非対応: ◯<br>種別: 2.冬期未開放(身障者非対応)]]></description>
        <styleUrl>#icon-1733-1A237E</styleUrl>
        <ExtendedData>
          <Data name="説明">
            <value>冬期開放: 
冬期未開放: ◯
身障者対応: 
身障者非対応: ◯
種別: 2.冬期未開放(身障者非対応)</value>
          </Data>
          <Data name="冬期開放">
            <value/>
          </Data>
          <Data name="冬期未開放">
            <value>◯</value>
          </Data>
          <Data name="身障者対応">
            <value/>
          </Data>
          <Data name="身障者非対応">
            <value>◯</value>
          </Data>
          <Data name="種別">
            <value>2.冬期未開放(身障者非対応)</value>
          </Data>
        </ExtendedData>
        <Point>
          <coordinates>
            141.432548,42.983268,0
          </coordinates>
        </Point>
      </Placemark>
      <Placemark>
        <name>桂台あおぞら公園</name>
        <description><![CDATA[説明: 冬期開放: <br>冬期未開放: ◯<br>身障者対応: <br>身障者非対応: ◯<br>種別: 2.冬期未開放(身障者非対応)<br>冬期開放: <br>冬期未開放: ◯<br>身障者対応: <br>身障者非対応: ◯<br>種別: 2.冬期未開放(身障者非対応)]]></description>
        <styleUrl>#icon-1733-1A237E</styleUrl>
        <ExtendedData>
          <Data name="説明">
            <value>冬期開放: 
冬期未開放: ◯
身障者対応: 
身障者非対応: ◯
種別: 2.冬期未開放(身障者非対応)</value>
          </Data>
          <Data name="冬期開放">
            <value/>
          </Data>
          <Data name="冬期未開放">
            <value>◯</value>
          </Data>
          <Data name="身障者対応">
            <value/>
          </Data>
          <Data name="身障者非対応">
            <value>◯</value>
          </Data>
          <Data name="種別">
            <value>2.冬期未開放(身障者非対応)</value>
          </Data>
        </ExtendedData>
        <Point>
          <coordinates>
            141.464578,42.992174,0
          </coordinates>
        </Point>
      </Placemark>
      <Placemark>
        <name>かつら台公園</name>
        <description><![CDATA[説明: 冬期開放: <br>冬期未開放: ◯<br>身障者対応: <br>身障者非対応: ◯<br>種別: 2.冬期未開放(身障者非対応)<br>冬期開放: <br>冬期未開放: ◯<br>身障者対応: <br>身障者非対応: ◯<br>種別: 2.冬期未開放(身障者非対応)]]></description>
        <styleUrl>#icon-1733-1A237E</styleUrl>
        <ExtendedData>
          <Data name="説明">
            <value>冬期開放: 
冬期未開放: ◯
身障者対応: 
身障者非対応: ◯
種別: 2.冬期未開放(身障者非対応)</value>
          </Data>
          <Data name="冬期開放">
            <value/>
          </Data>
          <Data name="冬期未開放">
            <value>◯</value>
          </Data>
          <Data name="身障者対応">
            <value/>
          </Data>
          <Data name="身障者非対応">
            <value>◯</value>
          </Data>
          <Data name="種別">
            <value>2.冬期未開放(身障者非対応)</value>
          </Data>
        </ExtendedData>
        <Point>
          <coordinates>
            141.463408,42.98776,0
          </coordinates>
        </Point>
      </Placemark>
      <Placemark>
        <name>ライブヒルズわんぱく公園</name>
        <description><![CDATA[説明: 冬期開放: <br>冬期未開放: ◯<br>身障者対応: <br>身障者非対応: ◯<br>種別: 2.冬期未開放(身障者非対応)<br>冬期開放: <br>冬期未開放: ◯<br>身障者対応: <br>身障者非対応: ◯<br>種別: 2.冬期未開放(身障者非対応)]]></description>
        <styleUrl>#icon-1733-1A237E</styleUrl>
        <ExtendedData>
          <Data name="説明">
            <value>冬期開放: 
冬期未開放: ◯
身障者対応: 
身障者非対応: ◯
種別: 2.冬期未開放(身障者非対応)</value>
          </Data>
          <Data name="冬期開放">
            <value/>
          </Data>
          <Data name="冬期未開放">
            <value>◯</value>
          </Data>
          <Data name="身障者対応">
            <value/>
          </Data>
          <Data name="身障者非対応">
            <value>◯</value>
          </Data>
          <Data name="種別">
            <value>2.冬期未開放(身障者非対応)</value>
          </Data>
        </ExtendedData>
        <Point>
          <coordinates>
            141.474807,43.004997,0
          </coordinates>
        </Point>
      </Placemark>
      <Placemark>
        <name>こもれびふれあい公園</name>
        <description><![CDATA[説明: 冬期開放: <br>冬期未開放: ◯<br>身障者対応: <br>身障者非対応: ◯<br>種別: 2.冬期未開放(身障者非対応)<br>冬期開放: <br>冬期未開放: ◯<br>身障者対応: <br>身障者非対応: ◯<br>種別: 2.冬期未開放(身障者非対応)]]></description>
        <styleUrl>#icon-1733-1A237E</styleUrl>
        <ExtendedData>
          <Data name="説明">
            <value>冬期開放: 
冬期未開放: ◯
身障者対応: 
身障者非対応: ◯
種別: 2.冬期未開放(身障者非対応)</value>
          </Data>
          <Data name="冬期開放">
            <value/>
          </Data>
          <Data name="冬期未開放">
            <value>◯</value>
          </Data>
          <Data name="身障者対応">
            <value/>
          </Data>
          <Data name="身障者非対応">
            <value>◯</value>
          </Data>
          <Data name="種別">
            <value>2.冬期未開放(身障者非対応)</value>
          </Data>
        </ExtendedData>
        <Point>
          <coordinates>
            141.478178,43.006635,0
          </coordinates>
        </Point>
      </Placemark>
      <Placemark>
        <name>清田せせらぎ公園</name>
        <description><![CDATA[説明: 冬期開放: <br>冬期未開放: ◯<br>身障者対応: <br>身障者非対応: ◯<br>種別: 2.冬期未開放(身障者非対応)<br>冬期開放: <br>冬期未開放: ◯<br>身障者対応: <br>身障者非対応: ◯<br>種別: 2.冬期未開放(身障者非対応)]]></description>
        <styleUrl>#icon-1733-1A237E</styleUrl>
        <ExtendedData>
          <Data name="説明">
            <value>冬期開放: 
冬期未開放: ◯
身障者対応: 
身障者非対応: ◯
種別: 2.冬期未開放(身障者非対応)</value>
          </Data>
          <Data name="冬期開放">
            <value/>
          </Data>
          <Data name="冬期未開放">
            <value>◯</value>
          </Data>
          <Data name="身障者対応">
            <value/>
          </Data>
          <Data name="身障者非対応">
            <value>◯</value>
          </Data>
          <Data name="種別">
            <value>2.冬期未開放(身障者非対応)</value>
          </Data>
        </ExtendedData>
        <Point>
          <coordinates>
            141.439433,43.000529,0
          </coordinates>
        </Point>
      </Placemark>
      <Placemark>
        <name>平岡どろんこ公園</name>
        <description><![CDATA[説明: 冬期開放: <br>冬期未開放: ◯<br>身障者対応: <br>身障者非対応: ◯<br>種別: 2.冬期未開放(身障者非対応)<br>冬期開放: <br>冬期未開放: ◯<br>身障者対応: <br>身障者非対応: ◯<br>種別: 2.冬期未開放(身障者非対応)]]></description>
        <styleUrl>#icon-1733-1A237E</styleUrl>
        <ExtendedData>
          <Data name="説明">
            <value>冬期開放: 
冬期未開放: ◯
身障者対応: 
身障者非対応: ◯
種別: 2.冬期未開放(身障者非対応)</value>
          </Data>
          <Data name="冬期開放">
            <value/>
          </Data>
          <Data name="冬期未開放">
            <value>◯</value>
          </Data>
          <Data name="身障者対応">
            <value/>
          </Data>
          <Data name="身障者非対応">
            <value>◯</value>
          </Data>
          <Data name="種別">
            <value>2.冬期未開放(身障者非対応)</value>
          </Data>
        </ExtendedData>
        <Point>
          <coordinates>
            141.448881,42.999464,0
          </coordinates>
        </Point>
      </Placemark>
      <Placemark>
        <name>清田すずめ公園</name>
        <description><![CDATA[説明: 冬期開放: <br>冬期未開放: ◯<br>身障者対応: <br>身障者非対応: ◯<br>種別: 2.冬期未開放(身障者非対応)<br>冬期開放: <br>冬期未開放: ◯<br>身障者対応: <br>身障者非対応: ◯<br>種別: 2.冬期未開放(身障者非対応)]]></description>
        <styleUrl>#icon-1733-1A237E</styleUrl>
        <ExtendedData>
          <Data name="説明">
            <value>冬期開放: 
冬期未開放: ◯
身障者対応: 
身障者非対応: ◯
種別: 2.冬期未開放(身障者非対応)</value>
          </Data>
          <Data name="冬期開放">
            <value/>
          </Data>
          <Data name="冬期未開放">
            <value>◯</value>
          </Data>
          <Data name="身障者対応">
            <value/>
          </Data>
          <Data name="身障者非対応">
            <value>◯</value>
          </Data>
          <Data name="種別">
            <value>2.冬期未開放(身障者非対応)</value>
          </Data>
        </ExtendedData>
        <Point>
          <coordinates>
            141.436173,42.994919,0
          </coordinates>
        </Point>
      </Placemark>
      <Placemark>
        <name>平岡ぼだいじゅ公園</name>
        <description><![CDATA[説明: 冬期開放: <br>冬期未開放: ◯<br>身障者対応: <br>身障者非対応: ◯<br>種別: 2.冬期未開放(身障者非対応)<br>冬期開放: <br>冬期未開放: ◯<br>身障者対応: <br>身障者非対応: ◯<br>種別: 2.冬期未開放(身障者非対応)]]></description>
        <styleUrl>#icon-1733-1A237E</styleUrl>
        <ExtendedData>
          <Data name="説明">
            <value>冬期開放: 
冬期未開放: ◯
身障者対応: 
身障者非対応: ◯
種別: 2.冬期未開放(身障者非対応)</value>
          </Data>
          <Data name="冬期開放">
            <value/>
          </Data>
          <Data name="冬期未開放">
            <value>◯</value>
          </Data>
          <Data name="身障者対応">
            <value/>
          </Data>
          <Data name="身障者非対応">
            <value>◯</value>
          </Data>
          <Data name="種別">
            <value>2.冬期未開放(身障者非対応)</value>
          </Data>
        </ExtendedData>
        <Point>
          <coordinates>
            141.44872,43.006359,0
          </coordinates>
        </Point>
      </Placemark>
      <Placemark>
        <name>北野ひばり公園</name>
        <description><![CDATA[説明: 冬期開放: <br>冬期未開放: ◯<br>身障者対応: <br>身障者非対応: ◯<br>種別: 2.冬期未開放(身障者非対応)<br>冬期開放: <br>冬期未開放: ◯<br>身障者対応: <br>身障者非対応: ◯<br>種別: 2.冬期未開放(身障者非対応)]]></description>
        <styleUrl>#icon-1733-1A237E</styleUrl>
        <ExtendedData>
          <Data name="説明">
            <value>冬期開放: 
冬期未開放: ◯
身障者対応: 
身障者非対応: ◯
種別: 2.冬期未開放(身障者非対応)</value>
          </Data>
          <Data name="冬期開放">
            <value/>
          </Data>
          <Data name="冬期未開放">
            <value>◯</value>
          </Data>
          <Data name="身障者対応">
            <value/>
          </Data>
          <Data name="身障者非対応">
            <value>◯</value>
          </Data>
          <Data name="種別">
            <value>2.冬期未開放(身障者非対応)</value>
          </Data>
        </ExtendedData>
        <Point>
          <coordinates>
            141.438712,43.022434,0
          </coordinates>
        </Point>
      </Placemark>
      <Placemark>
        <name>清田青空公園</name>
        <description><![CDATA[説明: 冬期開放: <br>冬期未開放: ◯<br>身障者対応: <br>身障者非対応: ◯<br>種別: 2.冬期未開放(身障者非対応)<br>冬期開放: <br>冬期未開放: ◯<br>身障者対応: <br>身障者非対応: ◯<br>種別: 2.冬期未開放(身障者非対応)]]></description>
        <styleUrl>#icon-1733-1A237E</styleUrl>
        <ExtendedData>
          <Data name="説明">
            <value>冬期開放: 
冬期未開放: ◯
身障者対応: 
身障者非対応: ◯
種別: 2.冬期未開放(身障者非対応)</value>
          </Data>
          <Data name="冬期開放">
            <value/>
          </Data>
          <Data name="冬期未開放">
            <value>◯</value>
          </Data>
          <Data name="身障者対応">
            <value/>
          </Data>
          <Data name="身障者非対応">
            <value>◯</value>
          </Data>
          <Data name="種別">
            <value>2.冬期未開放(身障者非対応)</value>
          </Data>
        </ExtendedData>
        <Point>
          <coordinates>
            141.432352,42.997126,0
          </coordinates>
        </Point>
      </Placemark>
      <Placemark>
        <name>真栄さぼてん公園</name>
        <description><![CDATA[説明: 冬期開放: <br>冬期未開放: ◯<br>身障者対応: ◯<br>身障者非対応: <br>種別: 4.身障者対応(冬期未開放)<br>冬期開放: <br>冬期未開放: ◯<br>身障者対応: ◯<br>身障者非対応: <br>種別: 4.身障者対応(冬期未開放)]]></description>
        <styleUrl>#icon-1735-1A237E</styleUrl>
        <ExtendedData>
          <Data name="説明">
            <value>冬期開放: 
冬期未開放: ◯
身障者対応: ◯
身障者非対応: 
種別: 4.身障者対応(冬期未開放)</value>
          </Data>
          <Data name="冬期開放">
            <value/>
          </Data>
          <Data name="冬期未開放">
            <value>◯</value>
          </Data>
          <Data name="身障者対応">
            <value>◯</value>
          </Data>
          <Data name="身障者非対応">
            <value/>
          </Data>
          <Data name="種別">
            <value>4.身障者対応(冬期未開放)</value>
          </Data>
        </ExtendedData>
        <Point>
          <coordinates>
            141.444316,42.984445,0
          </coordinates>
        </Point>
      </Placemark>
      <Placemark>
        <name>清田元町さくら台公園</name>
        <description><![CDATA[説明: 冬期開放: <br>冬期未開放: ◯<br>身障者対応: <br>身障者非対応: ◯<br>種別: 2.冬期未開放(身障者非対応)<br>冬期開放: <br>冬期未開放: ◯<br>身障者対応: <br>身障者非対応: ◯<br>種別: 2.冬期未開放(身障者非対応)]]></description>
        <styleUrl>#icon-1733-1A237E</styleUrl>
        <ExtendedData>
          <Data name="説明">
            <value>冬期開放: 
冬期未開放: ◯
身障者対応: 
身障者非対応: ◯
種別: 2.冬期未開放(身障者非対応)</value>
          </Data>
          <Data name="冬期開放">
            <value/>
          </Data>
          <Data name="冬期未開放">
            <value>◯</value>
          </Data>
          <Data name="身障者対応">
            <value/>
          </Data>
          <Data name="身障者非対応">
            <value>◯</value>
          </Data>
          <Data name="種別">
            <value>2.冬期未開放(身障者非対応)</value>
          </Data>
        </ExtendedData>
        <Point>
          <coordinates>
            141.421163,42.989107,0
          </coordinates>
        </Point>
      </Placemark>
      <Placemark>
        <name>北野すずらん公園</name>
        <description><![CDATA[説明: 冬期開放: <br>冬期未開放: ◯<br>身障者対応: <br>身障者非対応: ◯<br>種別: 2.冬期未開放(身障者非対応)<br>冬期開放: <br>冬期未開放: ◯<br>身障者対応: <br>身障者非対応: ◯<br>種別: 2.冬期未開放(身障者非対応)]]></description>
        <styleUrl>#icon-1733-1A237E</styleUrl>
        <ExtendedData>
          <Data name="説明">
            <value>冬期開放: 
冬期未開放: ◯
身障者対応: 
身障者非対応: ◯
種別: 2.冬期未開放(身障者非対応)</value>
          </Data>
          <Data name="冬期開放">
            <value/>
          </Data>
          <Data name="冬期未開放">
            <value>◯</value>
          </Data>
          <Data name="身障者対応">
            <value/>
          </Data>
          <Data name="身障者非対応">
            <value>◯</value>
          </Data>
          <Data name="種別">
            <value>2.冬期未開放(身障者非対応)</value>
          </Data>
        </ExtendedData>
        <Point>
          <coordinates>
            141.433406,43.016195,0
          </coordinates>
        </Point>
      </Placemark>
      <Placemark>
        <name>真栄さくら公園</name>
        <description><![CDATA[説明: 冬期開放: ◯<br>冬期未開放: <br>身障者対応: ◯<br>身障者非対応: <br>種別: 3.身障者対応(冬期開放)<br>冬期開放: ◯<br>冬期未開放: <br>身障者対応: ◯<br>身障者非対応: <br>種別: 3.身障者対応(冬期開放)]]></description>
        <styleUrl>#icon-1735-A52714</styleUrl>
        <ExtendedData>
          <Data name="説明">
            <value>冬期開放: ◯
冬期未開放: 
身障者対応: ◯
身障者非対応: 
種別: 3.身障者対応(冬期開放)</value>
          </Data>
          <Data name="冬期開放">
            <value>◯</value>
          </Data>
          <Data name="冬期未開放">
            <value/>
          </Data>
          <Data name="身障者対応">
            <value>◯</value>
          </Data>
          <Data name="身障者非対応">
            <value/>
          </Data>
          <Data name="種別">
            <value>3.身障者対応(冬期開放)</value>
          </Data>
        </ExtendedData>
        <Point>
          <coordinates>
            141.444231,42.992554,0
          </coordinates>
        </Point>
      </Placemark>
      <Placemark>
        <name>北野まきば公園</name>
        <description><![CDATA[説明: 冬期開放: <br>冬期未開放: ◯<br>身障者対応: ◯<br>身障者非対応: <br>種別: 4.身障者対応(冬期未開放)<br>冬期開放: <br>冬期未開放: ◯<br>身障者対応: ◯<br>身障者非対応: <br>種別: 4.身障者対応(冬期未開放)]]></description>
        <styleUrl>#icon-1735-1A237E</styleUrl>
        <ExtendedData>
          <Data name="説明">
            <value>冬期開放: 
冬期未開放: ◯
身障者対応: ◯
身障者非対応: 
種別: 4.身障者対応(冬期未開放)</value>
          </Data>
          <Data name="冬期開放">
            <value/>
          </Data>
          <Data name="冬期未開放">
            <value>◯</value>
          </Data>
          <Data name="身障者対応">
            <value>◯</value>
          </Data>
          <Data name="身障者非対応">
            <value/>
          </Data>
          <Data name="種別">
            <value>4.身障者対応(冬期未開放)</value>
          </Data>
        </ExtendedData>
        <Point>
          <coordinates>
            141.430591,43.02118,0
          </coordinates>
        </Point>
      </Placemark>
      <Placemark>
        <name>里塚緑ヶ丘かたらい公園</name>
        <description><![CDATA[説明: 冬期開放: <br>冬期未開放: ◯<br>身障者対応: ◯<br>身障者非対応: <br>種別: 4.身障者対応(冬期未開放)<br>冬期開放: <br>冬期未開放: ◯<br>身障者対応: ◯<br>身障者非対応: <br>種別: 4.身障者対応(冬期未開放)]]></description>
        <styleUrl>#icon-1735-1A237E</styleUrl>
        <ExtendedData>
          <Data name="説明">
            <value>冬期開放: 
冬期未開放: ◯
身障者対応: ◯
身障者非対応: 
種別: 4.身障者対応(冬期未開放)</value>
          </Data>
          <Data name="冬期開放">
            <value/>
          </Data>
          <Data name="冬期未開放">
            <value>◯</value>
          </Data>
          <Data name="身障者対応">
            <value>◯</value>
          </Data>
          <Data name="身障者非対応">
            <value/>
          </Data>
          <Data name="種別">
            <value>4.身障者対応(冬期未開放)</value>
          </Data>
        </ExtendedData>
        <Point>
          <coordinates>
            141.474365,43.000064,0
          </coordinates>
        </Point>
      </Placemark>
      <Placemark>
        <name>平岡わかば公園</name>
        <description><![CDATA[説明: 冬期開放: <br>冬期未開放: ◯<br>身障者対応: ◯<br>身障者非対応: <br>種別: 4.身障者対応(冬期未開放)<br>冬期開放: <br>冬期未開放: ◯<br>身障者対応: ◯<br>身障者非対応: <br>種別: 4.身障者対応(冬期未開放)]]></description>
        <styleUrl>#icon-1735-1A237E</styleUrl>
        <ExtendedData>
          <Data name="説明">
            <value>冬期開放: 
冬期未開放: ◯
身障者対応: ◯
身障者非対応: 
種別: 4.身障者対応(冬期未開放)</value>
          </Data>
          <Data name="冬期開放">
            <value/>
          </Data>
          <Data name="冬期未開放">
            <value>◯</value>
          </Data>
          <Data name="身障者対応">
            <value>◯</value>
          </Data>
          <Data name="身障者非対応">
            <value/>
          </Data>
          <Data name="種別">
            <value>4.身障者対応(冬期未開放)</value>
          </Data>
        </ExtendedData>
        <Point>
          <coordinates>
            141.45305,43.012857,0
          </coordinates>
        </Point>
      </Placemark>
      <Placemark>
        <name>清田トンネ公園</name>
        <description><![CDATA[説明: 冬期開放: <br>冬期未開放: ◯<br>身障者対応: ◯<br>身障者非対応: <br>種別: 4.身障者対応(冬期未開放)<br>冬期開放: <br>冬期未開放: ◯<br>身障者対応: ◯<br>身障者非対応: <br>種別: 4.身障者対応(冬期未開放)]]></description>
        <styleUrl>#icon-1735-1A237E</styleUrl>
        <ExtendedData>
          <Data name="説明">
            <value>冬期開放: 
冬期未開放: ◯
身障者対応: ◯
身障者非対応: 
種別: 4.身障者対応(冬期未開放)</value>
          </Data>
          <Data name="冬期開放">
            <value/>
          </Data>
          <Data name="冬期未開放">
            <value>◯</value>
          </Data>
          <Data name="身障者対応">
            <value>◯</value>
          </Data>
          <Data name="身障者非対応">
            <value/>
          </Data>
          <Data name="種別">
            <value>4.身障者対応(冬期未開放)</value>
          </Data>
        </ExtendedData>
        <Point>
          <coordinates>
            141.418962,42.993809,0
          </coordinates>
        </Point>
      </Placemark>
      <Placemark>
        <name>清田の丘公園</name>
        <description><![CDATA[説明: 冬期開放: <br>冬期未開放: ◯<br>身障者対応: ◯<br>身障者非対応: <br>種別: 4.身障者対応(冬期未開放)<br>冬期開放: <br>冬期未開放: ◯<br>身障者対応: ◯<br>身障者非対応: <br>種別: 4.身障者対応(冬期未開放)]]></description>
        <styleUrl>#icon-1735-1A237E</styleUrl>
        <ExtendedData>
          <Data name="説明">
            <value>冬期開放: 
冬期未開放: ◯
身障者対応: ◯
身障者非対応: 
種別: 4.身障者対応(冬期未開放)</value>
          </Data>
          <Data name="冬期開放">
            <value/>
          </Data>
          <Data name="冬期未開放">
            <value>◯</value>
          </Data>
          <Data name="身障者対応">
            <value>◯</value>
          </Data>
          <Data name="身障者非対応">
            <value/>
          </Data>
          <Data name="種別">
            <value>4.身障者対応(冬期未開放)</value>
          </Data>
        </ExtendedData>
        <Point>
          <coordinates>
            141.430588,42.980551,0
          </coordinates>
        </Point>
      </Placemark>
      <Placemark>
        <name>里塚緑ヶ丘さわやか公園</name>
        <description><![CDATA[説明: 冬期開放: <br>冬期未開放: ◯<br>身障者対応: ◯<br>身障者非対応: <br>種別: 4.身障者対応(冬期未開放)<br>冬期開放: <br>冬期未開放: ◯<br>身障者対応: ◯<br>身障者非対応: <br>種別: 4.身障者対応(冬期未開放)]]></description>
        <styleUrl>#icon-1735-1A237E</styleUrl>
        <ExtendedData>
          <Data name="説明">
            <value>冬期開放: 
冬期未開放: ◯
身障者対応: ◯
身障者非対応: 
種別: 4.身障者対応(冬期未開放)</value>
          </Data>
          <Data name="冬期開放">
            <value/>
          </Data>
          <Data name="冬期未開放">
            <value>◯</value>
          </Data>
          <Data name="身障者対応">
            <value>◯</value>
          </Data>
          <Data name="身障者非対応">
            <value/>
          </Data>
          <Data name="種別">
            <value>4.身障者対応(冬期未開放)</value>
          </Data>
        </ExtendedData>
        <Point>
          <coordinates>
            141.477819,42.994653,0
          </coordinates>
        </Point>
      </Placemark>
      <Placemark>
        <name>里塚チューリップ公園</name>
        <description><![CDATA[説明: 冬期開放: <br>冬期未開放: ◯<br>身障者対応: ◯<br>身障者非対応: <br>種別: 4.身障者対応(冬期未開放)<br>冬期開放: <br>冬期未開放: ◯<br>身障者対応: ◯<br>身障者非対応: <br>種別: 4.身障者対応(冬期未開放)]]></description>
        <styleUrl>#icon-1735-1A237E</styleUrl>
        <ExtendedData>
          <Data name="説明">
            <value>冬期開放: 
冬期未開放: ◯
身障者対応: ◯
身障者非対応: 
種別: 4.身障者対応(冬期未開放)</value>
          </Data>
          <Data name="冬期開放">
            <value/>
          </Data>
          <Data name="冬期未開放">
            <value>◯</value>
          </Data>
          <Data name="身障者対応">
            <value>◯</value>
          </Data>
          <Data name="身障者非対応">
            <value/>
          </Data>
          <Data name="種別">
            <value>4.身障者対応(冬期未開放)</value>
          </Data>
        </ExtendedData>
        <Point>
          <coordinates>
            141.47019,42.986993,0
          </coordinates>
        </Point>
      </Placemark>
      <Placemark>
        <name>平岡つぼみ公園</name>
        <description><![CDATA[説明: 冬期開放: <br>冬期未開放: ◯<br>身障者対応: ◯<br>身障者非対応: <br>種別: 4.身障者対応(冬期未開放)<br>冬期開放: <br>冬期未開放: ◯<br>身障者対応: ◯<br>身障者非対応: <br>種別: 4.身障者対応(冬期未開放)]]></description>
        <styleUrl>#icon-1735-1A237E</styleUrl>
        <ExtendedData>
          <Data name="説明">
            <value>冬期開放: 
冬期未開放: ◯
身障者対応: ◯
身障者非対応: 
種別: 4.身障者対応(冬期未開放)</value>
          </Data>
          <Data name="冬期開放">
            <value/>
          </Data>
          <Data name="冬期未開放">
            <value>◯</value>
          </Data>
          <Data name="身障者対応">
            <value>◯</value>
          </Data>
          <Data name="身障者非対応">
            <value/>
          </Data>
          <Data name="種別">
            <value>4.身障者対応(冬期未開放)</value>
          </Data>
        </ExtendedData>
        <Point>
          <coordinates>
            141.460578,42.993933,0
          </coordinates>
        </Point>
      </Placemark>
      <Placemark>
        <name>平岡はらっぱ公園</name>
        <description><![CDATA[説明: 冬期開放: <br>冬期未開放: ◯<br>身障者対応: <br>身障者非対応: ◯<br>種別: 2.冬期未開放(身障者非対応)<br>冬期開放: <br>冬期未開放: ◯<br>身障者対応: <br>身障者非対応: ◯<br>種別: 2.冬期未開放(身障者非対応)]]></description>
        <styleUrl>#icon-1733-1A237E</styleUrl>
        <ExtendedData>
          <Data name="説明">
            <value>冬期開放: 
冬期未開放: ◯
身障者対応: 
身障者非対応: ◯
種別: 2.冬期未開放(身障者非対応)</value>
          </Data>
          <Data name="冬期開放">
            <value/>
          </Data>
          <Data name="冬期未開放">
            <value>◯</value>
          </Data>
          <Data name="身障者対応">
            <value/>
          </Data>
          <Data name="身障者非対応">
            <value>◯</value>
          </Data>
          <Data name="種別">
            <value>2.冬期未開放(身障者非対応)</value>
          </Data>
        </ExtendedData>
        <Point>
          <coordinates>
            141.463368,43.012616,0
          </coordinates>
        </Point>
      </Placemark>
      <Placemark>
        <name>北野つつじ公園</name>
        <description><![CDATA[説明: 冬期開放: <br>冬期未開放: ◯<br>身障者対応: <br>身障者非対応: ◯<br>種別: 2.冬期未開放(身障者非対応)<br>冬期開放: <br>冬期未開放: ◯<br>身障者対応: <br>身障者非対応: ◯<br>種別: 2.冬期未開放(身障者非対応)]]></description>
        <styleUrl>#icon-1733-1A237E</styleUrl>
        <ExtendedData>
          <Data name="説明">
            <value>冬期開放: 
冬期未開放: ◯
身障者対応: 
身障者非対応: ◯
種別: 2.冬期未開放(身障者非対応)</value>
          </Data>
          <Data name="冬期開放">
            <value/>
          </Data>
          <Data name="冬期未開放">
            <value>◯</value>
          </Data>
          <Data name="身障者対応">
            <value/>
          </Data>
          <Data name="身障者非対応">
            <value>◯</value>
          </Data>
          <Data name="種別">
            <value>2.冬期未開放(身障者非対応)</value>
          </Data>
        </ExtendedData>
        <Point>
          <coordinates>
            141.436805,43.01831,0
          </coordinates>
        </Point>
      </Placemark>
      <Placemark>
        <name>真栄しらかば公園</name>
        <description><![CDATA[説明: 冬期開放: <br>冬期未開放: ◯<br>身障者対応: <br>身障者非対応: ◯<br>種別: 2.冬期未開放(身障者非対応)<br>冬期開放: <br>冬期未開放: ◯<br>身障者対応: <br>身障者非対応: ◯<br>種別: 2.冬期未開放(身障者非対応)]]></description>
        <styleUrl>#icon-1733-1A237E</styleUrl>
        <ExtendedData>
          <Data name="説明">
            <value>冬期開放: 
冬期未開放: ◯
身障者対応: 
身障者非対応: ◯
種別: 2.冬期未開放(身障者非対応)</value>
          </Data>
          <Data name="冬期開放">
            <value/>
          </Data>
          <Data name="冬期未開放">
            <value>◯</value>
          </Data>
          <Data name="身障者対応">
            <value/>
          </Data>
          <Data name="身障者非対応">
            <value>◯</value>
          </Data>
          <Data name="種別">
            <value>2.冬期未開放(身障者非対応)</value>
          </Data>
        </ExtendedData>
        <Point>
          <coordinates>
            141.447652,42.98132,0
          </coordinates>
        </Point>
      </Placemark>
      <Placemark>
        <name>ライブヒルズいろどり公園</name>
        <description><![CDATA[説明: 冬期開放: <br>冬期未開放: ◯<br>身障者対応: <br>身障者非対応: ◯<br>種別: 2.冬期未開放(身障者非対応)<br>冬期開放: <br>冬期未開放: ◯<br>身障者対応: <br>身障者非対応: ◯<br>種別: 2.冬期未開放(身障者非対応)]]></description>
        <styleUrl>#icon-1733-1A237E</styleUrl>
        <ExtendedData>
          <Data name="説明">
            <value>冬期開放: 
冬期未開放: ◯
身障者対応: 
身障者非対応: ◯
種別: 2.冬期未開放(身障者非対応)</value>
          </Data>
          <Data name="冬期開放">
            <value/>
          </Data>
          <Data name="冬期未開放">
            <value>◯</value>
          </Data>
          <Data name="身障者対応">
            <value/>
          </Data>
          <Data name="身障者非対応">
            <value>◯</value>
          </Data>
          <Data name="種別">
            <value>2.冬期未開放(身障者非対応)</value>
          </Data>
        </ExtendedData>
        <Point>
          <coordinates>
            141.466888,43.011583,0
          </coordinates>
        </Point>
      </Placemark>
      <Placemark>
        <name>里塚緑ヶ丘ときめき公園</name>
        <description><![CDATA[説明: 冬期開放: <br>冬期未開放: ◯<br>身障者対応: <br>身障者非対応: ◯<br>種別: 2.冬期未開放(身障者非対応)<br>冬期開放: <br>冬期未開放: ◯<br>身障者対応: <br>身障者非対応: ◯<br>種別: 2.冬期未開放(身障者非対応)]]></description>
        <styleUrl>#icon-1733-1A237E</styleUrl>
        <ExtendedData>
          <Data name="説明">
            <value>冬期開放: 
冬期未開放: ◯
身障者対応: 
身障者非対応: ◯
種別: 2.冬期未開放(身障者非対応)</value>
          </Data>
          <Data name="冬期開放">
            <value/>
          </Data>
          <Data name="冬期未開放">
            <value>◯</value>
          </Data>
          <Data name="身障者対応">
            <value/>
          </Data>
          <Data name="身障者非対応">
            <value>◯</value>
          </Data>
          <Data name="種別">
            <value>2.冬期未開放(身障者非対応)</value>
          </Data>
        </ExtendedData>
        <Point>
          <coordinates>
            141.470775,43.000062,0
          </coordinates>
        </Point>
      </Placemark>
      <Placemark>
        <name>里塚緑ヶ丘みはらし公園</name>
        <description><![CDATA[説明: 冬期開放: <br>冬期未開放: ◯<br>身障者対応: <br>身障者非対応: ◯<br>種別: 2.冬期未開放(身障者非対応)<br>冬期開放: <br>冬期未開放: ◯<br>身障者対応: <br>身障者非対応: ◯<br>種別: 2.冬期未開放(身障者非対応)]]></description>
        <styleUrl>#icon-1733-1A237E</styleUrl>
        <ExtendedData>
          <Data name="説明">
            <value>冬期開放: 
冬期未開放: ◯
身障者対応: 
身障者非対応: ◯
種別: 2.冬期未開放(身障者非対応)</value>
          </Data>
          <Data name="冬期開放">
            <value/>
          </Data>
          <Data name="冬期未開放">
            <value>◯</value>
          </Data>
          <Data name="身障者対応">
            <value/>
          </Data>
          <Data name="身障者非対応">
            <value>◯</value>
          </Data>
          <Data name="種別">
            <value>2.冬期未開放(身障者非対応)</value>
          </Data>
        </ExtendedData>
        <Point>
          <coordinates>
            141.468995,42.999214,0
          </coordinates>
        </Point>
      </Placemark>
      <Placemark>
        <name>北野にこにこ公園</name>
        <description><![CDATA[説明: 冬期開放: <br>冬期未開放: ◯<br>身障者対応: <br>身障者非対応: ◯<br>種別: 2.冬期未開放(身障者非対応)<br>冬期開放: <br>冬期未開放: ◯<br>身障者対応: <br>身障者非対応: ◯<br>種別: 2.冬期未開放(身障者非対応)]]></description>
        <styleUrl>#icon-1733-1A237E</styleUrl>
        <ExtendedData>
          <Data name="説明">
            <value>冬期開放: 
冬期未開放: ◯
身障者対応: 
身障者非対応: ◯
種別: 2.冬期未開放(身障者非対応)</value>
          </Data>
          <Data name="冬期開放">
            <value/>
          </Data>
          <Data name="冬期未開放">
            <value>◯</value>
          </Data>
          <Data name="身障者対応">
            <value/>
          </Data>
          <Data name="身障者非対応">
            <value>◯</value>
          </Data>
          <Data name="種別">
            <value>2.冬期未開放(身障者非対応)</value>
          </Data>
        </ExtendedData>
        <Point>
          <coordinates>
            141.432694,43.010761,0
          </coordinates>
        </Point>
      </Placemark>
      <Placemark>
        <name>平岡きのこ公園</name>
        <description><![CDATA[説明: 冬期開放: <br>冬期未開放: ◯<br>身障者対応: <br>身障者非対応: ◯<br>種別: 2.冬期未開放(身障者非対応)<br>冬期開放: <br>冬期未開放: ◯<br>身障者対応: <br>身障者非対応: ◯<br>種別: 2.冬期未開放(身障者非対応)]]></description>
        <styleUrl>#icon-1733-1A237E</styleUrl>
        <ExtendedData>
          <Data name="説明">
            <value>冬期開放: 
冬期未開放: ◯
身障者対応: 
身障者非対応: ◯
種別: 2.冬期未開放(身障者非対応)</value>
          </Data>
          <Data name="冬期開放">
            <value/>
          </Data>
          <Data name="冬期未開放">
            <value>◯</value>
          </Data>
          <Data name="身障者対応">
            <value/>
          </Data>
          <Data name="身障者非対応">
            <value>◯</value>
          </Data>
          <Data name="種別">
            <value>2.冬期未開放(身障者非対応)</value>
          </Data>
        </ExtendedData>
        <Point>
          <coordinates>
            141.457963,43.00616,0
          </coordinates>
        </Point>
      </Placemark>
      <Placemark>
        <name>桂台あおぞら公園</name>
        <description><![CDATA[説明: 冬期開放: <br>冬期未開放: ◯<br>身障者対応: <br>身障者非対応: ◯<br>種別: 2.冬期未開放(身障者非対応)<br>冬期開放: <br>冬期未開放: ◯<br>身障者対応: <br>身障者非対応: ◯<br>種別: 2.冬期未開放(身障者非対応)]]></description>
        <styleUrl>#icon-1733-1A237E</styleUrl>
        <ExtendedData>
          <Data name="説明">
            <value>冬期開放: 
冬期未開放: ◯
身障者対応: 
身障者非対応: ◯
種別: 2.冬期未開放(身障者非対応)</value>
          </Data>
          <Data name="冬期開放">
            <value/>
          </Data>
          <Data name="冬期未開放">
            <value>◯</value>
          </Data>
          <Data name="身障者対応">
            <value/>
          </Data>
          <Data name="身障者非対応">
            <value>◯</value>
          </Data>
          <Data name="種別">
            <value>2.冬期未開放(身障者非対応)</value>
          </Data>
        </ExtendedData>
        <Point>
          <coordinates>
            141.46413,42.991662,0
          </coordinates>
        </Point>
      </Placemark>
      <Placemark>
        <name>白菊公園</name>
        <description><![CDATA[説明: 冬期開放: <br>冬期未開放: ◯<br>身障者対応: <br>身障者非対応: ◯<br>種別: 2.冬期未開放(身障者非対応)<br>冬期開放: <br>冬期未開放: ◯<br>身障者対応: <br>身障者非対応: ◯<br>種別: 2.冬期未開放(身障者非対応)]]></description>
        <styleUrl>#icon-1733-1A237E</styleUrl>
        <ExtendedData>
          <Data name="説明">
            <value>冬期開放: 
冬期未開放: ◯
身障者対応: 
身障者非対応: ◯
種別: 2.冬期未開放(身障者非対応)</value>
          </Data>
          <Data name="冬期開放">
            <value/>
          </Data>
          <Data name="冬期未開放">
            <value>◯</value>
          </Data>
          <Data name="身障者対応">
            <value/>
          </Data>
          <Data name="身障者非対応">
            <value>◯</value>
          </Data>
          <Data name="種別">
            <value>2.冬期未開放(身障者非対応)</value>
          </Data>
        </ExtendedData>
        <Point>
          <coordinates>
            141.4092,43.073547,0
          </coordinates>
        </Point>
      </Placemark>
      <Placemark>
        <name>川北なのはな公園</name>
        <description><![CDATA[説明: 冬期開放: <br>冬期未開放: ◯<br>身障者対応: <br>身障者非対応: ◯<br>種別: 2.冬期未開放(身障者非対応)<br>冬期開放: <br>冬期未開放: ◯<br>身障者対応: <br>身障者非対応: ◯<br>種別: 2.冬期未開放(身障者非対応)]]></description>
        <styleUrl>#icon-1733-1A237E</styleUrl>
        <ExtendedData>
          <Data name="説明">
            <value>冬期開放: 
冬期未開放: ◯
身障者対応: 
身障者非対応: ◯
種別: 2.冬期未開放(身障者非対応)</value>
          </Data>
          <Data name="冬期開放">
            <value/>
          </Data>
          <Data name="冬期未開放">
            <value>◯</value>
          </Data>
          <Data name="身障者対応">
            <value/>
          </Data>
          <Data name="身障者非対応">
            <value>◯</value>
          </Data>
          <Data name="種別">
            <value>2.冬期未開放(身障者非対応)</value>
          </Data>
        </ExtendedData>
        <Point>
          <coordinates>
            141.438693,43.059217,0
          </coordinates>
        </Point>
      </Placemark>
      <Placemark>
        <name>大谷地だいいち公園</name>
        <description><![CDATA[説明: 冬期開放: <br>冬期未開放: ◯<br>身障者対応: <br>身障者非対応: ◯<br>種別: 2.冬期未開放(身障者非対応)<br>冬期開放: <br>冬期未開放: ◯<br>身障者対応: <br>身障者非対応: ◯<br>種別: 2.冬期未開放(身障者非対応)]]></description>
        <styleUrl>#icon-1733-1A237E</styleUrl>
        <ExtendedData>
          <Data name="説明">
            <value>冬期開放: 
冬期未開放: ◯
身障者対応: 
身障者非対応: ◯
種別: 2.冬期未開放(身障者非対応)</value>
          </Data>
          <Data name="冬期開放">
            <value/>
          </Data>
          <Data name="冬期未開放">
            <value>◯</value>
          </Data>
          <Data name="身障者対応">
            <value/>
          </Data>
          <Data name="身障者非対応">
            <value>◯</value>
          </Data>
          <Data name="種別">
            <value>2.冬期未開放(身障者非対応)</value>
          </Data>
        </ExtendedData>
        <Point>
          <coordinates>
            141.437126,43.036858,0
          </coordinates>
        </Point>
      </Placemark>
      <Placemark>
        <name>北郷コスモス公園</name>
        <description><![CDATA[説明: 冬期開放: <br>冬期未開放: ◯<br>身障者対応: <br>身障者非対応: ◯<br>種別: 2.冬期未開放(身障者非対応)<br>冬期開放: <br>冬期未開放: ◯<br>身障者対応: <br>身障者非対応: ◯<br>種別: 2.冬期未開放(身障者非対応)]]></description>
        <styleUrl>#icon-1733-1A237E</styleUrl>
        <ExtendedData>
          <Data name="説明">
            <value>冬期開放: 
冬期未開放: ◯
身障者対応: 
身障者非対応: ◯
種別: 2.冬期未開放(身障者非対応)</value>
          </Data>
          <Data name="冬期開放">
            <value/>
          </Data>
          <Data name="冬期未開放">
            <value>◯</value>
          </Data>
          <Data name="身障者対応">
            <value/>
          </Data>
          <Data name="身障者非対応">
            <value>◯</value>
          </Data>
          <Data name="種別">
            <value>2.冬期未開放(身障者非対応)</value>
          </Data>
        </ExtendedData>
        <Point>
          <coordinates>
            141.430541,43.058406,0
          </coordinates>
        </Point>
      </Placemark>
      <Placemark>
        <name>北郷こぶしさくら公園</name>
        <description><![CDATA[説明: 冬期開放: <br>冬期未開放: ◯<br>身障者対応: <br>身障者非対応: ◯<br>種別: 2.冬期未開放(身障者非対応)<br>冬期開放: <br>冬期未開放: ◯<br>身障者対応: <br>身障者非対応: ◯<br>種別: 2.冬期未開放(身障者非対応)]]></description>
        <styleUrl>#icon-1733-1A237E</styleUrl>
        <ExtendedData>
          <Data name="説明">
            <value>冬期開放: 
冬期未開放: ◯
身障者対応: 
身障者非対応: ◯
種別: 2.冬期未開放(身障者非対応)</value>
          </Data>
          <Data name="冬期開放">
            <value/>
          </Data>
          <Data name="冬期未開放">
            <value>◯</value>
          </Data>
          <Data name="身障者対応">
            <value/>
          </Data>
          <Data name="身障者非対応">
            <value>◯</value>
          </Data>
          <Data name="種別">
            <value>2.冬期未開放(身障者非対応)</value>
          </Data>
        </ExtendedData>
        <Point>
          <coordinates>
            141.408056,43.060395,0
          </coordinates>
        </Point>
      </Placemark>
      <Placemark>
        <name>旭町公園</name>
        <description><![CDATA[説明: 冬期開放: <br>冬期未開放: ◯<br>身障者対応: <br>身障者非対応: ◯<br>種別: 2.冬期未開放(身障者非対応)<br>冬期開放: <br>冬期未開放: ◯<br>身障者対応: <br>身障者非対応: ◯<br>種別: 2.冬期未開放(身障者非対応)]]></description>
        <styleUrl>#icon-1733-1A237E</styleUrl>
        <ExtendedData>
          <Data name="説明">
            <value>冬期開放: 
冬期未開放: ◯
身障者対応: 
身障者非対応: ◯
種別: 2.冬期未開放(身障者非対応)</value>
          </Data>
          <Data name="冬期開放">
            <value/>
          </Data>
          <Data name="冬期未開放">
            <value>◯</value>
          </Data>
          <Data name="身障者対応">
            <value/>
          </Data>
          <Data name="身障者非対応">
            <value>◯</value>
          </Data>
          <Data name="種別">
            <value>2.冬期未開放(身障者非対応)</value>
          </Data>
        </ExtendedData>
        <Point>
          <coordinates>
            141.423132,43.044672,0
          </coordinates>
        </Point>
      </Placemark>
      <Placemark>
        <name>米里第1公園</name>
        <description><![CDATA[説明: 冬期開放: <br>冬期未開放: ◯<br>身障者対応: <br>身障者非対応: ◯<br>種別: 2.冬期未開放(身障者非対応)<br>冬期開放: <br>冬期未開放: ◯<br>身障者対応: <br>身障者非対応: ◯<br>種別: 2.冬期未開放(身障者非対応)]]></description>
        <styleUrl>#icon-1733-1A237E</styleUrl>
        <ExtendedData>
          <Data name="説明">
            <value>冬期開放: 
冬期未開放: ◯
身障者対応: 
身障者非対応: ◯
種別: 2.冬期未開放(身障者非対応)</value>
          </Data>
          <Data name="冬期開放">
            <value/>
          </Data>
          <Data name="冬期未開放">
            <value>◯</value>
          </Data>
          <Data name="身障者対応">
            <value/>
          </Data>
          <Data name="身障者非対応">
            <value>◯</value>
          </Data>
          <Data name="種別">
            <value>2.冬期未開放(身障者非対応)</value>
          </Data>
        </ExtendedData>
        <Point>
          <coordinates>
            141.41807,43.076374,0
          </coordinates>
        </Point>
      </Placemark>
      <Placemark>
        <name>コスモス公園</name>
        <description><![CDATA[説明: 冬期開放: <br>冬期未開放: ◯<br>身障者対応: <br>身障者非対応: ◯<br>種別: 2.冬期未開放(身障者非対応)<br>冬期開放: <br>冬期未開放: ◯<br>身障者対応: <br>身障者非対応: ◯<br>種別: 2.冬期未開放(身障者非対応)]]></description>
        <styleUrl>#icon-1733-1A237E</styleUrl>
        <ExtendedData>
          <Data name="説明">
            <value>冬期開放: 
冬期未開放: ◯
身障者対応: 
身障者非対応: ◯
種別: 2.冬期未開放(身障者非対応)</value>
          </Data>
          <Data name="冬期開放">
            <value/>
          </Data>
          <Data name="冬期未開放">
            <value>◯</value>
          </Data>
          <Data name="身障者対応">
            <value/>
          </Data>
          <Data name="身障者非対応">
            <value>◯</value>
          </Data>
          <Data name="種別">
            <value>2.冬期未開放(身障者非対応)</value>
          </Data>
        </ExtendedData>
        <Point>
          <coordinates>
            141.413086,43.050092,0
          </coordinates>
        </Point>
      </Placemark>
      <Placemark>
        <name>わかごま公園</name>
        <description><![CDATA[説明: 冬期開放: <br>冬期未開放: ◯<br>身障者対応: <br>身障者非対応: ◯<br>種別: 2.冬期未開放(身障者非対応)<br>冬期開放: <br>冬期未開放: ◯<br>身障者対応: <br>身障者非対応: ◯<br>種別: 2.冬期未開放(身障者非対応)]]></description>
        <styleUrl>#icon-1733-1A237E</styleUrl>
        <ExtendedData>
          <Data name="説明">
            <value>冬期開放: 
冬期未開放: ◯
身障者対応: 
身障者非対応: ◯
種別: 2.冬期未開放(身障者非対応)</value>
          </Data>
          <Data name="冬期開放">
            <value/>
          </Data>
          <Data name="冬期未開放">
            <value>◯</value>
          </Data>
          <Data name="身障者対応">
            <value/>
          </Data>
          <Data name="身障者非対応">
            <value>◯</value>
          </Data>
          <Data name="種別">
            <value>2.冬期未開放(身障者非対応)</value>
          </Data>
        </ExtendedData>
        <Point>
          <coordinates>
            141.410929,43.049325,0
          </coordinates>
        </Point>
      </Placemark>
      <Placemark>
        <name>白球公園</name>
        <description><![CDATA[説明: 冬期開放: <br>冬期未開放: ◯<br>身障者対応: <br>身障者非対応: ◯<br>種別: 2.冬期未開放(身障者非対応)<br>冬期開放: <br>冬期未開放: ◯<br>身障者対応: <br>身障者非対応: ◯<br>種別: 2.冬期未開放(身障者非対応)]]></description>
        <styleUrl>#icon-1733-1A237E</styleUrl>
        <ExtendedData>
          <Data name="説明">
            <value>冬期開放: 
冬期未開放: ◯
身障者対応: 
身障者非対応: ◯
種別: 2.冬期未開放(身障者非対応)</value>
          </Data>
          <Data name="冬期開放">
            <value/>
          </Data>
          <Data name="冬期未開放">
            <value>◯</value>
          </Data>
          <Data name="身障者対応">
            <value/>
          </Data>
          <Data name="身障者非対応">
            <value>◯</value>
          </Data>
          <Data name="種別">
            <value>2.冬期未開放(身障者非対応)</value>
          </Data>
        </ExtendedData>
        <Point>
          <coordinates>
            141.409354,43.076003,0
          </coordinates>
        </Point>
      </Placemark>
      <Placemark>
        <name>北郷東ひまわり公園</name>
        <description><![CDATA[説明: 冬期開放: <br>冬期未開放: ◯<br>身障者対応: <br>身障者非対応: ◯<br>種別: 2.冬期未開放(身障者非対応)<br>冬期開放: <br>冬期未開放: ◯<br>身障者対応: <br>身障者非対応: ◯<br>種別: 2.冬期未開放(身障者非対応)]]></description>
        <styleUrl>#icon-1733-1A237E</styleUrl>
        <ExtendedData>
          <Data name="説明">
            <value>冬期開放: 
冬期未開放: ◯
身障者対応: 
身障者非対応: ◯
種別: 2.冬期未開放(身障者非対応)</value>
          </Data>
          <Data name="冬期開放">
            <value/>
          </Data>
          <Data name="冬期未開放">
            <value>◯</value>
          </Data>
          <Data name="身障者対応">
            <value/>
          </Data>
          <Data name="身障者非対応">
            <value>◯</value>
          </Data>
          <Data name="種別">
            <value>2.冬期未開放(身障者非対応)</value>
          </Data>
        </ExtendedData>
        <Point>
          <coordinates>
            141.417274,43.053504,0
          </coordinates>
        </Point>
      </Placemark>
      <Placemark>
        <name>やよい公園</name>
        <description><![CDATA[説明: 冬期開放: ◯<br>冬期未開放: <br>身障者対応: <br>身障者非対応: ◯<br>種別: 1.冬期開放(身障者非対応)<br>冬期開放: ◯<br>冬期未開放: <br>身障者対応: <br>身障者非対応: ◯<br>種別: 1.冬期開放(身障者非対応)]]></description>
        <styleUrl>#icon-1733-A52714</styleUrl>
        <ExtendedData>
          <Data name="説明">
            <value>冬期開放: ◯
冬期未開放: 
身障者対応: 
身障者非対応: ◯
種別: 1.冬期開放(身障者非対応)</value>
          </Data>
          <Data name="冬期開放">
            <value>◯</value>
          </Data>
          <Data name="冬期未開放">
            <value/>
          </Data>
          <Data name="身障者対応">
            <value/>
          </Data>
          <Data name="身障者非対応">
            <value>◯</value>
          </Data>
          <Data name="種別">
            <value>1.冬期開放(身障者非対応)</value>
          </Data>
        </ExtendedData>
        <Point>
          <coordinates>
            141.373832,43.055246,0
          </coordinates>
        </Point>
      </Placemark>
      <Placemark>
        <name>南郷公園</name>
        <description><![CDATA[説明: 冬期開放: <br>冬期未開放: ◯<br>身障者対応: <br>身障者非対応: ◯<br>種別: 2.冬期未開放(身障者非対応)<br>冬期開放: <br>冬期未開放: ◯<br>身障者対応: <br>身障者非対応: ◯<br>種別: 2.冬期未開放(身障者非対応)]]></description>
        <styleUrl>#icon-1733-1A237E</styleUrl>
        <ExtendedData>
          <Data name="説明">
            <value>冬期開放: 
冬期未開放: ◯
身障者対応: 
身障者非対応: ◯
種別: 2.冬期未開放(身障者非対応)</value>
          </Data>
          <Data name="冬期開放">
            <value/>
          </Data>
          <Data name="冬期未開放">
            <value>◯</value>
          </Data>
          <Data name="身障者対応">
            <value/>
          </Data>
          <Data name="身障者非対応">
            <value>◯</value>
          </Data>
          <Data name="種別">
            <value>2.冬期未開放(身障者非対応)</value>
          </Data>
        </ExtendedData>
        <Point>
          <coordinates>
            141.406894,43.040644,0
          </coordinates>
        </Point>
      </Placemark>
      <Placemark>
        <name>菊水公園</name>
        <description><![CDATA[説明: 冬期開放: <br>冬期未開放: ◯<br>身障者対応: <br>身障者非対応: ◯<br>種別: 2.冬期未開放(身障者非対応)<br>冬期開放: <br>冬期未開放: ◯<br>身障者対応: <br>身障者非対応: ◯<br>種別: 2.冬期未開放(身障者非対応)]]></description>
        <styleUrl>#icon-1733-1A237E</styleUrl>
        <ExtendedData>
          <Data name="説明">
            <value>冬期開放: 
冬期未開放: ◯
身障者対応: 
身障者非対応: ◯
種別: 2.冬期未開放(身障者非対応)</value>
          </Data>
          <Data name="冬期開放">
            <value/>
          </Data>
          <Data name="冬期未開放">
            <value>◯</value>
          </Data>
          <Data name="身障者対応">
            <value/>
          </Data>
          <Data name="身障者非対応">
            <value>◯</value>
          </Data>
          <Data name="種別">
            <value>2.冬期未開放(身障者非対応)</value>
          </Data>
        </ExtendedData>
        <Point>
          <coordinates>
            141.375152,43.060276,0
          </coordinates>
        </Point>
      </Placemark>
      <Placemark>
        <name>白中公園</name>
        <description><![CDATA[説明: 冬期開放: <br>冬期未開放: ◯<br>身障者対応: <br>身障者非対応: ◯<br>種別: 2.冬期未開放(身障者非対応)<br>冬期開放: <br>冬期未開放: ◯<br>身障者対応: <br>身障者非対応: ◯<br>種別: 2.冬期未開放(身障者非対応)]]></description>
        <styleUrl>#icon-1733-1A237E</styleUrl>
        <ExtendedData>
          <Data name="説明">
            <value>冬期開放: 
冬期未開放: ◯
身障者対応: 
身障者非対応: ◯
種別: 2.冬期未開放(身障者非対応)</value>
          </Data>
          <Data name="冬期開放">
            <value/>
          </Data>
          <Data name="冬期未開放">
            <value>◯</value>
          </Data>
          <Data name="身障者対応">
            <value/>
          </Data>
          <Data name="身障者非対応">
            <value>◯</value>
          </Data>
          <Data name="種別">
            <value>2.冬期未開放(身障者非対応)</value>
          </Data>
        </ExtendedData>
        <Point>
          <coordinates>
            141.407933,43.052489,0
          </coordinates>
        </Point>
      </Placemark>
      <Placemark>
        <name>菊水亀の子公園</name>
        <description><![CDATA[説明: 冬期開放: <br>冬期未開放: ◯<br>身障者対応: <br>身障者非対応: ◯<br>種別: 2.冬期未開放(身障者非対応)<br>冬期開放: <br>冬期未開放: ◯<br>身障者対応: <br>身障者非対応: ◯<br>種別: 2.冬期未開放(身障者非対応)]]></description>
        <styleUrl>#icon-1733-1A237E</styleUrl>
        <ExtendedData>
          <Data name="説明">
            <value>冬期開放: 
冬期未開放: ◯
身障者対応: 
身障者非対応: ◯
種別: 2.冬期未開放(身障者非対応)</value>
          </Data>
          <Data name="冬期開放">
            <value/>
          </Data>
          <Data name="冬期未開放">
            <value>◯</value>
          </Data>
          <Data name="身障者対応">
            <value/>
          </Data>
          <Data name="身障者非対応">
            <value>◯</value>
          </Data>
          <Data name="種別">
            <value>2.冬期未開放(身障者非対応)</value>
          </Data>
        </ExtendedData>
        <Point>
          <coordinates>
            141.413355,43.071965,0
          </coordinates>
        </Point>
      </Placemark>
      <Placemark>
        <name>東札幌やまびこ公園</name>
        <description><![CDATA[説明: 冬期開放: ◯<br>冬期未開放: <br>身障者対応: ◯<br>身障者非対応: <br>種別: 3.身障者対応(冬期開放)<br>冬期開放: ◯<br>冬期未開放: <br>身障者対応: ◯<br>身障者非対応: <br>種別: 3.身障者対応(冬期開放)]]></description>
        <styleUrl>#icon-1735-A52714</styleUrl>
        <ExtendedData>
          <Data name="説明">
            <value>冬期開放: ◯
冬期未開放: 
身障者対応: ◯
身障者非対応: 
種別: 3.身障者対応(冬期開放)</value>
          </Data>
          <Data name="冬期開放">
            <value>◯</value>
          </Data>
          <Data name="冬期未開放">
            <value/>
          </Data>
          <Data name="身障者対応">
            <value>◯</value>
          </Data>
          <Data name="身障者非対応">
            <value/>
          </Data>
          <Data name="種別">
            <value>3.身障者対応(冬期開放)</value>
          </Data>
        </ExtendedData>
        <Point>
          <coordinates>
            141.393877,43.046468,0
          </coordinates>
        </Point>
      </Placemark>
      <Placemark>
        <name>東札幌にれ公園</name>
        <description><![CDATA[説明: 冬期開放: <br>冬期未開放: ◯<br>身障者対応: ◯<br>身障者非対応: <br>種別: 4.身障者対応(冬期未開放)<br>冬期開放: <br>冬期未開放: ◯<br>身障者対応: ◯<br>身障者非対応: <br>種別: 4.身障者対応(冬期未開放)]]></description>
        <styleUrl>#icon-1735-1A237E</styleUrl>
        <ExtendedData>
          <Data name="説明">
            <value>冬期開放: 
冬期未開放: ◯
身障者対応: ◯
身障者非対応: 
種別: 4.身障者対応(冬期未開放)</value>
          </Data>
          <Data name="冬期開放">
            <value/>
          </Data>
          <Data name="冬期未開放">
            <value>◯</value>
          </Data>
          <Data name="身障者対応">
            <value>◯</value>
          </Data>
          <Data name="身障者非対応">
            <value/>
          </Data>
          <Data name="種別">
            <value>4.身障者対応(冬期未開放)</value>
          </Data>
        </ExtendedData>
        <Point>
          <coordinates>
            141.396971,43.050601,0
          </coordinates>
        </Point>
      </Placemark>
      <Placemark>
        <name>北郷あさかぜ公園</name>
        <description><![CDATA[説明: 冬期開放: ◯<br>冬期未開放: <br>身障者対応: ◯<br>身障者非対応: <br>種別: 3.身障者対応(冬期開放)<br>冬期開放: ◯<br>冬期未開放: <br>身障者対応: ◯<br>身障者非対応: <br>種別: 3.身障者対応(冬期開放)]]></description>
        <styleUrl>#icon-1735-A52714</styleUrl>
        <ExtendedData>
          <Data name="説明">
            <value>冬期開放: ◯
冬期未開放: 
身障者対応: ◯
身障者非対応: 
種別: 3.身障者対応(冬期開放)</value>
          </Data>
          <Data name="冬期開放">
            <value>◯</value>
          </Data>
          <Data name="冬期未開放">
            <value/>
          </Data>
          <Data name="身障者対応">
            <value>◯</value>
          </Data>
          <Data name="身障者非対応">
            <value/>
          </Data>
          <Data name="種別">
            <value>3.身障者対応(冬期開放)</value>
          </Data>
        </ExtendedData>
        <Point>
          <coordinates>
            141.427749,43.052431,0
          </coordinates>
        </Point>
      </Placemark>
      <Placemark>
        <name>みゆき公園</name>
        <description><![CDATA[説明: 冬期開放: <br>冬期未開放: ◯<br>身障者対応: <br>身障者非対応: ◯<br>種別: 2.冬期未開放(身障者非対応)<br>冬期開放: <br>冬期未開放: ◯<br>身障者対応: <br>身障者非対応: ◯<br>種別: 2.冬期未開放(身障者非対応)]]></description>
        <styleUrl>#icon-1733-1A237E</styleUrl>
        <ExtendedData>
          <Data name="説明">
            <value>冬期開放: 
冬期未開放: ◯
身障者対応: 
身障者非対応: ◯
種別: 2.冬期未開放(身障者非対応)</value>
          </Data>
          <Data name="冬期開放">
            <value/>
          </Data>
          <Data name="冬期未開放">
            <value>◯</value>
          </Data>
          <Data name="身障者対応">
            <value/>
          </Data>
          <Data name="身障者非対応">
            <value>◯</value>
          </Data>
          <Data name="種別">
            <value>2.冬期未開放(身障者非対応)</value>
          </Data>
        </ExtendedData>
        <Point>
          <coordinates>
            141.425967,43.046367,0
          </coordinates>
        </Point>
      </Placemark>
      <Placemark>
        <name>白石あかつき公園</name>
        <description><![CDATA[説明: 冬期開放: ◯<br>冬期未開放: <br>身障者対応: ◯<br>身障者非対応: <br>種別: 3.身障者対応(冬期開放)<br>冬期開放: ◯<br>冬期未開放: <br>身障者対応: ◯<br>身障者非対応: <br>種別: 3.身障者対応(冬期開放)]]></description>
        <styleUrl>#icon-1735-A52714</styleUrl>
        <ExtendedData>
          <Data name="説明">
            <value>冬期開放: ◯
冬期未開放: 
身障者対応: ◯
身障者非対応: 
種別: 3.身障者対応(冬期開放)</value>
          </Data>
          <Data name="冬期開放">
            <value>◯</value>
          </Data>
          <Data name="冬期未開放">
            <value/>
          </Data>
          <Data name="身障者対応">
            <value>◯</value>
          </Data>
          <Data name="身障者非対応">
            <value/>
          </Data>
          <Data name="種別">
            <value>3.身障者対応(冬期開放)</value>
          </Data>
        </ExtendedData>
        <Point>
          <coordinates>
            141.4252,43.035596,0
          </coordinates>
        </Point>
      </Placemark>
      <Placemark>
        <name>菊水のぎく公園</name>
        <description><![CDATA[説明: 冬期開放: <br>冬期未開放: ◯<br>身障者対応: <br>身障者非対応: ◯<br>種別: 2.冬期未開放(身障者非対応)<br>冬期開放: <br>冬期未開放: ◯<br>身障者対応: <br>身障者非対応: ◯<br>種別: 2.冬期未開放(身障者非対応)]]></description>
        <styleUrl>#icon-1733-1A237E</styleUrl>
        <ExtendedData>
          <Data name="説明">
            <value>冬期開放: 
冬期未開放: ◯
身障者対応: 
身障者非対応: ◯
種別: 2.冬期未開放(身障者非対応)</value>
          </Data>
          <Data name="冬期開放">
            <value/>
          </Data>
          <Data name="冬期未開放">
            <value>◯</value>
          </Data>
          <Data name="身障者対応">
            <value/>
          </Data>
          <Data name="身障者非対応">
            <value>◯</value>
          </Data>
          <Data name="種別">
            <value>2.冬期未開放(身障者非対応)</value>
          </Data>
        </ExtendedData>
        <Point>
          <coordinates>
            141.376053,43.0533,0
          </coordinates>
        </Point>
      </Placemark>
      <Placemark>
        <name>本郷公園</name>
        <description><![CDATA[説明: 冬期開放: <br>冬期未開放: ◯<br>身障者対応: <br>身障者非対応: ◯<br>種別: 2.冬期未開放(身障者非対応)<br>冬期開放: <br>冬期未開放: ◯<br>身障者対応: <br>身障者非対応: ◯<br>種別: 2.冬期未開放(身障者非対応)]]></description>
        <styleUrl>#icon-1733-1A237E</styleUrl>
        <ExtendedData>
          <Data name="説明">
            <value>冬期開放: 
冬期未開放: ◯
身障者対応: 
身障者非対応: ◯
種別: 2.冬期未開放(身障者非対応)</value>
          </Data>
          <Data name="冬期開放">
            <value/>
          </Data>
          <Data name="冬期未開放">
            <value>◯</value>
          </Data>
          <Data name="身障者対応">
            <value/>
          </Data>
          <Data name="身障者非対応">
            <value>◯</value>
          </Data>
          <Data name="種別">
            <value>2.冬期未開放(身障者非対応)</value>
          </Data>
        </ExtendedData>
        <Point>
          <coordinates>
            141.41063,43.04317,0
          </coordinates>
        </Point>
      </Placemark>
      <Placemark>
        <name>南郷東公園</name>
        <description><![CDATA[説明: 冬期開放: <br>冬期未開放: ◯<br>身障者対応: <br>身障者非対応: ◯<br>種別: 2.冬期未開放(身障者非対応)<br>冬期開放: <br>冬期未開放: ◯<br>身障者対応: <br>身障者非対応: ◯<br>種別: 2.冬期未開放(身障者非対応)]]></description>
        <styleUrl>#icon-1733-1A237E</styleUrl>
        <ExtendedData>
          <Data name="説明">
            <value>冬期開放: 
冬期未開放: ◯
身障者対応: 
身障者非対応: ◯
種別: 2.冬期未開放(身障者非対応)</value>
          </Data>
          <Data name="冬期開放">
            <value/>
          </Data>
          <Data name="冬期未開放">
            <value>◯</value>
          </Data>
          <Data name="身障者対応">
            <value/>
          </Data>
          <Data name="身障者非対応">
            <value>◯</value>
          </Data>
          <Data name="種別">
            <value>2.冬期未開放(身障者非対応)</value>
          </Data>
        </ExtendedData>
        <Point>
          <coordinates>
            141.417841,43.038473,0
          </coordinates>
        </Point>
      </Placemark>
      <Placemark>
        <name>菊水みやこ公園</name>
        <description><![CDATA[説明: 冬期開放: <br>冬期未開放: ◯<br>身障者対応: <br>身障者非対応: ◯<br>種別: 2.冬期未開放(身障者非対応)<br>冬期開放: <br>冬期未開放: ◯<br>身障者対応: <br>身障者非対応: ◯<br>種別: 2.冬期未開放(身障者非対応)]]></description>
        <styleUrl>#icon-1733-1A237E</styleUrl>
        <ExtendedData>
          <Data name="説明">
            <value>冬期開放: 
冬期未開放: ◯
身障者対応: 
身障者非対応: ◯
種別: 2.冬期未開放(身障者非対応)</value>
          </Data>
          <Data name="冬期開放">
            <value/>
          </Data>
          <Data name="冬期未開放">
            <value>◯</value>
          </Data>
          <Data name="身障者対応">
            <value/>
          </Data>
          <Data name="身障者非対応">
            <value>◯</value>
          </Data>
          <Data name="種別">
            <value>2.冬期未開放(身障者非対応)</value>
          </Data>
        </ExtendedData>
        <Point>
          <coordinates>
            141.41376,43.075479,0
          </coordinates>
        </Point>
      </Placemark>
      <Placemark>
        <name>こなみ公園</name>
        <description><![CDATA[説明: 冬期開放: <br>冬期未開放: ◯<br>身障者対応: <br>身障者非対応: ◯<br>種別: 2.冬期未開放(身障者非対応)<br>冬期開放: <br>冬期未開放: ◯<br>身障者対応: <br>身障者非対応: ◯<br>種別: 2.冬期未開放(身障者非対応)]]></description>
        <styleUrl>#icon-1733-1A237E</styleUrl>
        <ExtendedData>
          <Data name="説明">
            <value>冬期開放: 
冬期未開放: ◯
身障者対応: 
身障者非対応: ◯
種別: 2.冬期未開放(身障者非対応)</value>
          </Data>
          <Data name="冬期開放">
            <value/>
          </Data>
          <Data name="冬期未開放">
            <value>◯</value>
          </Data>
          <Data name="身障者対応">
            <value/>
          </Data>
          <Data name="身障者非対応">
            <value>◯</value>
          </Data>
          <Data name="種別">
            <value>2.冬期未開放(身障者非対応)</value>
          </Data>
        </ExtendedData>
        <Point>
          <coordinates>
            141.412159,43.035233,0
          </coordinates>
        </Point>
      </Placemark>
      <Placemark>
        <name>みどり公園</name>
        <description><![CDATA[説明: 冬期開放: <br>冬期未開放: ◯<br>身障者対応: <br>身障者非対応: ◯<br>種別: 2.冬期未開放(身障者非対応)<br>冬期開放: <br>冬期未開放: ◯<br>身障者対応: <br>身障者非対応: ◯<br>種別: 2.冬期未開放(身障者非対応)]]></description>
        <styleUrl>#icon-1733-1A237E</styleUrl>
        <ExtendedData>
          <Data name="説明">
            <value>冬期開放: 
冬期未開放: ◯
身障者対応: 
身障者非対応: ◯
種別: 2.冬期未開放(身障者非対応)</value>
          </Data>
          <Data name="冬期開放">
            <value/>
          </Data>
          <Data name="冬期未開放">
            <value>◯</value>
          </Data>
          <Data name="身障者対応">
            <value/>
          </Data>
          <Data name="身障者非対応">
            <value>◯</value>
          </Data>
          <Data name="種別">
            <value>2.冬期未開放(身障者非対応)</value>
          </Data>
        </ExtendedData>
        <Point>
          <coordinates>
            141.41373,43.040121,0
          </coordinates>
        </Point>
      </Placemark>
      <Placemark>
        <name>双葉公園</name>
        <description><![CDATA[説明: 冬期開放: <br>冬期未開放: ◯<br>身障者対応: <br>身障者非対応: ◯<br>種別: 2.冬期未開放(身障者非対応)<br>冬期開放: <br>冬期未開放: ◯<br>身障者対応: <br>身障者非対応: ◯<br>種別: 2.冬期未開放(身障者非対応)]]></description>
        <styleUrl>#icon-1733-1A237E</styleUrl>
        <ExtendedData>
          <Data name="説明">
            <value>冬期開放: 
冬期未開放: ◯
身障者対応: 
身障者非対応: ◯
種別: 2.冬期未開放(身障者非対応)</value>
          </Data>
          <Data name="冬期開放">
            <value/>
          </Data>
          <Data name="冬期未開放">
            <value>◯</value>
          </Data>
          <Data name="身障者対応">
            <value/>
          </Data>
          <Data name="身障者非対応">
            <value>◯</value>
          </Data>
          <Data name="種別">
            <value>2.冬期未開放(身障者非対応)</value>
          </Data>
        </ExtendedData>
        <Point>
          <coordinates>
            141.385903,43.059526,0
          </coordinates>
        </Point>
      </Placemark>
      <Placemark>
        <name>白石共栄公園</name>
        <description><![CDATA[説明: 冬期開放: <br>冬期未開放: ◯<br>身障者対応: ◯<br>身障者非対応: <br>種別: 4.身障者対応(冬期未開放)<br>冬期開放: <br>冬期未開放: ◯<br>身障者対応: ◯<br>身障者非対応: <br>種別: 4.身障者対応(冬期未開放)]]></description>
        <styleUrl>#icon-1735-1A237E</styleUrl>
        <ExtendedData>
          <Data name="説明">
            <value>冬期開放: 
冬期未開放: ◯
身障者対応: ◯
身障者非対応: 
種別: 4.身障者対応(冬期未開放)</value>
          </Data>
          <Data name="冬期開放">
            <value/>
          </Data>
          <Data name="冬期未開放">
            <value>◯</value>
          </Data>
          <Data name="身障者対応">
            <value>◯</value>
          </Data>
          <Data name="身障者非対応">
            <value/>
          </Data>
          <Data name="種別">
            <value>4.身障者対応(冬期未開放)</value>
          </Data>
        </ExtendedData>
        <Point>
          <coordinates>
            141.417183,43.047917,0
          </coordinates>
        </Point>
      </Placemark>
      <Placemark>
        <name>かしわ公園</name>
        <description><![CDATA[説明: 冬期開放: <br>冬期未開放: ◯<br>身障者対応: <br>身障者非対応: ◯<br>種別: 2.冬期未開放(身障者非対応)<br>冬期開放: <br>冬期未開放: ◯<br>身障者対応: <br>身障者非対応: ◯<br>種別: 2.冬期未開放(身障者非対応)]]></description>
        <styleUrl>#icon-1733-1A237E</styleUrl>
        <ExtendedData>
          <Data name="説明">
            <value>冬期開放: 
冬期未開放: ◯
身障者対応: 
身障者非対応: ◯
種別: 2.冬期未開放(身障者非対応)</value>
          </Data>
          <Data name="冬期開放">
            <value/>
          </Data>
          <Data name="冬期未開放">
            <value>◯</value>
          </Data>
          <Data name="身障者対応">
            <value/>
          </Data>
          <Data name="身障者非対応">
            <value>◯</value>
          </Data>
          <Data name="種別">
            <value>2.冬期未開放(身障者非対応)</value>
          </Data>
        </ExtendedData>
        <Point>
          <coordinates>
            141.419479,43.05047,0
          </coordinates>
        </Point>
      </Placemark>
      <Placemark>
        <name>北郷ライラック公園</name>
        <description><![CDATA[説明: 冬期開放: <br>冬期未開放: ◯<br>身障者対応: <br>身障者非対応: ◯<br>種別: 2.冬期未開放(身障者非対応)<br>冬期開放: <br>冬期未開放: ◯<br>身障者対応: <br>身障者非対応: ◯<br>種別: 2.冬期未開放(身障者非対応)]]></description>
        <styleUrl>#icon-1733-1A237E</styleUrl>
        <ExtendedData>
          <Data name="説明">
            <value>冬期開放: 
冬期未開放: ◯
身障者対応: 
身障者非対応: ◯
種別: 2.冬期未開放(身障者非対応)</value>
          </Data>
          <Data name="冬期開放">
            <value/>
          </Data>
          <Data name="冬期未開放">
            <value>◯</value>
          </Data>
          <Data name="身障者対応">
            <value/>
          </Data>
          <Data name="身障者非対応">
            <value>◯</value>
          </Data>
          <Data name="種別">
            <value>2.冬期未開放(身障者非対応)</value>
          </Data>
        </ExtendedData>
        <Point>
          <coordinates>
            141.405533,43.062149,0
          </coordinates>
        </Point>
      </Placemark>
      <Placemark>
        <name>かまきり公園</name>
        <description><![CDATA[説明: 冬期開放: <br>冬期未開放: ◯<br>身障者対応: <br>身障者非対応: ◯<br>種別: 2.冬期未開放(身障者非対応)<br>冬期開放: <br>冬期未開放: ◯<br>身障者対応: <br>身障者非対応: ◯<br>種別: 2.冬期未開放(身障者非対応)]]></description>
        <styleUrl>#icon-1733-1A237E</styleUrl>
        <ExtendedData>
          <Data name="説明">
            <value>冬期開放: 
冬期未開放: ◯
身障者対応: 
身障者非対応: ◯
種別: 2.冬期未開放(身障者非対応)</value>
          </Data>
          <Data name="冬期開放">
            <value/>
          </Data>
          <Data name="冬期未開放">
            <value>◯</value>
          </Data>
          <Data name="身障者対応">
            <value/>
          </Data>
          <Data name="身障者非対応">
            <value>◯</value>
          </Data>
          <Data name="種別">
            <value>2.冬期未開放(身障者非対応)</value>
          </Data>
        </ExtendedData>
        <Point>
          <coordinates>
            141.436657,43.028882,0
          </coordinates>
        </Point>
      </Placemark>
      <Placemark>
        <name>北郷とちの木公園</name>
        <description><![CDATA[説明: 冬期開放: <br>冬期未開放: ◯<br>身障者対応: <br>身障者非対応: ◯<br>種別: 2.冬期未開放(身障者非対応)<br>冬期開放: <br>冬期未開放: ◯<br>身障者対応: <br>身障者非対応: ◯<br>種別: 2.冬期未開放(身障者非対応)]]></description>
        <styleUrl>#icon-1733-1A237E</styleUrl>
        <ExtendedData>
          <Data name="説明">
            <value>冬期開放: 
冬期未開放: ◯
身障者対応: 
身障者非対応: ◯
種別: 2.冬期未開放(身障者非対応)</value>
          </Data>
          <Data name="冬期開放">
            <value/>
          </Data>
          <Data name="冬期未開放">
            <value>◯</value>
          </Data>
          <Data name="身障者対応">
            <value/>
          </Data>
          <Data name="身障者非対応">
            <value>◯</value>
          </Data>
          <Data name="種別">
            <value>2.冬期未開放(身障者非対応)</value>
          </Data>
        </ExtendedData>
        <Point>
          <coordinates>
            141.441353,43.047833,0
          </coordinates>
        </Point>
      </Placemark>
      <Placemark>
        <name>てまり公園</name>
        <description><![CDATA[説明: 冬期開放: <br>冬期未開放: ◯<br>身障者対応: ◯<br>身障者非対応: <br>種別: 4.身障者対応(冬期未開放)<br>冬期開放: <br>冬期未開放: ◯<br>身障者対応: ◯<br>身障者非対応: <br>種別: 4.身障者対応(冬期未開放)]]></description>
        <styleUrl>#icon-1735-1A237E</styleUrl>
        <ExtendedData>
          <Data name="説明">
            <value>冬期開放: 
冬期未開放: ◯
身障者対応: ◯
身障者非対応: 
種別: 4.身障者対応(冬期未開放)</value>
          </Data>
          <Data name="冬期開放">
            <value/>
          </Data>
          <Data name="冬期未開放">
            <value>◯</value>
          </Data>
          <Data name="身障者対応">
            <value>◯</value>
          </Data>
          <Data name="身障者非対応">
            <value/>
          </Data>
          <Data name="種別">
            <value>4.身障者対応(冬期未開放)</value>
          </Data>
        </ExtendedData>
        <Point>
          <coordinates>
            141.405232,43.04634,0
          </coordinates>
        </Point>
      </Placemark>
      <Placemark>
        <name>川北ライラック公園</name>
        <description><![CDATA[説明: 冬期開放: <br>冬期未開放: ◯<br>身障者対応: ◯<br>身障者非対応: <br>種別: 4.身障者対応(冬期未開放)<br>冬期開放: <br>冬期未開放: ◯<br>身障者対応: ◯<br>身障者非対応: <br>種別: 4.身障者対応(冬期未開放)]]></description>
        <styleUrl>#icon-1735-1A237E</styleUrl>
        <ExtendedData>
          <Data name="説明">
            <value>冬期開放: 
冬期未開放: ◯
身障者対応: ◯
身障者非対応: 
種別: 4.身障者対応(冬期未開放)</value>
          </Data>
          <Data name="冬期開放">
            <value/>
          </Data>
          <Data name="冬期未開放">
            <value>◯</value>
          </Data>
          <Data name="身障者対応">
            <value>◯</value>
          </Data>
          <Data name="身障者非対応">
            <value/>
          </Data>
          <Data name="種別">
            <value>4.身障者対応(冬期未開放)</value>
          </Data>
        </ExtendedData>
        <Point>
          <coordinates>
            141.439386,43.062644,0
          </coordinates>
        </Point>
      </Placemark>
      <Placemark>
        <name>菊水上町いずみ公園</name>
        <description><![CDATA[説明: 冬期開放: <br>冬期未開放: ◯<br>身障者対応: ◯<br>身障者非対応: <br>種別: 4.身障者対応(冬期未開放)<br>冬期開放: <br>冬期未開放: ◯<br>身障者対応: ◯<br>身障者非対応: <br>種別: 4.身障者対応(冬期未開放)]]></description>
        <styleUrl>#icon-1735-1A237E</styleUrl>
        <ExtendedData>
          <Data name="説明">
            <value>冬期開放: 
冬期未開放: ◯
身障者対応: ◯
身障者非対応: 
種別: 4.身障者対応(冬期未開放)</value>
          </Data>
          <Data name="冬期開放">
            <value/>
          </Data>
          <Data name="冬期未開放">
            <value>◯</value>
          </Data>
          <Data name="身障者対応">
            <value>◯</value>
          </Data>
          <Data name="身障者非対応">
            <value/>
          </Data>
          <Data name="種別">
            <value>4.身障者対応(冬期未開放)</value>
          </Data>
        </ExtendedData>
        <Point>
          <coordinates>
            141.38636,43.063881,0
          </coordinates>
        </Point>
      </Placemark>
      <Placemark>
        <name>北郷わんぱく公園</name>
        <description><![CDATA[説明: 冬期開放: <br>冬期未開放: ◯<br>身障者対応: <br>身障者非対応: ◯<br>種別: 2.冬期未開放(身障者非対応)<br>冬期開放: <br>冬期未開放: ◯<br>身障者対応: <br>身障者非対応: ◯<br>種別: 2.冬期未開放(身障者非対応)]]></description>
        <styleUrl>#icon-1733-1A237E</styleUrl>
        <ExtendedData>
          <Data name="説明">
            <value>冬期開放: 
冬期未開放: ◯
身障者対応: 
身障者非対応: ◯
種別: 2.冬期未開放(身障者非対応)</value>
          </Data>
          <Data name="冬期開放">
            <value/>
          </Data>
          <Data name="冬期未開放">
            <value>◯</value>
          </Data>
          <Data name="身障者対応">
            <value/>
          </Data>
          <Data name="身障者非対応">
            <value>◯</value>
          </Data>
          <Data name="種別">
            <value>2.冬期未開放(身障者非対応)</value>
          </Data>
        </ExtendedData>
        <Point>
          <coordinates>
            141.419494,43.067356,0
          </coordinates>
        </Point>
      </Placemark>
      <Placemark>
        <name>みずき公園</name>
        <description><![CDATA[説明: 冬期開放: <br>冬期未開放: ◯<br>身障者対応: <br>身障者非対応: ◯<br>種別: 2.冬期未開放(身障者非対応)<br>冬期開放: <br>冬期未開放: ◯<br>身障者対応: <br>身障者非対応: ◯<br>種別: 2.冬期未開放(身障者非対応)]]></description>
        <styleUrl>#icon-1733-1A237E</styleUrl>
        <ExtendedData>
          <Data name="説明">
            <value>冬期開放: 
冬期未開放: ◯
身障者対応: 
身障者非対応: ◯
種別: 2.冬期未開放(身障者非対応)</value>
          </Data>
          <Data name="冬期開放">
            <value/>
          </Data>
          <Data name="冬期未開放">
            <value>◯</value>
          </Data>
          <Data name="身障者対応">
            <value/>
          </Data>
          <Data name="身障者非対応">
            <value>◯</value>
          </Data>
          <Data name="種別">
            <value>2.冬期未開放(身障者非対応)</value>
          </Data>
        </ExtendedData>
        <Point>
          <coordinates>
            141.42819,43.043293,0
          </coordinates>
        </Point>
      </Placemark>
      <Placemark>
        <name>ほがらか公園</name>
        <description><![CDATA[説明: 冬期開放: <br>冬期未開放: ◯<br>身障者対応: <br>身障者非対応: ◯<br>種別: 2.冬期未開放(身障者非対応)<br>冬期開放: <br>冬期未開放: ◯<br>身障者対応: <br>身障者非対応: ◯<br>種別: 2.冬期未開放(身障者非対応)]]></description>
        <styleUrl>#icon-1733-1A237E</styleUrl>
        <ExtendedData>
          <Data name="説明">
            <value>冬期開放: 
冬期未開放: ◯
身障者対応: 
身障者非対応: ◯
種別: 2.冬期未開放(身障者非対応)</value>
          </Data>
          <Data name="冬期開放">
            <value/>
          </Data>
          <Data name="冬期未開放">
            <value>◯</value>
          </Data>
          <Data name="身障者対応">
            <value/>
          </Data>
          <Data name="身障者非対応">
            <value>◯</value>
          </Data>
          <Data name="種別">
            <value>2.冬期未開放(身障者非対応)</value>
          </Data>
        </ExtendedData>
        <Point>
          <coordinates>
            141.399207,43.057503,0
          </coordinates>
        </Point>
      </Placemark>
      <Placemark>
        <name>白菊すくすく公園</name>
        <description><![CDATA[説明: 冬期開放: <br>冬期未開放: ◯<br>身障者対応: ◯<br>身障者非対応: <br>種別: 4.身障者対応(冬期未開放)<br>冬期開放: <br>冬期未開放: ◯<br>身障者対応: ◯<br>身障者非対応: <br>種別: 4.身障者対応(冬期未開放)]]></description>
        <styleUrl>#icon-1735-1A237E</styleUrl>
        <ExtendedData>
          <Data name="説明">
            <value>冬期開放: 
冬期未開放: ◯
身障者対応: ◯
身障者非対応: 
種別: 4.身障者対応(冬期未開放)</value>
          </Data>
          <Data name="冬期開放">
            <value/>
          </Data>
          <Data name="冬期未開放">
            <value>◯</value>
          </Data>
          <Data name="身障者対応">
            <value>◯</value>
          </Data>
          <Data name="身障者非対応">
            <value/>
          </Data>
          <Data name="種別">
            <value>4.身障者対応(冬期未開放)</value>
          </Data>
        </ExtendedData>
        <Point>
          <coordinates>
            141.405621,43.071144,0
          </coordinates>
        </Point>
      </Placemark>
      <Placemark>
        <name>エルム公園</name>
        <description><![CDATA[説明: 冬期開放: <br>冬期未開放: ◯<br>身障者対応: <br>身障者非対応: ◯<br>種別: 2.冬期未開放(身障者非対応)<br>冬期開放: <br>冬期未開放: ◯<br>身障者対応: <br>身障者非対応: ◯<br>種別: 2.冬期未開放(身障者非対応)]]></description>
        <styleUrl>#icon-1733-1A237E</styleUrl>
        <ExtendedData>
          <Data name="説明">
            <value>冬期開放: 
冬期未開放: ◯
身障者対応: 
身障者非対応: ◯
種別: 2.冬期未開放(身障者非対応)</value>
          </Data>
          <Data name="冬期開放">
            <value/>
          </Data>
          <Data name="冬期未開放">
            <value>◯</value>
          </Data>
          <Data name="身障者対応">
            <value/>
          </Data>
          <Data name="身障者非対応">
            <value>◯</value>
          </Data>
          <Data name="種別">
            <value>2.冬期未開放(身障者非対応)</value>
          </Data>
        </ExtendedData>
        <Point>
          <coordinates>
            141.397913,43.042096,0
          </coordinates>
        </Point>
      </Placemark>
      <Placemark>
        <name>南郷からまつ公園</name>
        <description><![CDATA[説明: 冬期開放: <br>冬期未開放: ◯<br>身障者対応: <br>身障者非対応: ◯<br>種別: 2.冬期未開放(身障者非対応)<br>冬期開放: <br>冬期未開放: ◯<br>身障者対応: <br>身障者非対応: ◯<br>種別: 2.冬期未開放(身障者非対応)]]></description>
        <styleUrl>#icon-1733-1A237E</styleUrl>
        <ExtendedData>
          <Data name="説明">
            <value>冬期開放: 
冬期未開放: ◯
身障者対応: 
身障者非対応: ◯
種別: 2.冬期未開放(身障者非対応)</value>
          </Data>
          <Data name="冬期開放">
            <value/>
          </Data>
          <Data name="冬期未開放">
            <value>◯</value>
          </Data>
          <Data name="身障者対応">
            <value/>
          </Data>
          <Data name="身障者非対応">
            <value>◯</value>
          </Data>
          <Data name="種別">
            <value>2.冬期未開放(身障者非対応)</value>
          </Data>
        </ExtendedData>
        <Point>
          <coordinates>
            141.431019,43.031098,0
          </coordinates>
        </Point>
      </Placemark>
      <Placemark>
        <name>米里いきいき公園</name>
        <description><![CDATA[説明: 冬期開放: <br>冬期未開放: ◯<br>身障者対応: <br>身障者非対応: ◯<br>種別: 2.冬期未開放(身障者非対応)<br>冬期開放: <br>冬期未開放: ◯<br>身障者対応: <br>身障者非対応: ◯<br>種別: 2.冬期未開放(身障者非対応)]]></description>
        <styleUrl>#icon-1733-1A237E</styleUrl>
        <ExtendedData>
          <Data name="説明">
            <value>冬期開放: 
冬期未開放: ◯
身障者対応: 
身障者非対応: ◯
種別: 2.冬期未開放(身障者非対応)</value>
          </Data>
          <Data name="冬期開放">
            <value/>
          </Data>
          <Data name="冬期未開放">
            <value>◯</value>
          </Data>
          <Data name="身障者対応">
            <value/>
          </Data>
          <Data name="身障者非対応">
            <value>◯</value>
          </Data>
          <Data name="種別">
            <value>2.冬期未開放(身障者非対応)</value>
          </Data>
        </ExtendedData>
        <Point>
          <coordinates>
            141.430286,43.085339,0
          </coordinates>
        </Point>
      </Placemark>
      <Placemark>
        <name>米里東パンダ公園</name>
        <description><![CDATA[説明: 冬期開放: <br>冬期未開放: ◯<br>身障者対応: <br>身障者非対応: ◯<br>種別: 2.冬期未開放(身障者非対応)<br>冬期開放: <br>冬期未開放: ◯<br>身障者対応: <br>身障者非対応: ◯<br>種別: 2.冬期未開放(身障者非対応)]]></description>
        <styleUrl>#icon-1733-1A237E</styleUrl>
        <ExtendedData>
          <Data name="説明">
            <value>冬期開放: 
冬期未開放: ◯
身障者対応: 
身障者非対応: ◯
種別: 2.冬期未開放(身障者非対応)</value>
          </Data>
          <Data name="冬期開放">
            <value/>
          </Data>
          <Data name="冬期未開放">
            <value>◯</value>
          </Data>
          <Data name="身障者対応">
            <value/>
          </Data>
          <Data name="身障者非対応">
            <value>◯</value>
          </Data>
          <Data name="種別">
            <value>2.冬期未開放(身障者非対応)</value>
          </Data>
        </ExtendedData>
        <Point>
          <coordinates>
            141.423022,43.071301,0
          </coordinates>
        </Point>
      </Placemark>
      <Placemark>
        <name>栄通はまなす公園</name>
        <description><![CDATA[説明: 冬期開放: <br>冬期未開放: ◯<br>身障者対応: <br>身障者非対応: ◯<br>種別: 2.冬期未開放(身障者非対応)<br>冬期開放: <br>冬期未開放: ◯<br>身障者対応: <br>身障者非対応: ◯<br>種別: 2.冬期未開放(身障者非対応)]]></description>
        <styleUrl>#icon-1733-1A237E</styleUrl>
        <ExtendedData>
          <Data name="説明">
            <value>冬期開放: 
冬期未開放: ◯
身障者対応: 
身障者非対応: ◯
種別: 2.冬期未開放(身障者非対応)</value>
          </Data>
          <Data name="冬期開放">
            <value/>
          </Data>
          <Data name="冬期未開放">
            <value>◯</value>
          </Data>
          <Data name="身障者対応">
            <value/>
          </Data>
          <Data name="身障者非対応">
            <value>◯</value>
          </Data>
          <Data name="種別">
            <value>2.冬期未開放(身障者非対応)</value>
          </Data>
        </ExtendedData>
        <Point>
          <coordinates>
            141.424162,43.030408,0
          </coordinates>
        </Point>
      </Placemark>
      <Placemark>
        <name>北郷はづき公園</name>
        <description><![CDATA[説明: 冬期開放: <br>冬期未開放: ◯<br>身障者対応: <br>身障者非対応: ◯<br>種別: 2.冬期未開放(身障者非対応)<br>冬期開放: <br>冬期未開放: ◯<br>身障者対応: <br>身障者非対応: ◯<br>種別: 2.冬期未開放(身障者非対応)]]></description>
        <styleUrl>#icon-1733-1A237E</styleUrl>
        <ExtendedData>
          <Data name="説明">
            <value>冬期開放: 
冬期未開放: ◯
身障者対応: 
身障者非対応: ◯
種別: 2.冬期未開放(身障者非対応)</value>
          </Data>
          <Data name="冬期開放">
            <value/>
          </Data>
          <Data name="冬期未開放">
            <value>◯</value>
          </Data>
          <Data name="身障者対応">
            <value/>
          </Data>
          <Data name="身障者非対応">
            <value>◯</value>
          </Data>
          <Data name="種別">
            <value>2.冬期未開放(身障者非対応)</value>
          </Data>
        </ExtendedData>
        <Point>
          <coordinates>
            141.422441,43.065905,0
          </coordinates>
        </Point>
      </Placemark>
      <Placemark>
        <name>みのる公園</name>
        <description><![CDATA[説明: 冬期開放: ◯<br>冬期未開放: <br>身障者対応: <br>身障者非対応: ◯<br>種別: 1.冬期開放(身障者非対応)<br>冬期開放: ◯<br>冬期未開放: <br>身障者対応: <br>身障者非対応: ◯<br>種別: 1.冬期開放(身障者非対応)]]></description>
        <styleUrl>#icon-1733-A52714</styleUrl>
        <ExtendedData>
          <Data name="説明">
            <value>冬期開放: ◯
冬期未開放: 
身障者対応: 
身障者非対応: ◯
種別: 1.冬期開放(身障者非対応)</value>
          </Data>
          <Data name="冬期開放">
            <value>◯</value>
          </Data>
          <Data name="冬期未開放">
            <value/>
          </Data>
          <Data name="身障者対応">
            <value/>
          </Data>
          <Data name="身障者非対応">
            <value>◯</value>
          </Data>
          <Data name="種別">
            <value>1.冬期開放(身障者非対応)</value>
          </Data>
        </ExtendedData>
        <Point>
          <coordinates>
            141.407464,43.039004,0
          </coordinates>
        </Point>
      </Placemark>
      <Placemark>
        <name>菊水北公園</name>
        <description><![CDATA[説明: 冬期開放: ◯<br>冬期未開放: <br>身障者対応: <br>身障者非対応: ◯<br>種別: 1.冬期開放(身障者非対応)<br>冬期開放: ◯<br>冬期未開放: <br>身障者対応: <br>身障者非対応: ◯<br>種別: 1.冬期開放(身障者非対応)]]></description>
        <styleUrl>#icon-1733-A52714</styleUrl>
        <ExtendedData>
          <Data name="説明">
            <value>冬期開放: ◯
冬期未開放: 
身障者対応: 
身障者非対応: ◯
種別: 1.冬期開放(身障者非対応)</value>
          </Data>
          <Data name="冬期開放">
            <value>◯</value>
          </Data>
          <Data name="冬期未開放">
            <value/>
          </Data>
          <Data name="身障者対応">
            <value/>
          </Data>
          <Data name="身障者非対応">
            <value>◯</value>
          </Data>
          <Data name="種別">
            <value>1.冬期開放(身障者非対応)</value>
          </Data>
        </ExtendedData>
        <Point>
          <coordinates>
            141.379194,43.06124,0
          </coordinates>
        </Point>
      </Placemark>
      <Placemark>
        <name>白石ちびっこ公園</name>
        <description><![CDATA[説明: 冬期開放: <br>冬期未開放: ◯<br>身障者対応: <br>身障者非対応: ◯<br>種別: 2.冬期未開放(身障者非対応)<br>冬期開放: <br>冬期未開放: ◯<br>身障者対応: <br>身障者非対応: ◯<br>種別: 2.冬期未開放(身障者非対応)]]></description>
        <styleUrl>#icon-1733-1A237E</styleUrl>
        <ExtendedData>
          <Data name="説明">
            <value>冬期開放: 
冬期未開放: ◯
身障者対応: 
身障者非対応: ◯
種別: 2.冬期未開放(身障者非対応)</value>
          </Data>
          <Data name="冬期開放">
            <value/>
          </Data>
          <Data name="冬期未開放">
            <value>◯</value>
          </Data>
          <Data name="身障者対応">
            <value/>
          </Data>
          <Data name="身障者非対応">
            <value>◯</value>
          </Data>
          <Data name="種別">
            <value>2.冬期未開放(身障者非対応)</value>
          </Data>
        </ExtendedData>
        <Point>
          <coordinates>
            141.393412,43.060209,0
          </coordinates>
        </Point>
      </Placemark>
      <Placemark>
        <name>米里わいわい公園</name>
        <description><![CDATA[説明: 冬期開放: <br>冬期未開放: ◯<br>身障者対応: <br>身障者非対応: ◯<br>種別: 2.冬期未開放(身障者非対応)<br>冬期開放: <br>冬期未開放: ◯<br>身障者対応: <br>身障者非対応: ◯<br>種別: 2.冬期未開放(身障者非対応)]]></description>
        <styleUrl>#icon-1733-1A237E</styleUrl>
        <ExtendedData>
          <Data name="説明">
            <value>冬期開放: 
冬期未開放: ◯
身障者対応: 
身障者非対応: ◯
種別: 2.冬期未開放(身障者非対応)</value>
          </Data>
          <Data name="冬期開放">
            <value/>
          </Data>
          <Data name="冬期未開放">
            <value>◯</value>
          </Data>
          <Data name="身障者対応">
            <value/>
          </Data>
          <Data name="身障者非対応">
            <value>◯</value>
          </Data>
          <Data name="種別">
            <value>2.冬期未開放(身障者非対応)</value>
          </Data>
        </ExtendedData>
        <Point>
          <coordinates>
            141.423155,43.083131,0
          </coordinates>
        </Point>
      </Placemark>
      <Placemark>
        <name>菊水みどり公園</name>
        <description><![CDATA[説明: 冬期開放: <br>冬期未開放: ◯<br>身障者対応: <br>身障者非対応: ◯<br>種別: 2.冬期未開放(身障者非対応)<br>冬期開放: <br>冬期未開放: ◯<br>身障者対応: <br>身障者非対応: ◯<br>種別: 2.冬期未開放(身障者非対応)]]></description>
        <styleUrl>#icon-1733-1A237E</styleUrl>
        <ExtendedData>
          <Data name="説明">
            <value>冬期開放: 
冬期未開放: ◯
身障者対応: 
身障者非対応: ◯
種別: 2.冬期未開放(身障者非対応)</value>
          </Data>
          <Data name="冬期開放">
            <value/>
          </Data>
          <Data name="冬期未開放">
            <value>◯</value>
          </Data>
          <Data name="身障者対応">
            <value/>
          </Data>
          <Data name="身障者非対応">
            <value>◯</value>
          </Data>
          <Data name="種別">
            <value>2.冬期未開放(身障者非対応)</value>
          </Data>
        </ExtendedData>
        <Point>
          <coordinates>
            141.393022,43.064512,0
          </coordinates>
        </Point>
      </Placemark>
      <Placemark>
        <name>菊水元町しらかば公園</name>
        <description><![CDATA[説明: 冬期開放: <br>冬期未開放: ◯<br>身障者対応: <br>身障者非対応: ◯<br>種別: 2.冬期未開放(身障者非対応)<br>冬期開放: <br>冬期未開放: ◯<br>身障者対応: <br>身障者非対応: ◯<br>種別: 2.冬期未開放(身障者非対応)]]></description>
        <styleUrl>#icon-1733-1A237E</styleUrl>
        <ExtendedData>
          <Data name="説明">
            <value>冬期開放: 
冬期未開放: ◯
身障者対応: 
身障者非対応: ◯
種別: 2.冬期未開放(身障者非対応)</value>
          </Data>
          <Data name="冬期開放">
            <value/>
          </Data>
          <Data name="冬期未開放">
            <value>◯</value>
          </Data>
          <Data name="身障者対応">
            <value/>
          </Data>
          <Data name="身障者非対応">
            <value>◯</value>
          </Data>
          <Data name="種別">
            <value>2.冬期未開放(身障者非対応)</value>
          </Data>
        </ExtendedData>
        <Point>
          <coordinates>
            141.402,43.065424,0
          </coordinates>
        </Point>
      </Placemark>
      <Placemark>
        <name>河岸公園</name>
        <description><![CDATA[説明: 冬期開放: <br>冬期未開放: ◯<br>身障者対応: ◯<br>身障者非対応: <br>種別: 4.身障者対応(冬期未開放)<br>冬期開放: <br>冬期未開放: ◯<br>身障者対応: ◯<br>身障者非対応: <br>種別: 4.身障者対応(冬期未開放)]]></description>
        <styleUrl>#icon-1735-1A237E</styleUrl>
        <ExtendedData>
          <Data name="説明">
            <value>冬期開放: 
冬期未開放: ◯
身障者対応: ◯
身障者非対応: 
種別: 4.身障者対応(冬期未開放)</value>
          </Data>
          <Data name="冬期開放">
            <value/>
          </Data>
          <Data name="冬期未開放">
            <value>◯</value>
          </Data>
          <Data name="身障者対応">
            <value>◯</value>
          </Data>
          <Data name="身障者非対応">
            <value/>
          </Data>
          <Data name="種別">
            <value>4.身障者対応(冬期未開放)</value>
          </Data>
        </ExtendedData>
        <Point>
          <coordinates>
            141.368307,43.058019,0
          </coordinates>
        </Point>
      </Placemark>
      <Placemark>
        <name>菊水元町ポプラ公園</name>
        <description><![CDATA[説明: 冬期開放: <br>冬期未開放: ◯<br>身障者対応: <br>身障者非対応: ◯<br>種別: 2.冬期未開放(身障者非対応)<br>冬期開放: <br>冬期未開放: ◯<br>身障者対応: <br>身障者非対応: ◯<br>種別: 2.冬期未開放(身障者非対応)]]></description>
        <styleUrl>#icon-1733-1A237E</styleUrl>
        <ExtendedData>
          <Data name="説明">
            <value>冬期開放: 
冬期未開放: ◯
身障者対応: 
身障者非対応: ◯
種別: 2.冬期未開放(身障者非対応)</value>
          </Data>
          <Data name="冬期開放">
            <value/>
          </Data>
          <Data name="冬期未開放">
            <value>◯</value>
          </Data>
          <Data name="身障者対応">
            <value/>
          </Data>
          <Data name="身障者非対応">
            <value>◯</value>
          </Data>
          <Data name="種別">
            <value>2.冬期未開放(身障者非対応)</value>
          </Data>
        </ExtendedData>
        <Point>
          <coordinates>
            141.398772,43.065625,0
          </coordinates>
        </Point>
      </Placemark>
      <Placemark>
        <name>白石ポッポ公園</name>
        <description><![CDATA[説明: 冬期開放: <br>冬期未開放: ◯<br>身障者対応: <br>身障者非対応: ◯<br>種別: 2.冬期未開放(身障者非対応)<br>冬期開放: <br>冬期未開放: ◯<br>身障者対応: <br>身障者非対応: ◯<br>種別: 2.冬期未開放(身障者非対応)]]></description>
        <styleUrl>#icon-1733-1A237E</styleUrl>
        <ExtendedData>
          <Data name="説明">
            <value>冬期開放: 
冬期未開放: ◯
身障者対応: 
身障者非対応: ◯
種別: 2.冬期未開放(身障者非対応)</value>
          </Data>
          <Data name="冬期開放">
            <value/>
          </Data>
          <Data name="冬期未開放">
            <value>◯</value>
          </Data>
          <Data name="身障者対応">
            <value/>
          </Data>
          <Data name="身障者非対応">
            <value>◯</value>
          </Data>
          <Data name="種別">
            <value>2.冬期未開放(身障者非対応)</value>
          </Data>
        </ExtendedData>
        <Point>
          <coordinates>
            141.397812,43.061097,0
          </coordinates>
        </Point>
      </Placemark>
      <Placemark>
        <name>にこにこ公園</name>
        <description><![CDATA[説明: 冬期開放: ◯<br>冬期未開放: <br>身障者対応: <br>身障者非対応: ◯<br>種別: 1.冬期開放(身障者非対応)<br>冬期開放: ◯<br>冬期未開放: <br>身障者対応: <br>身障者非対応: ◯<br>種別: 1.冬期開放(身障者非対応)]]></description>
        <styleUrl>#icon-1733-A52714</styleUrl>
        <ExtendedData>
          <Data name="説明">
            <value>冬期開放: ◯
冬期未開放: 
身障者対応: 
身障者非対応: ◯
種別: 1.冬期開放(身障者非対応)</value>
          </Data>
          <Data name="冬期開放">
            <value>◯</value>
          </Data>
          <Data name="冬期未開放">
            <value/>
          </Data>
          <Data name="身障者対応">
            <value/>
          </Data>
          <Data name="身障者非対応">
            <value>◯</value>
          </Data>
          <Data name="種別">
            <value>1.冬期開放(身障者非対応)</value>
          </Data>
        </ExtendedData>
        <Point>
          <coordinates>
            141.399508,43.051734,0
          </coordinates>
        </Point>
      </Placemark>
      <Placemark>
        <name>北郷こども公園</name>
        <description><![CDATA[説明: 冬期開放: <br>冬期未開放: ◯<br>身障者対応: <br>身障者非対応: ◯<br>種別: 2.冬期未開放(身障者非対応)<br>冬期開放: <br>冬期未開放: ◯<br>身障者対応: <br>身障者非対応: ◯<br>種別: 2.冬期未開放(身障者非対応)]]></description>
        <styleUrl>#icon-1733-1A237E</styleUrl>
        <ExtendedData>
          <Data name="説明">
            <value>冬期開放: 
冬期未開放: ◯
身障者対応: 
身障者非対応: ◯
種別: 2.冬期未開放(身障者非対応)</value>
          </Data>
          <Data name="冬期開放">
            <value/>
          </Data>
          <Data name="冬期未開放">
            <value>◯</value>
          </Data>
          <Data name="身障者対応">
            <value/>
          </Data>
          <Data name="身障者非対応">
            <value>◯</value>
          </Data>
          <Data name="種別">
            <value>2.冬期未開放(身障者非対応)</value>
          </Data>
        </ExtendedData>
        <Point>
          <coordinates>
            141.419026,43.058363,0
          </coordinates>
        </Point>
      </Placemark>
      <Placemark>
        <name>米里のびのび公園</name>
        <description><![CDATA[説明: 冬期開放: <br>冬期未開放: ◯<br>身障者対応: <br>身障者非対応: ◯<br>種別: 2.冬期未開放(身障者非対応)<br>冬期開放: <br>冬期未開放: ◯<br>身障者対応: <br>身障者非対応: ◯<br>種別: 2.冬期未開放(身障者非対応)]]></description>
        <styleUrl>#icon-1733-1A237E</styleUrl>
        <ExtendedData>
          <Data name="説明">
            <value>冬期開放: 
冬期未開放: ◯
身障者対応: 
身障者非対応: ◯
種別: 2.冬期未開放(身障者非対応)</value>
          </Data>
          <Data name="冬期開放">
            <value/>
          </Data>
          <Data name="冬期未開放">
            <value>◯</value>
          </Data>
          <Data name="身障者対応">
            <value/>
          </Data>
          <Data name="身障者非対応">
            <value>◯</value>
          </Data>
          <Data name="種別">
            <value>2.冬期未開放(身障者非対応)</value>
          </Data>
        </ExtendedData>
        <Point>
          <coordinates>
            141.425924,43.085338,0
          </coordinates>
        </Point>
      </Placemark>
      <Placemark>
        <name>つどい公園</name>
        <description><![CDATA[説明: 冬期開放: <br>冬期未開放: ◯<br>身障者対応: <br>身障者非対応: ◯<br>種別: 2.冬期未開放(身障者非対応)<br>冬期開放: <br>冬期未開放: ◯<br>身障者対応: <br>身障者非対応: ◯<br>種別: 2.冬期未開放(身障者非対応)]]></description>
        <styleUrl>#icon-1733-1A237E</styleUrl>
        <ExtendedData>
          <Data name="説明">
            <value>冬期開放: 
冬期未開放: ◯
身障者対応: 
身障者非対応: ◯
種別: 2.冬期未開放(身障者非対応)</value>
          </Data>
          <Data name="冬期開放">
            <value/>
          </Data>
          <Data name="冬期未開放">
            <value>◯</value>
          </Data>
          <Data name="身障者対応">
            <value/>
          </Data>
          <Data name="身障者非対応">
            <value>◯</value>
          </Data>
          <Data name="種別">
            <value>2.冬期未開放(身障者非対応)</value>
          </Data>
        </ExtendedData>
        <Point>
          <coordinates>
            141.414795,43.044955,0
          </coordinates>
        </Point>
      </Placemark>
      <Placemark>
        <name>ことぶき公園</name>
        <description><![CDATA[説明: 冬期開放: <br>冬期未開放: ◯<br>身障者対応: <br>身障者非対応: ◯<br>種別: 2.冬期未開放(身障者非対応)<br>冬期開放: <br>冬期未開放: ◯<br>身障者対応: <br>身障者非対応: ◯<br>種別: 2.冬期未開放(身障者非対応)]]></description>
        <styleUrl>#icon-1733-1A237E</styleUrl>
        <ExtendedData>
          <Data name="説明">
            <value>冬期開放: 
冬期未開放: ◯
身障者対応: 
身障者非対応: ◯
種別: 2.冬期未開放(身障者非対応)</value>
          </Data>
          <Data name="冬期開放">
            <value/>
          </Data>
          <Data name="冬期未開放">
            <value>◯</value>
          </Data>
          <Data name="身障者対応">
            <value/>
          </Data>
          <Data name="身障者非対応">
            <value>◯</value>
          </Data>
          <Data name="種別">
            <value>2.冬期未開放(身障者非対応)</value>
          </Data>
        </ExtendedData>
        <Point>
          <coordinates>
            141.406569,43.069979,0
          </coordinates>
        </Point>
      </Placemark>
      <Placemark>
        <name>もくれん公園</name>
        <description><![CDATA[説明: 冬期開放: <br>冬期未開放: ◯<br>身障者対応: <br>身障者非対応: ◯<br>種別: 2.冬期未開放(身障者非対応)<br>冬期開放: <br>冬期未開放: ◯<br>身障者対応: <br>身障者非対応: ◯<br>種別: 2.冬期未開放(身障者非対応)]]></description>
        <styleUrl>#icon-1733-1A237E</styleUrl>
        <ExtendedData>
          <Data name="説明">
            <value>冬期開放: 
冬期未開放: ◯
身障者対応: 
身障者非対応: ◯
種別: 2.冬期未開放(身障者非対応)</value>
          </Data>
          <Data name="冬期開放">
            <value/>
          </Data>
          <Data name="冬期未開放">
            <value>◯</value>
          </Data>
          <Data name="身障者対応">
            <value/>
          </Data>
          <Data name="身障者非対応">
            <value>◯</value>
          </Data>
          <Data name="種別">
            <value>2.冬期未開放(身障者非対応)</value>
          </Data>
        </ExtendedData>
        <Point>
          <coordinates>
            141.409915,43.063958,0
          </coordinates>
        </Point>
      </Placemark>
      <Placemark>
        <name>吉田山2号公園</name>
        <description><![CDATA[説明: 冬期開放: <br>冬期未開放: ◯<br>身障者対応: <br>身障者非対応: ◯<br>種別: 2.冬期未開放(身障者非対応)<br>冬期開放: <br>冬期未開放: ◯<br>身障者対応: <br>身障者非対応: ◯<br>種別: 2.冬期未開放(身障者非対応)]]></description>
        <styleUrl>#icon-1733-1A237E</styleUrl>
        <ExtendedData>
          <Data name="説明">
            <value>冬期開放: 
冬期未開放: ◯
身障者対応: 
身障者非対応: ◯
種別: 2.冬期未開放(身障者非対応)</value>
          </Data>
          <Data name="冬期開放">
            <value/>
          </Data>
          <Data name="冬期未開放">
            <value>◯</value>
          </Data>
          <Data name="身障者対応">
            <value/>
          </Data>
          <Data name="身障者非対応">
            <value>◯</value>
          </Data>
          <Data name="種別">
            <value>2.冬期未開放(身障者非対応)</value>
          </Data>
        </ExtendedData>
        <Point>
          <coordinates>
            141.43934,43.030679,0
          </coordinates>
        </Point>
      </Placemark>
      <Placemark>
        <name>きよみず公園</name>
        <description><![CDATA[説明: 冬期開放: ◯<br>冬期未開放: <br>身障者対応: ◯<br>身障者非対応: <br>種別: 3.身障者対応(冬期開放)<br>冬期開放: ◯<br>冬期未開放: <br>身障者対応: ◯<br>身障者非対応: <br>種別: 3.身障者対応(冬期開放)]]></description>
        <styleUrl>#icon-1735-A52714</styleUrl>
        <ExtendedData>
          <Data name="説明">
            <value>冬期開放: ◯
冬期未開放: 
身障者対応: ◯
身障者非対応: 
種別: 3.身障者対応(冬期開放)</value>
          </Data>
          <Data name="冬期開放">
            <value>◯</value>
          </Data>
          <Data name="冬期未開放">
            <value/>
          </Data>
          <Data name="身障者対応">
            <value>◯</value>
          </Data>
          <Data name="身障者非対応">
            <value/>
          </Data>
          <Data name="種別">
            <value>3.身障者対応(冬期開放)</value>
          </Data>
        </ExtendedData>
        <Point>
          <coordinates>
            141.38948,43.050301,0
          </coordinates>
        </Point>
      </Placemark>
      <Placemark>
        <name>菊水元町すずらん公園</name>
        <description><![CDATA[説明: 冬期開放: <br>冬期未開放: ◯<br>身障者対応: <br>身障者非対応: ◯<br>種別: 2.冬期未開放(身障者非対応)<br>冬期開放: <br>冬期未開放: ◯<br>身障者対応: <br>身障者非対応: ◯<br>種別: 2.冬期未開放(身障者非対応)]]></description>
        <styleUrl>#icon-1733-1A237E</styleUrl>
        <ExtendedData>
          <Data name="説明">
            <value>冬期開放: 
冬期未開放: ◯
身障者対応: 
身障者非対応: ◯
種別: 2.冬期未開放(身障者非対応)</value>
          </Data>
          <Data name="冬期開放">
            <value/>
          </Data>
          <Data name="冬期未開放">
            <value>◯</value>
          </Data>
          <Data name="身障者対応">
            <value/>
          </Data>
          <Data name="身障者非対応">
            <value>◯</value>
          </Data>
          <Data name="種別">
            <value>2.冬期未開放(身障者非対応)</value>
          </Data>
        </ExtendedData>
        <Point>
          <coordinates>
            141.40415,43.06634,0
          </coordinates>
        </Point>
      </Placemark>
      <Placemark>
        <name>白石中央公園</name>
        <description><![CDATA[説明: 冬期開放: <br>冬期未開放: ◯<br>身障者対応: <br>身障者非対応: ◯<br>種別: 2.冬期未開放(身障者非対応)<br>冬期開放: <br>冬期未開放: ◯<br>身障者対応: <br>身障者非対応: ◯<br>種別: 2.冬期未開放(身障者非対応)]]></description>
        <styleUrl>#icon-1733-1A237E</styleUrl>
        <ExtendedData>
          <Data name="説明">
            <value>冬期開放: 
冬期未開放: ◯
身障者対応: 
身障者非対応: ◯
種別: 2.冬期未開放(身障者非対応)</value>
          </Data>
          <Data name="冬期開放">
            <value/>
          </Data>
          <Data name="冬期未開放">
            <value>◯</value>
          </Data>
          <Data name="身障者対応">
            <value/>
          </Data>
          <Data name="身障者非対応">
            <value>◯</value>
          </Data>
          <Data name="種別">
            <value>2.冬期未開放(身障者非対応)</value>
          </Data>
        </ExtendedData>
        <Point>
          <coordinates>
            141.40597,43.055522,0
          </coordinates>
        </Point>
      </Placemark>
      <Placemark>
        <name>あかね公園</name>
        <description><![CDATA[説明: 冬期開放: <br>冬期未開放: ◯<br>身障者対応: <br>身障者非対応: ◯<br>種別: 2.冬期未開放(身障者非対応)<br>冬期開放: <br>冬期未開放: ◯<br>身障者対応: <br>身障者非対応: ◯<br>種別: 2.冬期未開放(身障者非対応)]]></description>
        <styleUrl>#icon-1733-1A237E</styleUrl>
        <ExtendedData>
          <Data name="説明">
            <value>冬期開放: 
冬期未開放: ◯
身障者対応: 
身障者非対応: ◯
種別: 2.冬期未開放(身障者非対応)</value>
          </Data>
          <Data name="冬期開放">
            <value/>
          </Data>
          <Data name="冬期未開放">
            <value>◯</value>
          </Data>
          <Data name="身障者対応">
            <value/>
          </Data>
          <Data name="身障者非対応">
            <value>◯</value>
          </Data>
          <Data name="種別">
            <value>2.冬期未開放(身障者非対応)</value>
          </Data>
        </ExtendedData>
        <Point>
          <coordinates>
            141.419257,43.042852,0
          </coordinates>
        </Point>
      </Placemark>
      <Placemark>
        <name>白石くりの木公園</name>
        <description><![CDATA[説明: 冬期開放: <br>冬期未開放: ◯<br>身障者対応: <br>身障者非対応: ◯<br>種別: 2.冬期未開放(身障者非対応)<br>冬期開放: <br>冬期未開放: ◯<br>身障者対応: <br>身障者非対応: ◯<br>種別: 2.冬期未開放(身障者非対応)]]></description>
        <styleUrl>#icon-1733-1A237E</styleUrl>
        <ExtendedData>
          <Data name="説明">
            <value>冬期開放: 
冬期未開放: ◯
身障者対応: 
身障者非対応: ◯
種別: 2.冬期未開放(身障者非対応)</value>
          </Data>
          <Data name="冬期開放">
            <value/>
          </Data>
          <Data name="冬期未開放">
            <value>◯</value>
          </Data>
          <Data name="身障者対応">
            <value/>
          </Data>
          <Data name="身障者非対応">
            <value>◯</value>
          </Data>
          <Data name="種別">
            <value>2.冬期未開放(身障者非対応)</value>
          </Data>
        </ExtendedData>
        <Point>
          <coordinates>
            141.396453,43.058275,0
          </coordinates>
        </Point>
      </Placemark>
      <Placemark>
        <name>北郷ホウの木公園</name>
        <description><![CDATA[説明: 冬期開放: <br>冬期未開放: ◯<br>身障者対応: <br>身障者非対応: ◯<br>種別: 2.冬期未開放(身障者非対応)<br>冬期開放: <br>冬期未開放: ◯<br>身障者対応: <br>身障者非対応: ◯<br>種別: 2.冬期未開放(身障者非対応)]]></description>
        <styleUrl>#icon-1733-1A237E</styleUrl>
        <ExtendedData>
          <Data name="説明">
            <value>冬期開放: 
冬期未開放: ◯
身障者対応: 
身障者非対応: ◯
種別: 2.冬期未開放(身障者非対応)</value>
          </Data>
          <Data name="冬期開放">
            <value/>
          </Data>
          <Data name="冬期未開放">
            <value>◯</value>
          </Data>
          <Data name="身障者対応">
            <value/>
          </Data>
          <Data name="身障者非対応">
            <value>◯</value>
          </Data>
          <Data name="種別">
            <value>2.冬期未開放(身障者非対応)</value>
          </Data>
        </ExtendedData>
        <Point>
          <coordinates>
            141.430264,43.049633,0
          </coordinates>
        </Point>
      </Placemark>
      <Placemark>
        <name>白石つつじ公園</name>
        <description><![CDATA[説明: 冬期開放: <br>冬期未開放: ◯<br>身障者対応: <br>身障者非対応: ◯<br>種別: 2.冬期未開放(身障者非対応)<br>冬期開放: <br>冬期未開放: ◯<br>身障者対応: <br>身障者非対応: ◯<br>種別: 2.冬期未開放(身障者非対応)]]></description>
        <styleUrl>#icon-1733-1A237E</styleUrl>
        <ExtendedData>
          <Data name="説明">
            <value>冬期開放: 
冬期未開放: ◯
身障者対応: 
身障者非対応: ◯
種別: 2.冬期未開放(身障者非対応)</value>
          </Data>
          <Data name="冬期開放">
            <value/>
          </Data>
          <Data name="冬期未開放">
            <value>◯</value>
          </Data>
          <Data name="身障者対応">
            <value/>
          </Data>
          <Data name="身障者非対応">
            <value>◯</value>
          </Data>
          <Data name="種別">
            <value>2.冬期未開放(身障者非対応)</value>
          </Data>
        </ExtendedData>
        <Point>
          <coordinates>
            141.402134,43.056784,0
          </coordinates>
        </Point>
      </Placemark>
      <Placemark>
        <name>とんぼ公園</name>
        <description><![CDATA[説明: 冬期開放: <br>冬期未開放: ◯<br>身障者対応: <br>身障者非対応: ◯<br>種別: 2.冬期未開放(身障者非対応)<br>冬期開放: <br>冬期未開放: ◯<br>身障者対応: <br>身障者非対応: ◯<br>種別: 2.冬期未開放(身障者非対応)]]></description>
        <styleUrl>#icon-1733-1A237E</styleUrl>
        <ExtendedData>
          <Data name="説明">
            <value>冬期開放: 
冬期未開放: ◯
身障者対応: 
身障者非対応: ◯
種別: 2.冬期未開放(身障者非対応)</value>
          </Data>
          <Data name="冬期開放">
            <value/>
          </Data>
          <Data name="冬期未開放">
            <value>◯</value>
          </Data>
          <Data name="身障者対応">
            <value/>
          </Data>
          <Data name="身障者非対応">
            <value>◯</value>
          </Data>
          <Data name="種別">
            <value>2.冬期未開放(身障者非対応)</value>
          </Data>
        </ExtendedData>
        <Point>
          <coordinates>
            141.314421,43.067093,0
          </coordinates>
        </Point>
      </Placemark>
      <Placemark>
        <name>西町白樺公園</name>
        <description><![CDATA[説明: 冬期開放: <br>冬期未開放: ◯<br>身障者対応: <br>身障者非対応: ◯<br>種別: 2.冬期未開放(身障者非対応)<br>冬期開放: <br>冬期未開放: ◯<br>身障者対応: <br>身障者非対応: ◯<br>種別: 2.冬期未開放(身障者非対応)]]></description>
        <styleUrl>#icon-1733-1A237E</styleUrl>
        <ExtendedData>
          <Data name="説明">
            <value>冬期開放: 
冬期未開放: ◯
身障者対応: 
身障者非対応: ◯
種別: 2.冬期未開放(身障者非対応)</value>
          </Data>
          <Data name="冬期開放">
            <value/>
          </Data>
          <Data name="冬期未開放">
            <value>◯</value>
          </Data>
          <Data name="身障者対応">
            <value/>
          </Data>
          <Data name="身障者非対応">
            <value>◯</value>
          </Data>
          <Data name="種別">
            <value>2.冬期未開放(身障者非対応)</value>
          </Data>
        </ExtendedData>
        <Point>
          <coordinates>
            141.281667,43.085413,0
          </coordinates>
        </Point>
      </Placemark>
      <Placemark>
        <name>こだま公園</name>
        <description><![CDATA[説明: 冬期開放: <br>冬期未開放: ◯<br>身障者対応: <br>身障者非対応: ◯<br>種別: 2.冬期未開放(身障者非対応)<br>冬期開放: <br>冬期未開放: ◯<br>身障者対応: <br>身障者非対応: ◯<br>種別: 2.冬期未開放(身障者非対応)]]></description>
        <styleUrl>#icon-1733-1A237E</styleUrl>
        <ExtendedData>
          <Data name="説明">
            <value>冬期開放: 
冬期未開放: ◯
身障者対応: 
身障者非対応: ◯
種別: 2.冬期未開放(身障者非対応)</value>
          </Data>
          <Data name="冬期開放">
            <value/>
          </Data>
          <Data name="冬期未開放">
            <value>◯</value>
          </Data>
          <Data name="身障者対応">
            <value/>
          </Data>
          <Data name="身障者非対応">
            <value>◯</value>
          </Data>
          <Data name="種別">
            <value>2.冬期未開放(身障者非対応)</value>
          </Data>
        </ExtendedData>
        <Point>
          <coordinates>
            141.312512,43.070247,0
          </coordinates>
        </Point>
      </Placemark>
      <Placemark>
        <name>平和風の子橋公園</name>
        <description><![CDATA[説明: 冬期開放: <br>冬期未開放: ◯<br>身障者対応: <br>身障者非対応: ◯<br>種別: 2.冬期未開放(身障者非対応)<br>冬期開放: <br>冬期未開放: ◯<br>身障者対応: <br>身障者非対応: ◯<br>種別: 2.冬期未開放(身障者非対応)]]></description>
        <styleUrl>#icon-1733-1A237E</styleUrl>
        <ExtendedData>
          <Data name="説明">
            <value>冬期開放: 
冬期未開放: ◯
身障者対応: 
身障者非対応: ◯
種別: 2.冬期未開放(身障者非対応)</value>
          </Data>
          <Data name="冬期開放">
            <value/>
          </Data>
          <Data name="冬期未開放">
            <value>◯</value>
          </Data>
          <Data name="身障者対応">
            <value/>
          </Data>
          <Data name="身障者非対応">
            <value>◯</value>
          </Data>
          <Data name="種別">
            <value>2.冬期未開放(身障者非対応)</value>
          </Data>
        </ExtendedData>
        <Point>
          <coordinates>
            141.258567,43.060812,0
          </coordinates>
        </Point>
      </Placemark>
      <Placemark>
        <name>発寒川公園</name>
        <description><![CDATA[説明: 冬期開放: ◯<br>冬期未開放: <br>身障者対応: <br>身障者非対応: ◯<br>種別: 1.冬期開放(身障者非対応)<br>冬期開放: ◯<br>冬期未開放: <br>身障者対応: <br>身障者非対応: ◯<br>種別: 1.冬期開放(身障者非対応)]]></description>
        <styleUrl>#icon-1733-A52714</styleUrl>
        <ExtendedData>
          <Data name="説明">
            <value>冬期開放: ◯
冬期未開放: 
身障者対応: 
身障者非対応: ◯
種別: 1.冬期開放(身障者非対応)</value>
          </Data>
          <Data name="冬期開放">
            <value>◯</value>
          </Data>
          <Data name="冬期未開放">
            <value/>
          </Data>
          <Data name="身障者対応">
            <value/>
          </Data>
          <Data name="身障者非対応">
            <value>◯</value>
          </Data>
          <Data name="種別">
            <value>1.冬期開放(身障者非対応)</value>
          </Data>
        </ExtendedData>
        <Point>
          <coordinates>
            141.291172,43.075539,0
          </coordinates>
        </Point>
      </Placemark>
      <Placemark>
        <name>八軒まりも公園</name>
        <description><![CDATA[説明: 冬期開放: <br>冬期未開放: ◯<br>身障者対応: <br>身障者非対応: ◯<br>種別: 2.冬期未開放(身障者非対応)<br>冬期開放: <br>冬期未開放: ◯<br>身障者対応: <br>身障者非対応: ◯<br>種別: 2.冬期未開放(身障者非対応)]]></description>
        <styleUrl>#icon-1733-1A237E</styleUrl>
        <ExtendedData>
          <Data name="説明">
            <value>冬期開放: 
冬期未開放: ◯
身障者対応: 
身障者非対応: ◯
種別: 2.冬期未開放(身障者非対応)</value>
          </Data>
          <Data name="冬期開放">
            <value/>
          </Data>
          <Data name="冬期未開放">
            <value>◯</value>
          </Data>
          <Data name="身障者対応">
            <value/>
          </Data>
          <Data name="身障者非対応">
            <value>◯</value>
          </Data>
          <Data name="種別">
            <value>2.冬期未開放(身障者非対応)</value>
          </Data>
        </ExtendedData>
        <Point>
          <coordinates>
            141.308867,43.082771,0
          </coordinates>
        </Point>
      </Placemark>
      <Placemark>
        <name>発寒ふれあい公園</name>
        <description><![CDATA[説明: 冬期開放: <br>冬期未開放: ◯<br>身障者対応: <br>身障者非対応: ◯<br>種別: 2.冬期未開放(身障者非対応)<br>冬期開放: <br>冬期未開放: ◯<br>身障者対応: <br>身障者非対応: ◯<br>種別: 2.冬期未開放(身障者非対応)]]></description>
        <styleUrl>#icon-1733-1A237E</styleUrl>
        <ExtendedData>
          <Data name="説明">
            <value>冬期開放: 
冬期未開放: ◯
身障者対応: 
身障者非対応: ◯
種別: 2.冬期未開放(身障者非対応)</value>
          </Data>
          <Data name="冬期開放">
            <value/>
          </Data>
          <Data name="冬期未開放">
            <value>◯</value>
          </Data>
          <Data name="身障者対応">
            <value/>
          </Data>
          <Data name="身障者非対応">
            <value>◯</value>
          </Data>
          <Data name="種別">
            <value>2.冬期未開放(身障者非対応)</value>
          </Data>
        </ExtendedData>
        <Point>
          <coordinates>
            141.291773,43.092516,0
          </coordinates>
        </Point>
      </Placemark>
      <Placemark>
        <name>みとべ公園</name>
        <description><![CDATA[説明: 冬期開放: <br>冬期未開放: ◯<br>身障者対応: <br>身障者非対応: ◯<br>種別: 2.冬期未開放(身障者非対応)<br>冬期開放: <br>冬期未開放: ◯<br>身障者対応: <br>身障者非対応: ◯<br>種別: 2.冬期未開放(身障者非対応)]]></description>
        <styleUrl>#icon-1733-1A237E</styleUrl>
        <ExtendedData>
          <Data name="説明">
            <value>冬期開放: 
冬期未開放: ◯
身障者対応: 
身障者非対応: ◯
種別: 2.冬期未開放(身障者非対応)</value>
          </Data>
          <Data name="冬期開放">
            <value/>
          </Data>
          <Data name="冬期未開放">
            <value>◯</value>
          </Data>
          <Data name="身障者対応">
            <value/>
          </Data>
          <Data name="身障者非対応">
            <value>◯</value>
          </Data>
          <Data name="種別">
            <value>2.冬期未開放(身障者非対応)</value>
          </Data>
        </ExtendedData>
        <Point>
          <coordinates>
            141.286396,43.089844,0
          </coordinates>
        </Point>
      </Placemark>
      <Placemark>
        <name>西発寒ラビット公園</name>
        <description><![CDATA[説明: 冬期開放: <br>冬期未開放: ◯<br>身障者対応: <br>身障者非対応: ◯<br>種別: 2.冬期未開放(身障者非対応)<br>冬期開放: <br>冬期未開放: ◯<br>身障者対応: <br>身障者非対応: ◯<br>種別: 2.冬期未開放(身障者非対応)]]></description>
        <styleUrl>#icon-1733-1A237E</styleUrl>
        <ExtendedData>
          <Data name="説明">
            <value>冬期開放: 
冬期未開放: ◯
身障者対応: 
身障者非対応: ◯
種別: 2.冬期未開放(身障者非対応)</value>
          </Data>
          <Data name="冬期開放">
            <value/>
          </Data>
          <Data name="冬期未開放">
            <value>◯</value>
          </Data>
          <Data name="身障者対応">
            <value/>
          </Data>
          <Data name="身障者非対応">
            <value>◯</value>
          </Data>
          <Data name="種別">
            <value>2.冬期未開放(身障者非対応)</value>
          </Data>
        </ExtendedData>
        <Point>
          <coordinates>
            141.283706,43.095547,0
          </coordinates>
        </Point>
      </Placemark>
      <Placemark>
        <name>西野あおぞら公園</name>
        <description><![CDATA[説明: 冬期開放: <br>冬期未開放: ◯<br>身障者対応: <br>身障者非対応: ◯<br>種別: 2.冬期未開放(身障者非対応)<br>冬期開放: <br>冬期未開放: ◯<br>身障者対応: <br>身障者非対応: ◯<br>種別: 2.冬期未開放(身障者非対応)]]></description>
        <styleUrl>#icon-1733-1A237E</styleUrl>
        <ExtendedData>
          <Data name="説明">
            <value>冬期開放: 
冬期未開放: ◯
身障者対応: 
身障者非対応: ◯
種別: 2.冬期未開放(身障者非対応)</value>
          </Data>
          <Data name="冬期開放">
            <value/>
          </Data>
          <Data name="冬期未開放">
            <value>◯</value>
          </Data>
          <Data name="身障者対応">
            <value/>
          </Data>
          <Data name="身障者非対応">
            <value>◯</value>
          </Data>
          <Data name="種別">
            <value>2.冬期未開放(身障者非対応)</value>
          </Data>
        </ExtendedData>
        <Point>
          <coordinates>
            141.263344,43.063919,0
          </coordinates>
        </Point>
      </Placemark>
      <Placemark>
        <name>二十四軒さいわい公園</name>
        <description><![CDATA[説明: 冬期開放: ◯<br>冬期未開放: <br>身障者対応: <br>身障者非対応: ◯<br>種別: 1.冬期開放(身障者非対応)<br>冬期開放: ◯<br>冬期未開放: <br>身障者対応: <br>身障者非対応: ◯<br>種別: 1.冬期開放(身障者非対応)]]></description>
        <styleUrl>#icon-1733-A52714</styleUrl>
        <ExtendedData>
          <Data name="説明">
            <value>冬期開放: ◯
冬期未開放: 
身障者対応: 
身障者非対応: ◯
種別: 1.冬期開放(身障者非対応)</value>
          </Data>
          <Data name="冬期開放">
            <value>◯</value>
          </Data>
          <Data name="冬期未開放">
            <value/>
          </Data>
          <Data name="身障者対応">
            <value/>
          </Data>
          <Data name="身障者非対応">
            <value>◯</value>
          </Data>
          <Data name="種別">
            <value>1.冬期開放(身障者非対応)</value>
          </Data>
        </ExtendedData>
        <Point>
          <coordinates>
            141.306449,43.071148,0
          </coordinates>
        </Point>
      </Placemark>
      <Placemark>
        <name>八軒東公園</name>
        <description><![CDATA[説明: 冬期開放: <br>冬期未開放: ◯<br>身障者対応: ◯<br>身障者非対応: <br>種別: 4.身障者対応(冬期未開放)<br>冬期開放: <br>冬期未開放: ◯<br>身障者対応: ◯<br>身障者非対応: <br>種別: 4.身障者対応(冬期未開放)]]></description>
        <styleUrl>#icon-1735-1A237E</styleUrl>
        <ExtendedData>
          <Data name="説明">
            <value>冬期開放: 
冬期未開放: ◯
身障者対応: ◯
身障者非対応: 
種別: 4.身障者対応(冬期未開放)</value>
          </Data>
          <Data name="冬期開放">
            <value/>
          </Data>
          <Data name="冬期未開放">
            <value>◯</value>
          </Data>
          <Data name="身障者対応">
            <value>◯</value>
          </Data>
          <Data name="身障者非対応">
            <value/>
          </Data>
          <Data name="種別">
            <value>4.身障者対応(冬期未開放)</value>
          </Data>
        </ExtendedData>
        <Point>
          <coordinates>
            141.312719,43.083201,0
          </coordinates>
        </Point>
      </Placemark>
      <Placemark>
        <name>南発寒公園</name>
        <description><![CDATA[説明: 冬期開放: <br>冬期未開放: ◯<br>身障者対応: ◯<br>身障者非対応: <br>種別: 4.身障者対応(冬期未開放)<br>冬期開放: <br>冬期未開放: ◯<br>身障者対応: ◯<br>身障者非対応: <br>種別: 4.身障者対応(冬期未開放)]]></description>
        <styleUrl>#icon-1735-1A237E</styleUrl>
        <ExtendedData>
          <Data name="説明">
            <value>冬期開放: 
冬期未開放: ◯
身障者対応: ◯
身障者非対応: 
種別: 4.身障者対応(冬期未開放)</value>
          </Data>
          <Data name="冬期開放">
            <value/>
          </Data>
          <Data name="冬期未開放">
            <value>◯</value>
          </Data>
          <Data name="身障者対応">
            <value>◯</value>
          </Data>
          <Data name="身障者非対応">
            <value/>
          </Data>
          <Data name="種別">
            <value>4.身障者対応(冬期未開放)</value>
          </Data>
        </ExtendedData>
        <Point>
          <coordinates>
            141.298579,43.080727,0
          </coordinates>
        </Point>
      </Placemark>
      <Placemark>
        <name>発寒しらかば公園</name>
        <description><![CDATA[説明: 冬期開放: <br>冬期未開放: ◯<br>身障者対応:〇<br>身障者非対応: <br>種別: 2.冬期未開放(身障者非対応)<br>冬期開放: <br>冬期未開放: ◯<br>身障者対応: 〇<br>身障者非対応: <br>種別: 4.身障者対応(冬期未開放)]]></description>
        <styleUrl>#icon-1735-1A237E</styleUrl>
        <ExtendedData>
          <Data name="説明">
            <value>冬期開放: 
冬期未開放: ◯
身障者対応:〇
身障者非対応: 
種別: 2.冬期未開放(身障者非対応)</value>
          </Data>
          <Data name="冬期開放">
            <value/>
          </Data>
          <Data name="冬期未開放">
            <value>◯</value>
          </Data>
          <Data name="身障者対応">
            <value>〇</value>
          </Data>
          <Data name="身障者非対応">
            <value/>
          </Data>
          <Data name="種別">
            <value>4.身障者対応(冬期未開放)</value>
          </Data>
        </ExtendedData>
        <Point>
          <coordinates>
            141.274109,43.093327,0
          </coordinates>
        </Point>
      </Placemark>
      <Placemark>
        <name>梅林公園</name>
        <description><![CDATA[説明: 冬期開放: <br>冬期未開放: ◯<br>身障者対応: <br>身障者非対応: ◯<br>種別: 2.冬期未開放(身障者非対応)<br>冬期開放: <br>冬期未開放: ◯<br>身障者対応: <br>身障者非対応: ◯<br>種別: 2.冬期未開放(身障者非対応)]]></description>
        <styleUrl>#icon-1733-1A237E</styleUrl>
        <ExtendedData>
          <Data name="説明">
            <value>冬期開放: 
冬期未開放: ◯
身障者対応: 
身障者非対応: ◯
種別: 2.冬期未開放(身障者非対応)</value>
          </Data>
          <Data name="冬期開放">
            <value/>
          </Data>
          <Data name="冬期未開放">
            <value>◯</value>
          </Data>
          <Data name="身障者対応">
            <value/>
          </Data>
          <Data name="身障者非対応">
            <value>◯</value>
          </Data>
          <Data name="種別">
            <value>2.冬期未開放(身障者非対応)</value>
          </Data>
        </ExtendedData>
        <Point>
          <coordinates>
            141.278971,43.082759,0
          </coordinates>
        </Point>
      </Placemark>
      <Placemark>
        <name>西町ライラック公園</name>
        <description><![CDATA[説明: 冬期開放: <br>冬期未開放: ◯<br>身障者対応: <br>身障者非対応: ◯<br>種別: 2.冬期未開放(身障者非対応)<br>冬期開放: <br>冬期未開放: ◯<br>身障者対応: <br>身障者非対応: ◯<br>種別: 2.冬期未開放(身障者非対応)]]></description>
        <styleUrl>#icon-1733-1A237E</styleUrl>
        <ExtendedData>
          <Data name="説明">
            <value>冬期開放: 
冬期未開放: ◯
身障者対応: 
身障者非対応: ◯
種別: 2.冬期未開放(身障者非対応)</value>
          </Data>
          <Data name="冬期開放">
            <value/>
          </Data>
          <Data name="冬期未開放">
            <value>◯</value>
          </Data>
          <Data name="身障者対応">
            <value/>
          </Data>
          <Data name="身障者非対応">
            <value>◯</value>
          </Data>
          <Data name="種別">
            <value>2.冬期未開放(身障者非対応)</value>
          </Data>
        </ExtendedData>
        <Point>
          <coordinates>
            141.285425,43.078973,0
          </coordinates>
        </Point>
      </Placemark>
      <Placemark>
        <name>中洲橋公園</name>
        <description><![CDATA[説明: 冬期開放: ◯<br>冬期未開放: <br>身障者対応: ◯<br>身障者非対応: <br>種別: 3.身障者対応(冬期開放)<br>冬期開放: ◯<br>冬期未開放: <br>身障者対応: ◯<br>身障者非対応: <br>種別: 3.身障者対応(冬期開放)]]></description>
        <styleUrl>#icon-1735-A52714</styleUrl>
        <ExtendedData>
          <Data name="説明">
            <value>冬期開放: ◯
冬期未開放: 
身障者対応: ◯
身障者非対応: 
種別: 3.身障者対応(冬期開放)</value>
          </Data>
          <Data name="冬期開放">
            <value>◯</value>
          </Data>
          <Data name="冬期未開放">
            <value/>
          </Data>
          <Data name="身障者対応">
            <value>◯</value>
          </Data>
          <Data name="身障者非対応">
            <value/>
          </Data>
          <Data name="種別">
            <value>3.身障者対応(冬期開放)</value>
          </Data>
        </ExtendedData>
        <Point>
          <coordinates>
            141.250242,43.060209,0
          </coordinates>
        </Point>
      </Placemark>
      <Placemark>
        <name>西町東公園</name>
        <description><![CDATA[説明: 冬期開放: <br>冬期未開放: ◯<br>身障者対応: <br>身障者非対応: ◯<br>種別: 2.冬期未開放(身障者非対応)<br>冬期開放: <br>冬期未開放: ◯<br>身障者対応: <br>身障者非対応: ◯<br>種別: 2.冬期未開放(身障者非対応)]]></description>
        <styleUrl>#icon-1733-1A237E</styleUrl>
        <ExtendedData>
          <Data name="説明">
            <value>冬期開放: 
冬期未開放: ◯
身障者対応: 
身障者非対応: ◯
種別: 2.冬期未開放(身障者非対応)</value>
          </Data>
          <Data name="冬期開放">
            <value/>
          </Data>
          <Data name="冬期未開放">
            <value>◯</value>
          </Data>
          <Data name="身障者対応">
            <value/>
          </Data>
          <Data name="身障者非対応">
            <value>◯</value>
          </Data>
          <Data name="種別">
            <value>2.冬期未開放(身障者非対応)</value>
          </Data>
        </ExtendedData>
        <Point>
          <coordinates>
            141.282731,43.080055,0
          </coordinates>
        </Point>
      </Placemark>
      <Placemark>
        <name>山の手やまびこ公園</name>
        <description><![CDATA[説明: 冬期開放: ◯<br>冬期未開放: <br>身障者対応: ◯<br>身障者非対応: <br>種別: 3.身障者対応(冬期開放)<br>冬期開放: ◯<br>冬期未開放: <br>身障者対応: ◯<br>身障者非対応: <br>種別: 3.身障者対応(冬期開放)]]></description>
        <styleUrl>#icon-1735-A52714</styleUrl>
        <ExtendedData>
          <Data name="説明">
            <value>冬期開放: ◯
冬期未開放: 
身障者対応: ◯
身障者非対応: 
種別: 3.身障者対応(冬期開放)</value>
          </Data>
          <Data name="冬期開放">
            <value>◯</value>
          </Data>
          <Data name="冬期未開放">
            <value/>
          </Data>
          <Data name="身障者対応">
            <value>◯</value>
          </Data>
          <Data name="身障者非対応">
            <value/>
          </Data>
          <Data name="種別">
            <value>3.身障者対応(冬期開放)</value>
          </Data>
        </ExtendedData>
        <Point>
          <coordinates>
            141.289415,43.06689,0
          </coordinates>
        </Point>
      </Placemark>
      <Placemark>
        <name>八軒さつき公園</name>
        <description><![CDATA[説明: 冬期開放: <br>冬期未開放: ◯<br>身障者対応: ◯<br>身障者非対応: <br>種別: 4.身障者対応(冬期未開放)<br>冬期開放: <br>冬期未開放: ◯<br>身障者対応: ◯<br>身障者非対応: <br>種別: 4.身障者対応(冬期未開放)]]></description>
        <styleUrl>#icon-1735-1A237E</styleUrl>
        <ExtendedData>
          <Data name="説明">
            <value>冬期開放: 
冬期未開放: ◯
身障者対応: ◯
身障者非対応: 
種別: 4.身障者対応(冬期未開放)</value>
          </Data>
          <Data name="冬期開放">
            <value/>
          </Data>
          <Data name="冬期未開放">
            <value>◯</value>
          </Data>
          <Data name="身障者対応">
            <value>◯</value>
          </Data>
          <Data name="身障者非対応">
            <value/>
          </Data>
          <Data name="種別">
            <value>4.身障者対応(冬期未開放)</value>
          </Data>
        </ExtendedData>
        <Point>
          <coordinates>
            141.310538,43.08127,0
          </coordinates>
        </Point>
      </Placemark>
      <Placemark>
        <name>福井ひまわり公園</name>
        <description><![CDATA[説明: 冬期開放: <br>冬期未開放: ◯<br>身障者対応: ◯<br>身障者非対応: <br>種別: 4.身障者対応(冬期未開放)<br>冬期開放: <br>冬期未開放: ◯<br>身障者対応: ◯<br>身障者非対応: <br>種別: 4.身障者対応(冬期未開放)]]></description>
        <styleUrl>#icon-1735-1A237E</styleUrl>
        <ExtendedData>
          <Data name="説明">
            <value>冬期開放: 
冬期未開放: ◯
身障者対応: ◯
身障者非対応: 
種別: 4.身障者対応(冬期未開放)</value>
          </Data>
          <Data name="冬期開放">
            <value/>
          </Data>
          <Data name="冬期未開放">
            <value>◯</value>
          </Data>
          <Data name="身障者対応">
            <value>◯</value>
          </Data>
          <Data name="身障者非対応">
            <value/>
          </Data>
          <Data name="種別">
            <value>4.身障者対応(冬期未開放)</value>
          </Data>
        </ExtendedData>
        <Point>
          <coordinates>
            141.269735,43.051616,0
          </coordinates>
        </Point>
      </Placemark>
      <Placemark>
        <name>たかやま公園</name>
        <description><![CDATA[説明: 冬期開放: <br>冬期未開放: ◯<br>身障者対応: ◯<br>身障者非対応: <br>種別: 4.身障者対応(冬期未開放)<br>冬期開放: <br>冬期未開放: ◯<br>身障者対応: ◯<br>身障者非対応: <br>種別: 4.身障者対応(冬期未開放)]]></description>
        <styleUrl>#icon-1735-1A237E</styleUrl>
        <ExtendedData>
          <Data name="説明">
            <value>冬期開放: 
冬期未開放: ◯
身障者対応: ◯
身障者非対応: 
種別: 4.身障者対応(冬期未開放)</value>
          </Data>
          <Data name="冬期開放">
            <value/>
          </Data>
          <Data name="冬期未開放">
            <value>◯</value>
          </Data>
          <Data name="身障者対応">
            <value>◯</value>
          </Data>
          <Data name="身障者非対応">
            <value/>
          </Data>
          <Data name="種別">
            <value>4.身障者対応(冬期未開放)</value>
          </Data>
        </ExtendedData>
        <Point>
          <coordinates>
            141.291197,43.089265,0
          </coordinates>
        </Point>
      </Placemark>
      <Placemark>
        <name>西野やまびこ公園</name>
        <description><![CDATA[説明: 冬期開放: <br>冬期未開放: ◯<br>身障者対応: <br>身障者非対応: ◯<br>種別: 2.冬期未開放(身障者非対応)<br>冬期開放: <br>冬期未開放: ◯<br>身障者対応: <br>身障者非対応: ◯<br>種別: 2.冬期未開放(身障者非対応)]]></description>
        <styleUrl>#icon-1733-1A237E</styleUrl>
        <ExtendedData>
          <Data name="説明">
            <value>冬期開放: 
冬期未開放: ◯
身障者対応: 
身障者非対応: ◯
種別: 2.冬期未開放(身障者非対応)</value>
          </Data>
          <Data name="冬期開放">
            <value/>
          </Data>
          <Data name="冬期未開放">
            <value>◯</value>
          </Data>
          <Data name="身障者対応">
            <value/>
          </Data>
          <Data name="身障者非対応">
            <value>◯</value>
          </Data>
          <Data name="種別">
            <value>2.冬期未開放(身障者非対応)</value>
          </Data>
        </ExtendedData>
        <Point>
          <coordinates>
            141.2723,43.082788,0
          </coordinates>
        </Point>
      </Placemark>
      <Placemark>
        <name>イボタ公園</name>
        <description><![CDATA[説明: 冬期開放: <br>冬期未開放: ◯<br>身障者対応: <br>身障者非対応: ◯<br>種別: 2.冬期未開放(身障者非対応)<br>冬期開放: <br>冬期未開放: ◯<br>身障者対応: <br>身障者非対応: ◯<br>種別: 2.冬期未開放(身障者非対応)]]></description>
        <styleUrl>#icon-1733-1A237E</styleUrl>
        <ExtendedData>
          <Data name="説明">
            <value>冬期開放: 
冬期未開放: ◯
身障者対応: 
身障者非対応: ◯
種別: 2.冬期未開放(身障者非対応)</value>
          </Data>
          <Data name="冬期開放">
            <value/>
          </Data>
          <Data name="冬期未開放">
            <value>◯</value>
          </Data>
          <Data name="身障者対応">
            <value/>
          </Data>
          <Data name="身障者非対応">
            <value>◯</value>
          </Data>
          <Data name="種別">
            <value>2.冬期未開放(身障者非対応)</value>
          </Data>
        </ExtendedData>
        <Point>
          <coordinates>
            141.291219,43.080121,0
          </coordinates>
        </Point>
      </Placemark>
      <Placemark>
        <name>ナナカマド公園</name>
        <description><![CDATA[説明: 冬期開放: ◯<br>冬期未開放: <br>身障者対応: ◯<br>身障者非対応: <br>種別: 3.身障者対応(冬期開放)<br>冬期開放: ◯<br>冬期未開放: <br>身障者対応: ◯<br>身障者非対応: <br>種別: 3.身障者対応(冬期開放)]]></description>
        <styleUrl>#icon-1735-A52714</styleUrl>
        <ExtendedData>
          <Data name="説明">
            <value>冬期開放: ◯
冬期未開放: 
身障者対応: ◯
身障者非対応: 
種別: 3.身障者対応(冬期開放)</value>
          </Data>
          <Data name="冬期開放">
            <value>◯</value>
          </Data>
          <Data name="冬期未開放">
            <value/>
          </Data>
          <Data name="身障者対応">
            <value>◯</value>
          </Data>
          <Data name="身障者非対応">
            <value/>
          </Data>
          <Data name="種別">
            <value>3.身障者対応(冬期開放)</value>
          </Data>
        </ExtendedData>
        <Point>
          <coordinates>
            141.288756,43.081609,0
          </coordinates>
        </Point>
      </Placemark>
      <Placemark>
        <name>中の川公園</name>
        <description><![CDATA[説明: 冬期開放: <br>冬期未開放: ◯<br>身障者対応: <br>身障者非対応: ◯<br>種別: 2.冬期未開放(身障者非対応)<br>冬期開放: <br>冬期未開放: ◯<br>身障者対応: <br>身障者非対応: ◯<br>種別: 2.冬期未開放(身障者非対応)]]></description>
        <styleUrl>#icon-1733-1A237E</styleUrl>
        <ExtendedData>
          <Data name="説明">
            <value>冬期開放: 
冬期未開放: ◯
身障者対応: 
身障者非対応: ◯
種別: 2.冬期未開放(身障者非対応)</value>
          </Data>
          <Data name="冬期開放">
            <value/>
          </Data>
          <Data name="冬期未開放">
            <value>◯</value>
          </Data>
          <Data name="身障者対応">
            <value/>
          </Data>
          <Data name="身障者非対応">
            <value>◯</value>
          </Data>
          <Data name="種別">
            <value>2.冬期未開放(身障者非対応)</value>
          </Data>
        </ExtendedData>
        <Point>
          <coordinates>
            141.27671,43.084999,0
          </coordinates>
        </Point>
      </Placemark>
      <Placemark>
        <name>琴似なかよし公園</name>
        <description><![CDATA[説明: 冬期開放: <br>冬期未開放: ◯<br>身障者対応: <br>身障者非対応: ◯<br>種別: 2.冬期未開放(身障者非対応)<br>冬期開放: <br>冬期未開放: ◯<br>身障者対応: <br>身障者非対応: ◯<br>種別: 2.冬期未開放(身障者非対応)]]></description>
        <styleUrl>#icon-1733-1A237E</styleUrl>
        <ExtendedData>
          <Data name="説明">
            <value>冬期開放: 
冬期未開放: ◯
身障者対応: 
身障者非対応: ◯
種別: 2.冬期未開放(身障者非対応)</value>
          </Data>
          <Data name="冬期開放">
            <value/>
          </Data>
          <Data name="冬期未開放">
            <value>◯</value>
          </Data>
          <Data name="身障者対応">
            <value/>
          </Data>
          <Data name="身障者非対応">
            <value>◯</value>
          </Data>
          <Data name="種別">
            <value>2.冬期未開放(身障者非対応)</value>
          </Data>
        </ExtendedData>
        <Point>
          <coordinates>
            141.299796,43.076543,0
          </coordinates>
        </Point>
      </Placemark>
      <Placemark>
        <name>二十四軒すずらん公園</name>
        <description><![CDATA[説明: 冬期開放: <br>冬期未開放: ◯<br>身障者対応: <br>身障者非対応: ◯<br>種別: 2.冬期未開放(身障者非対応)<br>冬期開放: <br>冬期未開放: ◯<br>身障者対応: <br>身障者非対応: ◯<br>種別: 2.冬期未開放(身障者非対応)]]></description>
        <styleUrl>#icon-1733-1A237E</styleUrl>
        <ExtendedData>
          <Data name="説明">
            <value>冬期開放: 
冬期未開放: ◯
身障者対応: 
身障者非対応: ◯
種別: 2.冬期未開放(身障者非対応)</value>
          </Data>
          <Data name="冬期開放">
            <value/>
          </Data>
          <Data name="冬期未開放">
            <value>◯</value>
          </Data>
          <Data name="身障者対応">
            <value/>
          </Data>
          <Data name="身障者非対応">
            <value>◯</value>
          </Data>
          <Data name="種別">
            <value>2.冬期未開放(身障者非対応)</value>
          </Data>
        </ExtendedData>
        <Point>
          <coordinates>
            141.314841,43.071735,0
          </coordinates>
        </Point>
      </Placemark>
      <Placemark>
        <name>八軒ひかり公園</name>
        <description><![CDATA[説明: 冬期開放: <br>冬期未開放: ◯<br>身障者対応: <br>身障者非対応: ◯<br>種別: 2.冬期未開放(身障者非対応)<br>冬期開放: <br>冬期未開放: ◯<br>身障者対応: <br>身障者非対応: ◯<br>種別: 2.冬期未開放(身障者非対応)]]></description>
        <styleUrl>#icon-1733-1A237E</styleUrl>
        <ExtendedData>
          <Data name="説明">
            <value>冬期開放: 
冬期未開放: ◯
身障者対応: 
身障者非対応: ◯
種別: 2.冬期未開放(身障者非対応)</value>
          </Data>
          <Data name="冬期開放">
            <value/>
          </Data>
          <Data name="冬期未開放">
            <value>◯</value>
          </Data>
          <Data name="身障者対応">
            <value/>
          </Data>
          <Data name="身障者非対応">
            <value>◯</value>
          </Data>
          <Data name="種別">
            <value>2.冬期未開放(身障者非対応)</value>
          </Data>
        </ExtendedData>
        <Point>
          <coordinates>
            141.303468,43.10292,0
          </coordinates>
        </Point>
      </Placemark>
      <Placemark>
        <name>オンコ公園</name>
        <description><![CDATA[説明: 冬期開放: <br>冬期未開放: ◯<br>身障者対応: <br>身障者非対応: ◯<br>種別: 2.冬期未開放(身障者非対応)<br>冬期開放: <br>冬期未開放: ◯<br>身障者対応: <br>身障者非対応: ◯<br>種別: 2.冬期未開放(身障者非対応)]]></description>
        <styleUrl>#icon-1733-1A237E</styleUrl>
        <ExtendedData>
          <Data name="説明">
            <value>冬期開放: 
冬期未開放: ◯
身障者対応: 
身障者非対応: ◯
種別: 2.冬期未開放(身障者非対応)</value>
          </Data>
          <Data name="冬期開放">
            <value/>
          </Data>
          <Data name="冬期未開放">
            <value>◯</value>
          </Data>
          <Data name="身障者対応">
            <value/>
          </Data>
          <Data name="身障者非対応">
            <value>◯</value>
          </Data>
          <Data name="種別">
            <value>2.冬期未開放(身障者非対応)</value>
          </Data>
        </ExtendedData>
        <Point>
          <coordinates>
            141.288506,43.075875,0
          </coordinates>
        </Point>
      </Placemark>
      <Placemark>
        <name>銀杏公園</name>
        <description><![CDATA[説明: 冬期開放: <br>冬期未開放: ◯<br>身障者対応: <br>身障者非対応: ◯<br>種別: 2.冬期未開放(身障者非対応)<br>冬期開放: <br>冬期未開放: ◯<br>身障者対応: <br>身障者非対応: ◯<br>種別: 2.冬期未開放(身障者非対応)]]></description>
        <styleUrl>#icon-1733-1A237E</styleUrl>
        <ExtendedData>
          <Data name="説明">
            <value>冬期開放: 
冬期未開放: ◯
身障者対応: 
身障者非対応: ◯
種別: 2.冬期未開放(身障者非対応)</value>
          </Data>
          <Data name="冬期開放">
            <value/>
          </Data>
          <Data name="冬期未開放">
            <value>◯</value>
          </Data>
          <Data name="身障者対応">
            <value/>
          </Data>
          <Data name="身障者非対応">
            <value>◯</value>
          </Data>
          <Data name="種別">
            <value>2.冬期未開放(身障者非対応)</value>
          </Data>
        </ExtendedData>
        <Point>
          <coordinates>
            141.277136,43.088006,0
          </coordinates>
        </Point>
      </Placemark>
      <Placemark>
        <name>八軒西公園</name>
        <description><![CDATA[説明: 冬期開放: <br>冬期未開放: ◯<br>身障者対応: <br>身障者非対応: ◯<br>種別: 2.冬期未開放(身障者非対応)<br>冬期開放: <br>冬期未開放: ◯<br>身障者対応: <br>身障者非対応: ◯<br>種別: 2.冬期未開放(身障者非対応)]]></description>
        <styleUrl>#icon-1733-1A237E</styleUrl>
        <ExtendedData>
          <Data name="説明">
            <value>冬期開放: 
冬期未開放: ◯
身障者対応: 
身障者非対応: ◯
種別: 2.冬期未開放(身障者非対応)</value>
          </Data>
          <Data name="冬期開放">
            <value/>
          </Data>
          <Data name="冬期未開放">
            <value>◯</value>
          </Data>
          <Data name="身障者対応">
            <value/>
          </Data>
          <Data name="身障者非対応">
            <value>◯</value>
          </Data>
          <Data name="種別">
            <value>2.冬期未開放(身障者非対応)</value>
          </Data>
        </ExtendedData>
        <Point>
          <coordinates>
            141.310307,43.084383,0
          </coordinates>
        </Point>
      </Placemark>
      <Placemark>
        <name>八軒中央公園</name>
        <description><![CDATA[説明: 冬期開放: <br>冬期未開放: ◯<br>身障者対応: ◯<br>身障者非対応: <br>種別: 4.身障者対応(冬期未開放)<br>冬期開放: <br>冬期未開放: ◯<br>身障者対応: ◯<br>身障者非対応: <br>種別: 4.身障者対応(冬期未開放)]]></description>
        <styleUrl>#icon-1735-1A237E</styleUrl>
        <ExtendedData>
          <Data name="説明">
            <value>冬期開放: 
冬期未開放: ◯
身障者対応: ◯
身障者非対応: 
種別: 4.身障者対応(冬期未開放)</value>
          </Data>
          <Data name="冬期開放">
            <value/>
          </Data>
          <Data name="冬期未開放">
            <value>◯</value>
          </Data>
          <Data name="身障者対応">
            <value>◯</value>
          </Data>
          <Data name="身障者非対応">
            <value/>
          </Data>
          <Data name="種別">
            <value>4.身障者対応(冬期未開放)</value>
          </Data>
        </ExtendedData>
        <Point>
          <coordinates>
            141.316196,43.087763,0
          </coordinates>
        </Point>
      </Placemark>
      <Placemark>
        <name>豊島公園</name>
        <description><![CDATA[説明: 冬期開放: <br>冬期未開放: ◯<br>身障者対応: <br>身障者非対応: ◯<br>種別: 2.冬期未開放(身障者非対応)<br>冬期開放: <br>冬期未開放: ◯<br>身障者対応: <br>身障者非対応: ◯<br>種別: 2.冬期未開放(身障者非対応)]]></description>
        <styleUrl>#icon-1733-1A237E</styleUrl>
        <ExtendedData>
          <Data name="説明">
            <value>冬期開放: 
冬期未開放: ◯
身障者対応: 
身障者非対応: ◯
種別: 2.冬期未開放(身障者非対応)</value>
          </Data>
          <Data name="冬期開放">
            <value/>
          </Data>
          <Data name="冬期未開放">
            <value>◯</value>
          </Data>
          <Data name="身障者対応">
            <value/>
          </Data>
          <Data name="身障者非対応">
            <value>◯</value>
          </Data>
          <Data name="種別">
            <value>2.冬期未開放(身障者非対応)</value>
          </Data>
        </ExtendedData>
        <Point>
          <coordinates>
            141.354866,43.0218,0
          </coordinates>
        </Point>
      </Placemark>
      <Placemark>
        <name>平岸ポプラ公園</name>
        <description><![CDATA[説明: 冬期開放: <br>冬期未開放: ◯<br>身障者対応: <br>身障者非対応: ◯<br>種別: 2.冬期未開放(身障者非対応)<br>冬期開放: <br>冬期未開放: ◯<br>身障者対応: <br>身障者非対応: ◯<br>種別: 2.冬期未開放(身障者非対応)]]></description>
        <styleUrl>#icon-1733-1A237E</styleUrl>
        <ExtendedData>
          <Data name="説明">
            <value>冬期開放: 
冬期未開放: ◯
身障者対応: 
身障者非対応: ◯
種別: 2.冬期未開放(身障者非対応)</value>
          </Data>
          <Data name="冬期開放">
            <value/>
          </Data>
          <Data name="冬期未開放">
            <value>◯</value>
          </Data>
          <Data name="身障者対応">
            <value/>
          </Data>
          <Data name="身障者非対応">
            <value>◯</value>
          </Data>
          <Data name="種別">
            <value>2.冬期未開放(身障者非対応)</value>
          </Data>
        </ExtendedData>
        <Point>
          <coordinates>
            141.36133,43.0412,0
          </coordinates>
        </Point>
      </Placemark>
      <Placemark>
        <name>川島公園</name>
        <description><![CDATA[説明: 冬期開放: <br>冬期未開放: ◯<br>身障者対応: <br>身障者非対応: ◯<br>種別: 2.冬期未開放(身障者非対応)<br>冬期開放: <br>冬期未開放: ◯<br>身障者対応: <br>身障者非対応: ◯<br>種別: 2.冬期未開放(身障者非対応)]]></description>
        <styleUrl>#icon-1733-1A237E</styleUrl>
        <ExtendedData>
          <Data name="説明">
            <value>冬期開放: 
冬期未開放: ◯
身障者対応: 
身障者非対応: ◯
種別: 2.冬期未開放(身障者非対応)</value>
          </Data>
          <Data name="冬期開放">
            <value/>
          </Data>
          <Data name="冬期未開放">
            <value>◯</value>
          </Data>
          <Data name="身障者対応">
            <value/>
          </Data>
          <Data name="身障者非対応">
            <value>◯</value>
          </Data>
          <Data name="種別">
            <value>2.冬期未開放(身障者非対応)</value>
          </Data>
        </ExtendedData>
        <Point>
          <coordinates>
            141.35711,43.029881,0
          </coordinates>
        </Point>
      </Placemark>
      <Placemark>
        <name>月寒三区平成公園</name>
        <description><![CDATA[説明: 冬期開放: <br>冬期未開放: ◯<br>身障者対応: <br>身障者非対応: ◯<br>種別: 2.冬期未開放(身障者非対応)<br>冬期開放: <br>冬期未開放: ◯<br>身障者対応: <br>身障者非対応: ◯<br>種別: 2.冬期未開放(身障者非対応)]]></description>
        <styleUrl>#icon-1733-1A237E</styleUrl>
        <ExtendedData>
          <Data name="説明">
            <value>冬期開放: 
冬期未開放: ◯
身障者対応: 
身障者非対応: ◯
種別: 2.冬期未開放(身障者非対応)</value>
          </Data>
          <Data name="冬期開放">
            <value/>
          </Data>
          <Data name="冬期未開放">
            <value>◯</value>
          </Data>
          <Data name="身障者対応">
            <value/>
          </Data>
          <Data name="身障者非対応">
            <value>◯</value>
          </Data>
          <Data name="種別">
            <value>2.冬期未開放(身障者非対応)</value>
          </Data>
        </ExtendedData>
        <Point>
          <coordinates>
            141.395802,43.027336,0
          </coordinates>
        </Point>
      </Placemark>
      <Placemark>
        <name>風の子公園</name>
        <description><![CDATA[説明: 冬期開放: <br>冬期未開放: ◯<br>身障者対応: <br>身障者非対応: ◯<br>種別: 2.冬期未開放(身障者非対応)<br>冬期開放: <br>冬期未開放: ◯<br>身障者対応: <br>身障者非対応: ◯<br>種別: 2.冬期未開放(身障者非対応)]]></description>
        <styleUrl>#icon-1733-1A237E</styleUrl>
        <ExtendedData>
          <Data name="説明">
            <value>冬期開放: 
冬期未開放: ◯
身障者対応: 
身障者非対応: ◯
種別: 2.冬期未開放(身障者非対応)</value>
          </Data>
          <Data name="冬期開放">
            <value/>
          </Data>
          <Data name="冬期未開放">
            <value>◯</value>
          </Data>
          <Data name="身障者対応">
            <value/>
          </Data>
          <Data name="身障者非対応">
            <value>◯</value>
          </Data>
          <Data name="種別">
            <value>2.冬期未開放(身障者非対応)</value>
          </Data>
        </ExtendedData>
        <Point>
          <coordinates>
            141.368119,43.038207,0
          </coordinates>
        </Point>
      </Placemark>
      <Placemark>
        <name>平岸はごろも公園</name>
        <description><![CDATA[説明: 冬期開放: <br>冬期未開放: ◯<br>身障者対応: <br>身障者非対応: ◯<br>種別: 2.冬期未開放(身障者非対応)<br>冬期開放: <br>冬期未開放: ◯<br>身障者対応: <br>身障者非対応: ◯<br>種別: 2.冬期未開放(身障者非対応)]]></description>
        <styleUrl>#icon-1733-1A237E</styleUrl>
        <ExtendedData>
          <Data name="説明">
            <value>冬期開放: 
冬期未開放: ◯
身障者対応: 
身障者非対応: ◯
種別: 2.冬期未開放(身障者非対応)</value>
          </Data>
          <Data name="冬期開放">
            <value/>
          </Data>
          <Data name="冬期未開放">
            <value>◯</value>
          </Data>
          <Data name="身障者対応">
            <value/>
          </Data>
          <Data name="身障者非対応">
            <value>◯</value>
          </Data>
          <Data name="種別">
            <value>2.冬期未開放(身障者非対応)</value>
          </Data>
        </ExtendedData>
        <Point>
          <coordinates>
            141.379303,43.027033,0
          </coordinates>
        </Point>
      </Placemark>
      <Placemark>
        <name>東月寒南ヶ丘公園</name>
        <description><![CDATA[説明: 冬期開放: <br>冬期未開放: ◯<br>身障者対応: <br>身障者非対応: ◯<br>種別: 2.冬期未開放(身障者非対応)<br>冬期開放: <br>冬期未開放: ◯<br>身障者対応: <br>身障者非対応: ◯<br>種別: 2.冬期未開放(身障者非対応)]]></description>
        <styleUrl>#icon-1733-1A237E</styleUrl>
        <ExtendedData>
          <Data name="説明">
            <value>冬期開放: 
冬期未開放: ◯
身障者対応: 
身障者非対応: ◯
種別: 2.冬期未開放(身障者非対応)</value>
          </Data>
          <Data name="冬期開放">
            <value/>
          </Data>
          <Data name="冬期未開放">
            <value>◯</value>
          </Data>
          <Data name="身障者対応">
            <value/>
          </Data>
          <Data name="身障者非対応">
            <value>◯</value>
          </Data>
          <Data name="種別">
            <value>2.冬期未開放(身障者非対応)</value>
          </Data>
        </ExtendedData>
        <Point>
          <coordinates>
            141.421692,43.022135,0
          </coordinates>
        </Point>
      </Placemark>
      <Placemark>
        <name>菊月公園</name>
        <description><![CDATA[説明: 冬期開放: <br>冬期未開放: ◯<br>身障者対応: <br>身障者非対応: ◯<br>種別: 2.冬期未開放(身障者非対応)<br>冬期開放: <br>冬期未開放: ◯<br>身障者対応: <br>身障者非対応: ◯<br>種別: 2.冬期未開放(身障者非対応)]]></description>
        <styleUrl>#icon-1733-1A237E</styleUrl>
        <ExtendedData>
          <Data name="説明">
            <value>冬期開放: 
冬期未開放: ◯
身障者対応: 
身障者非対応: ◯
種別: 2.冬期未開放(身障者非対応)</value>
          </Data>
          <Data name="冬期開放">
            <value/>
          </Data>
          <Data name="冬期未開放">
            <value>◯</value>
          </Data>
          <Data name="身障者対応">
            <value/>
          </Data>
          <Data name="身障者非対応">
            <value>◯</value>
          </Data>
          <Data name="種別">
            <value>2.冬期未開放(身障者非対応)</value>
          </Data>
        </ExtendedData>
        <Point>
          <coordinates>
            141.396549,43.034374,0
          </coordinates>
        </Point>
      </Placemark>
      <Placemark>
        <name>ときわぎ公園</name>
        <description><![CDATA[説明: 冬期開放: <br>冬期未開放: ◯<br>身障者対応: <br>身障者非対応: ◯<br>種別: 2.冬期未開放(身障者非対応)<br>冬期開放: <br>冬期未開放: ◯<br>身障者対応: <br>身障者非対応: ◯<br>種別: 2.冬期未開放(身障者非対応)]]></description>
        <styleUrl>#icon-1733-1A237E</styleUrl>
        <ExtendedData>
          <Data name="説明">
            <value>冬期開放: 
冬期未開放: ◯
身障者対応: 
身障者非対応: ◯
種別: 2.冬期未開放(身障者非対応)</value>
          </Data>
          <Data name="冬期開放">
            <value/>
          </Data>
          <Data name="冬期未開放">
            <value>◯</value>
          </Data>
          <Data name="身障者対応">
            <value/>
          </Data>
          <Data name="身障者非対応">
            <value>◯</value>
          </Data>
          <Data name="種別">
            <value>2.冬期未開放(身障者非対応)</value>
          </Data>
        </ExtendedData>
        <Point>
          <coordinates>
            141.381704,43.04048,0
          </coordinates>
        </Point>
      </Placemark>
      <Placemark>
        <name>つきさっぷ中央公園</name>
        <description><![CDATA[説明: 冬期開放: <br>冬期未開放: ◯<br>身障者対応: <br>身障者非対応: ◯<br>種別: 2.冬期未開放(身障者非対応)<br>冬期開放: <br>冬期未開放: ◯<br>身障者対応: <br>身障者非対応: ◯<br>種別: 2.冬期未開放(身障者非対応)]]></description>
        <styleUrl>#icon-1733-1A237E</styleUrl>
        <ExtendedData>
          <Data name="説明">
            <value>冬期開放: 
冬期未開放: ◯
身障者対応: 
身障者非対応: ◯
種別: 2.冬期未開放(身障者非対応)</value>
          </Data>
          <Data name="冬期開放">
            <value/>
          </Data>
          <Data name="冬期未開放">
            <value>◯</value>
          </Data>
          <Data name="身障者対応">
            <value/>
          </Data>
          <Data name="身障者非対応">
            <value>◯</value>
          </Data>
          <Data name="種別">
            <value>2.冬期未開放(身障者非対応)</value>
          </Data>
        </ExtendedData>
        <Point>
          <coordinates>
            141.396039,43.031705,0
          </coordinates>
        </Point>
      </Placemark>
      <Placemark>
        <name>中の島かつら公園</name>
        <description><![CDATA[説明: 冬期開放: <br>冬期未開放: ◯<br>身障者対応: <br>身障者非対応: ◯<br>種別: 2.冬期未開放(身障者非対応)<br>冬期開放: <br>冬期未開放: ◯<br>身障者対応: <br>身障者非対応: ◯<br>種別: 2.冬期未開放(身障者非対応)]]></description>
        <styleUrl>#icon-1733-1A237E</styleUrl>
        <ExtendedData>
          <Data name="説明">
            <value>冬期開放: 
冬期未開放: ◯
身障者対応: 
身障者非対応: ◯
種別: 2.冬期未開放(身障者非対応)</value>
          </Data>
          <Data name="冬期開放">
            <value/>
          </Data>
          <Data name="冬期未開放">
            <value>◯</value>
          </Data>
          <Data name="身障者対応">
            <value/>
          </Data>
          <Data name="身障者非対応">
            <value>◯</value>
          </Data>
          <Data name="種別">
            <value>2.冬期未開放(身障者非対応)</value>
          </Data>
        </ExtendedData>
        <Point>
          <coordinates>
            141.35876,43.024474,0
          </coordinates>
        </Point>
      </Placemark>
      <Placemark>
        <name>豊陵公園</name>
        <description><![CDATA[説明: 冬期開放: <br>冬期未開放: ◯<br>身障者対応: <br>身障者非対応: ◯<br>種別: 2.冬期未開放(身障者非対応)<br>冬期開放: <br>冬期未開放: ◯<br>身障者対応: <br>身障者非対応: ◯<br>種別: 2.冬期未開放(身障者非対応)]]></description>
        <styleUrl>#icon-1733-1A237E</styleUrl>
        <ExtendedData>
          <Data name="説明">
            <value>冬期開放: 
冬期未開放: ◯
身障者対応: 
身障者非対応: ◯
種別: 2.冬期未開放(身障者非対応)</value>
          </Data>
          <Data name="冬期開放">
            <value/>
          </Data>
          <Data name="冬期未開放">
            <value>◯</value>
          </Data>
          <Data name="身障者対応">
            <value/>
          </Data>
          <Data name="身障者非対応">
            <value>◯</value>
          </Data>
          <Data name="種別">
            <value>2.冬期未開放(身障者非対応)</value>
          </Data>
        </ExtendedData>
        <Point>
          <coordinates>
            141.368117,43.049656,0
          </coordinates>
        </Point>
      </Placemark>
      <Placemark>
        <name>いなほ公園</name>
        <description><![CDATA[説明: 冬期開放: <br>冬期未開放: ◯<br>身障者対応: <br>身障者非対応: ◯<br>種別: 2.冬期未開放(身障者非対応)<br>冬期開放: <br>冬期未開放: ◯<br>身障者対応: <br>身障者非対応: ◯<br>種別: 2.冬期未開放(身障者非対応)]]></description>
        <styleUrl>#icon-1733-1A237E</styleUrl>
        <ExtendedData>
          <Data name="説明">
            <value>冬期開放: 
冬期未開放: ◯
身障者対応: 
身障者非対応: ◯
種別: 2.冬期未開放(身障者非対応)</value>
          </Data>
          <Data name="冬期開放">
            <value/>
          </Data>
          <Data name="冬期未開放">
            <value>◯</value>
          </Data>
          <Data name="身障者対応">
            <value/>
          </Data>
          <Data name="身障者非対応">
            <value>◯</value>
          </Data>
          <Data name="種別">
            <value>2.冬期未開放(身障者非対応)</value>
          </Data>
        </ExtendedData>
        <Point>
          <coordinates>
            141.374634,43.035216,0
          </coordinates>
        </Point>
      </Placemark>
      <Placemark>
        <name>西岡のぞみ公園</name>
        <description><![CDATA[説明: 冬期開放: <br>冬期未開放: ◯<br>身障者対応: <br>身障者非対応: ◯<br>種別: 2.冬期未開放(身障者非対応)<br>冬期開放: <br>冬期未開放: ◯<br>身障者対応: <br>身障者非対応: ◯<br>種別: 2.冬期未開放(身障者非対応)]]></description>
        <styleUrl>#icon-1733-1A237E</styleUrl>
        <ExtendedData>
          <Data name="説明">
            <value>冬期開放: 
冬期未開放: ◯
身障者対応: 
身障者非対応: ◯
種別: 2.冬期未開放(身障者非対応)</value>
          </Data>
          <Data name="冬期開放">
            <value/>
          </Data>
          <Data name="冬期未開放">
            <value>◯</value>
          </Data>
          <Data name="身障者対応">
            <value/>
          </Data>
          <Data name="身障者非対応">
            <value>◯</value>
          </Data>
          <Data name="種別">
            <value>2.冬期未開放(身障者非対応)</value>
          </Data>
        </ExtendedData>
        <Point>
          <coordinates>
            141.384277,43.007561,0
          </coordinates>
        </Point>
      </Placemark>
      <Placemark>
        <name>むつみ公園</name>
        <description><![CDATA[説明: 冬期開放: <br>冬期未開放: ◯<br>身障者対応: ◯<br>身障者非対応: <br>種別: 4.身障者対応(冬期未開放)<br>冬期開放: <br>冬期未開放: ◯<br>身障者対応: ◯<br>身障者非対応: <br>種別: 4.身障者対応(冬期未開放)]]></description>
        <styleUrl>#icon-1735-1A237E</styleUrl>
        <ExtendedData>
          <Data name="説明">
            <value>冬期開放: 
冬期未開放: ◯
身障者対応: ◯
身障者非対応: 
種別: 4.身障者対応(冬期未開放)</value>
          </Data>
          <Data name="冬期開放">
            <value/>
          </Data>
          <Data name="冬期未開放">
            <value>◯</value>
          </Data>
          <Data name="身障者対応">
            <value>◯</value>
          </Data>
          <Data name="身障者非対応">
            <value/>
          </Data>
          <Data name="種別">
            <value>4.身障者対応(冬期未開放)</value>
          </Data>
        </ExtendedData>
        <Point>
          <coordinates>
            141.382641,43.047543,0
          </coordinates>
        </Point>
      </Placemark>
      <Placemark>
        <name>みずほ公園</name>
        <description><![CDATA[説明: 冬期開放: <br>冬期未開放: ◯<br>身障者対応: ◯<br>身障者非対応: <br>種別: 4.身障者対応(冬期未開放)<br>冬期開放: <br>冬期未開放: ◯<br>身障者対応: ◯<br>身障者非対応: <br>種別: 4.身障者対応(冬期未開放)]]></description>
        <styleUrl>#icon-1735-1A237E</styleUrl>
        <ExtendedData>
          <Data name="説明">
            <value>冬期開放: 
冬期未開放: ◯
身障者対応: ◯
身障者非対応: 
種別: 4.身障者対応(冬期未開放)</value>
          </Data>
          <Data name="冬期開放">
            <value/>
          </Data>
          <Data name="冬期未開放">
            <value>◯</value>
          </Data>
          <Data name="身障者対応">
            <value>◯</value>
          </Data>
          <Data name="身障者非対応">
            <value/>
          </Data>
          <Data name="種別">
            <value>4.身障者対応(冬期未開放)</value>
          </Data>
        </ExtendedData>
        <Point>
          <coordinates>
            141.374899,43.044638,0
          </coordinates>
        </Point>
      </Placemark>
      <Placemark>
        <name>美園中央公園</name>
        <description><![CDATA[説明: 冬期開放: <br>冬期未開放: ◯<br>身障者対応: ◯<br>身障者非対応: <br>種別: 4.身障者対応(冬期未開放)<br>冬期開放: <br>冬期未開放: ◯<br>身障者対応: ◯<br>身障者非対応: <br>種別: 4.身障者対応(冬期未開放)]]></description>
        <styleUrl>#icon-1735-1A237E</styleUrl>
        <ExtendedData>
          <Data name="説明">
            <value>冬期開放: 
冬期未開放: ◯
身障者対応: ◯
身障者非対応: 
種別: 4.身障者対応(冬期未開放)</value>
          </Data>
          <Data name="冬期開放">
            <value/>
          </Data>
          <Data name="冬期未開放">
            <value>◯</value>
          </Data>
          <Data name="身障者対応">
            <value>◯</value>
          </Data>
          <Data name="身障者非対応">
            <value/>
          </Data>
          <Data name="種別">
            <value>4.身障者対応(冬期未開放)</value>
          </Data>
        </ExtendedData>
        <Point>
          <coordinates>
            141.385294,43.039151,0
          </coordinates>
        </Point>
      </Placemark>
      <Placemark>
        <name>夕やけ公園</name>
        <description><![CDATA[説明: 冬期開放: ◯<br>冬期未開放: <br>身障者対応: ◯<br>身障者非対応: <br>種別: 3.身障者対応(冬期開放)<br>冬期開放: ◯<br>冬期未開放: <br>身障者対応: ◯<br>身障者非対応: <br>種別: 3.身障者対応(冬期開放)]]></description>
        <styleUrl>#icon-1735-A52714</styleUrl>
        <ExtendedData>
          <Data name="説明">
            <value>冬期開放: ◯
冬期未開放: 
身障者対応: ◯
身障者非対応: 
種別: 3.身障者対応(冬期開放)</value>
          </Data>
          <Data name="冬期開放">
            <value>◯</value>
          </Data>
          <Data name="冬期未開放">
            <value/>
          </Data>
          <Data name="身障者対応">
            <value>◯</value>
          </Data>
          <Data name="身障者非対応">
            <value/>
          </Data>
          <Data name="種別">
            <value>3.身障者対応(冬期開放)</value>
          </Data>
        </ExtendedData>
        <Point>
          <coordinates>
            141.372002,43.035167,0
          </coordinates>
        </Point>
      </Placemark>
      <Placemark>
        <name>中の島公園</name>
        <description><![CDATA[説明: 冬期開放: <br>冬期未開放: ◯<br>身障者対応: ◯<br>身障者非対応: <br>種別: 4.身障者対応(冬期未開放)<br>冬期開放: <br>冬期未開放: ◯<br>身障者対応: ◯<br>身障者非対応: <br>種別: 4.身障者対応(冬期未開放)]]></description>
        <styleUrl>#icon-1735-1A237E</styleUrl>
        <ExtendedData>
          <Data name="説明">
            <value>冬期開放: 
冬期未開放: ◯
身障者対応: ◯
身障者非対応: 
種別: 4.身障者対応(冬期未開放)</value>
          </Data>
          <Data name="冬期開放">
            <value/>
          </Data>
          <Data name="冬期未開放">
            <value>◯</value>
          </Data>
          <Data name="身障者対応">
            <value>◯</value>
          </Data>
          <Data name="身障者非対応">
            <value/>
          </Data>
          <Data name="種別">
            <value>4.身障者対応(冬期未開放)</value>
          </Data>
        </ExtendedData>
        <Point>
          <coordinates>
            141.36139,43.030947,0
          </coordinates>
        </Point>
      </Placemark>
      <Placemark>
        <name>平岸みはらし公園</name>
        <description><![CDATA[説明: 冬期開放: <br>冬期未開放: ◯<br>身障者対応: ◯<br>身障者非対応: <br>種別: 4.身障者対応(冬期未開放)<br>冬期開放: <br>冬期未開放: ◯<br>身障者対応: ◯<br>身障者非対応: <br>種別: 4.身障者対応(冬期未開放)]]></description>
        <styleUrl>#icon-1735-1A237E</styleUrl>
        <ExtendedData>
          <Data name="説明">
            <value>冬期開放: 
冬期未開放: ◯
身障者対応: ◯
身障者非対応: 
種別: 4.身障者対応(冬期未開放)</value>
          </Data>
          <Data name="冬期開放">
            <value/>
          </Data>
          <Data name="冬期未開放">
            <value>◯</value>
          </Data>
          <Data name="身障者対応">
            <value>◯</value>
          </Data>
          <Data name="身障者非対応">
            <value/>
          </Data>
          <Data name="種別">
            <value>4.身障者対応(冬期未開放)</value>
          </Data>
        </ExtendedData>
        <Point>
          <coordinates>
            141.364656,43.039581,0
          </coordinates>
        </Point>
      </Placemark>
      <Placemark>
        <name>豊園公園</name>
        <description><![CDATA[説明: 冬期開放: <br>冬期未開放: ◯<br>身障者対応: ◯<br>身障者非対応: <br>種別: 4.身障者対応(冬期未開放)<br>冬期開放: <br>冬期未開放: ◯<br>身障者対応: ◯<br>身障者非対応: <br>種別: 4.身障者対応(冬期未開放)]]></description>
        <styleUrl>#icon-1735-1A237E</styleUrl>
        <ExtendedData>
          <Data name="説明">
            <value>冬期開放: 
冬期未開放: ◯
身障者対応: ◯
身障者非対応: 
種別: 4.身障者対応(冬期未開放)</value>
          </Data>
          <Data name="冬期開放">
            <value/>
          </Data>
          <Data name="冬期未開放">
            <value>◯</value>
          </Data>
          <Data name="身障者対応">
            <value>◯</value>
          </Data>
          <Data name="身障者非対応">
            <value/>
          </Data>
          <Data name="種別">
            <value>4.身障者対応(冬期未開放)</value>
          </Data>
        </ExtendedData>
        <Point>
          <coordinates>
            141.389481,43.044298,0
          </coordinates>
        </Point>
      </Placemark>
      <Placemark>
        <name>美園公園</name>
        <description><![CDATA[説明: 冬期開放: <br>冬期未開放: ◯<br>身障者対応: <br>身障者非対応: ◯<br>種別: 2.冬期未開放(身障者非対応)<br>冬期開放: <br>冬期未開放: ◯<br>身障者対応: <br>身障者非対応: ◯<br>種別: 2.冬期未開放(身障者非対応)]]></description>
        <styleUrl>#icon-1733-1A237E</styleUrl>
        <ExtendedData>
          <Data name="説明">
            <value>冬期開放: 
冬期未開放: ◯
身障者対応: 
身障者非対応: ◯
種別: 2.冬期未開放(身障者非対応)</value>
          </Data>
          <Data name="冬期開放">
            <value/>
          </Data>
          <Data name="冬期未開放">
            <value>◯</value>
          </Data>
          <Data name="身障者対応">
            <value/>
          </Data>
          <Data name="身障者非対応">
            <value>◯</value>
          </Data>
          <Data name="種別">
            <value>2.冬期未開放(身障者非対応)</value>
          </Data>
        </ExtendedData>
        <Point>
          <coordinates>
            141.385464,43.044362,0
          </coordinates>
        </Point>
      </Placemark>
      <Placemark>
        <name>南美園公園</name>
        <description><![CDATA[説明: 冬期開放: <br>冬期未開放: ◯<br>身障者対応: ◯<br>身障者非対応: <br>種別: 4.身障者対応(冬期未開放)<br>冬期開放: <br>冬期未開放: ◯<br>身障者対応: ◯<br>身障者非対応: <br>種別: 4.身障者対応(冬期未開放)]]></description>
        <styleUrl>#icon-1735-1A237E</styleUrl>
        <ExtendedData>
          <Data name="説明">
            <value>冬期開放: 
冬期未開放: ◯
身障者対応: ◯
身障者非対応: 
種別: 4.身障者対応(冬期未開放)</value>
          </Data>
          <Data name="冬期開放">
            <value/>
          </Data>
          <Data name="冬期未開放">
            <value>◯</value>
          </Data>
          <Data name="身障者対応">
            <value>◯</value>
          </Data>
          <Data name="身障者非対応">
            <value/>
          </Data>
          <Data name="種別">
            <value>4.身障者対応(冬期未開放)</value>
          </Data>
        </ExtendedData>
        <Point>
          <coordinates>
            141.3825,43.036931,0
          </coordinates>
        </Point>
      </Placemark>
      <Placemark>
        <name>月光公園</name>
        <description><![CDATA[説明: 冬期開放: <br>冬期未開放: ◯<br>身障者対応: <br>身障者非対応: ◯<br>種別: 2.冬期未開放(身障者非対応)<br>冬期開放: <br>冬期未開放: ◯<br>身障者対応: <br>身障者非対応: ◯<br>種別: 2.冬期未開放(身障者非対応)]]></description>
        <styleUrl>#icon-1733-1A237E</styleUrl>
        <ExtendedData>
          <Data name="説明">
            <value>冬期開放: 
冬期未開放: ◯
身障者対応: 
身障者非対応: ◯
種別: 2.冬期未開放(身障者非対応)</value>
          </Data>
          <Data name="冬期開放">
            <value/>
          </Data>
          <Data name="冬期未開放">
            <value>◯</value>
          </Data>
          <Data name="身障者対応">
            <value/>
          </Data>
          <Data name="身障者非対応">
            <value>◯</value>
          </Data>
          <Data name="種別">
            <value>2.冬期未開放(身障者非対応)</value>
          </Data>
        </ExtendedData>
        <Point>
          <coordinates>
            141.412451,43.033025,0
          </coordinates>
        </Point>
      </Placemark>
      <Placemark>
        <name>豊中公園</name>
        <description><![CDATA[説明: 冬期開放: <br>冬期未開放: ◯<br>身障者対応: ◯<br>身障者非対応: <br>種別: 4.身障者対応(冬期未開放)<br>冬期開放: <br>冬期未開放: ◯<br>身障者対応: ◯<br>身障者非対応: <br>種別: 4.身障者対応(冬期未開放)]]></description>
        <styleUrl>#icon-1735-1A237E</styleUrl>
        <ExtendedData>
          <Data name="説明">
            <value>冬期開放: 
冬期未開放: ◯
身障者対応: ◯
身障者非対応: 
種別: 4.身障者対応(冬期未開放)</value>
          </Data>
          <Data name="冬期開放">
            <value/>
          </Data>
          <Data name="冬期未開放">
            <value>◯</value>
          </Data>
          <Data name="身障者対応">
            <value>◯</value>
          </Data>
          <Data name="身障者非対応">
            <value/>
          </Data>
          <Data name="種別">
            <value>4.身障者対応(冬期未開放)</value>
          </Data>
        </ExtendedData>
        <Point>
          <coordinates>
            141.363356,43.036573,0
          </coordinates>
        </Point>
      </Placemark>
      <Placemark>
        <name>旭水公園</name>
        <description><![CDATA[説明: 冬期開放: <br>冬期未開放: ◯<br>身障者対応: <br>身障者非対応: ◯<br>種別: 2.冬期未開放(身障者非対応)<br>冬期開放: <br>冬期未開放: ◯<br>身障者対応: <br>身障者非対応: ◯<br>種別: 2.冬期未開放(身障者非対応)]]></description>
        <styleUrl>#icon-1733-1A237E</styleUrl>
        <ExtendedData>
          <Data name="説明">
            <value>冬期開放: 
冬期未開放: ◯
身障者対応: 
身障者非対応: ◯
種別: 2.冬期未開放(身障者非対応)</value>
          </Data>
          <Data name="冬期開放">
            <value/>
          </Data>
          <Data name="冬期未開放">
            <value>◯</value>
          </Data>
          <Data name="身障者対応">
            <value/>
          </Data>
          <Data name="身障者非対応">
            <value>◯</value>
          </Data>
          <Data name="種別">
            <value>2.冬期未開放(身障者非対応)</value>
          </Data>
        </ExtendedData>
        <Point>
          <coordinates>
            141.365549,43.046441,0
          </coordinates>
        </Point>
      </Placemark>
      <Placemark>
        <name>平岸わんぱく公園</name>
        <description><![CDATA[説明: 冬期開放: <br>冬期未開放: ◯<br>身障者対応: ◯<br>身障者非対応: <br>種別: 4.身障者対応(冬期未開放)<br>冬期開放: <br>冬期未開放: ◯<br>身障者対応: ◯<br>身障者非対応: <br>種別: 4.身障者対応(冬期未開放)]]></description>
        <styleUrl>#icon-1735-1A237E</styleUrl>
        <ExtendedData>
          <Data name="説明">
            <value>冬期開放: 
冬期未開放: ◯
身障者対応: ◯
身障者非対応: 
種別: 4.身障者対応(冬期未開放)</value>
          </Data>
          <Data name="冬期開放">
            <value/>
          </Data>
          <Data name="冬期未開放">
            <value>◯</value>
          </Data>
          <Data name="身障者対応">
            <value>◯</value>
          </Data>
          <Data name="身障者非対応">
            <value/>
          </Data>
          <Data name="種別">
            <value>4.身障者対応(冬期未開放)</value>
          </Data>
        </ExtendedData>
        <Point>
          <coordinates>
            141.369728,43.020669,0
          </coordinates>
        </Point>
      </Placemark>
      <Placemark>
        <name>東山公園</name>
        <description><![CDATA[説明: 冬期開放: <br>冬期未開放: ◯<br>身障者対応: ◯<br>身障者非対応: <br>種別: 4.身障者対応(冬期未開放)<br>冬期開放: <br>冬期未開放: ◯<br>身障者対応: ◯<br>身障者非対応: <br>種別: 4.身障者対応(冬期未開放)]]></description>
        <styleUrl>#icon-1735-1A237E</styleUrl>
        <ExtendedData>
          <Data name="説明">
            <value>冬期開放: 
冬期未開放: ◯
身障者対応: ◯
身障者非対応: 
種別: 4.身障者対応(冬期未開放)</value>
          </Data>
          <Data name="冬期開放">
            <value/>
          </Data>
          <Data name="冬期未開放">
            <value>◯</value>
          </Data>
          <Data name="身障者対応">
            <value>◯</value>
          </Data>
          <Data name="身障者非対応">
            <value/>
          </Data>
          <Data name="種別">
            <value>4.身障者対応(冬期未開放)</value>
          </Data>
        </ExtendedData>
        <Point>
          <coordinates>
            141.373741,43.029113,0
          </coordinates>
        </Point>
      </Placemark>
      <Placemark>
        <name>美園しらかば公園</name>
        <description><![CDATA[説明: 冬期開放: <br>冬期未開放: ◯<br>身障者対応: ◯<br>身障者非対応: <br>種別: 4.身障者対応(冬期未開放)<br>冬期開放: <br>冬期未開放: ◯<br>身障者対応: ◯<br>身障者非対応: <br>種別: 4.身障者対応(冬期未開放)]]></description>
        <styleUrl>#icon-1735-1A237E</styleUrl>
        <ExtendedData>
          <Data name="説明">
            <value>冬期開放: 
冬期未開放: ◯
身障者対応: ◯
身障者非対応: 
種別: 4.身障者対応(冬期未開放)</value>
          </Data>
          <Data name="冬期開放">
            <value/>
          </Data>
          <Data name="冬期未開放">
            <value>◯</value>
          </Data>
          <Data name="身障者対応">
            <value>◯</value>
          </Data>
          <Data name="身障者非対応">
            <value/>
          </Data>
          <Data name="種別">
            <value>4.身障者対応(冬期未開放)</value>
          </Data>
        </ExtendedData>
        <Point>
          <coordinates>
            141.392417,43.040905,0
          </coordinates>
        </Point>
      </Placemark>
      <Placemark>
        <name>東月寒2号公園</name>
        <description><![CDATA[説明: 冬期開放: <br>冬期未開放: ◯<br>身障者対応: ◯<br>身障者非対応: <br>種別: 4.身障者対応(冬期未開放)<br>冬期開放: <br>冬期未開放: ◯<br>身障者対応: ◯<br>身障者非対応: <br>種別: 4.身障者対応(冬期未開放)]]></description>
        <styleUrl>#icon-1735-1A237E</styleUrl>
        <ExtendedData>
          <Data name="説明">
            <value>冬期開放: 
冬期未開放: ◯
身障者対応: ◯
身障者非対応: 
種別: 4.身障者対応(冬期未開放)</value>
          </Data>
          <Data name="冬期開放">
            <value/>
          </Data>
          <Data name="冬期未開放">
            <value>◯</value>
          </Data>
          <Data name="身障者対応">
            <value>◯</value>
          </Data>
          <Data name="身障者非対応">
            <value/>
          </Data>
          <Data name="種別">
            <value>4.身障者対応(冬期未開放)</value>
          </Data>
        </ExtendedData>
        <Point>
          <coordinates>
            141.422245,43.025145,0
          </coordinates>
        </Point>
      </Placemark>
      <Placemark>
        <name>豊平あさひ公園</name>
        <description><![CDATA[説明: 冬期開放: <br>冬期未開放: ◯<br>身障者対応: ◯<br>身障者非対応: <br>種別: 4.身障者対応(冬期未開放)<br>冬期開放: <br>冬期未開放: ◯<br>身障者対応: ◯<br>身障者非対応: <br>種別: 4.身障者対応(冬期未開放)]]></description>
        <styleUrl>#icon-1735-1A237E</styleUrl>
        <ExtendedData>
          <Data name="説明">
            <value>冬期開放: 
冬期未開放: ◯
身障者対応: ◯
身障者非対応: 
種別: 4.身障者対応(冬期未開放)</value>
          </Data>
          <Data name="冬期開放">
            <value/>
          </Data>
          <Data name="冬期未開放">
            <value>◯</value>
          </Data>
          <Data name="身障者対応">
            <value>◯</value>
          </Data>
          <Data name="身障者非対応">
            <value/>
          </Data>
          <Data name="種別">
            <value>4.身障者対応(冬期未開放)</value>
          </Data>
        </ExtendedData>
        <Point>
          <coordinates>
            141.366979,43.042835,0
          </coordinates>
        </Point>
      </Placemark>
      <Placemark>
        <name>平岸ぼうず山公園</name>
        <description><![CDATA[説明: 冬期開放: <br>冬期未開放: ◯<br>身障者対応: <br>身障者非対応: ◯<br>種別: 2.冬期未開放(身障者非対応)<br>冬期開放: <br>冬期未開放: ◯<br>身障者対応: <br>身障者非対応: ◯<br>種別: 2.冬期未開放(身障者非対応)]]></description>
        <styleUrl>#icon-1733-1A237E</styleUrl>
        <ExtendedData>
          <Data name="説明">
            <value>冬期開放: 
冬期未開放: ◯
身障者対応: 
身障者非対応: ◯
種別: 2.冬期未開放(身障者非対応)</value>
          </Data>
          <Data name="冬期開放">
            <value/>
          </Data>
          <Data name="冬期未開放">
            <value>◯</value>
          </Data>
          <Data name="身障者対応">
            <value/>
          </Data>
          <Data name="身障者非対応">
            <value>◯</value>
          </Data>
          <Data name="種別">
            <value>2.冬期未開放(身障者非対応)</value>
          </Data>
        </ExtendedData>
        <Point>
          <coordinates>
            141.37711,43.028456,0
          </coordinates>
        </Point>
      </Placemark>
      <Placemark>
        <name>月寒五区公園</name>
        <description><![CDATA[説明: 冬期開放: <br>冬期未開放: ◯<br>身障者対応: <br>身障者非対応: ◯<br>種別: 2.冬期未開放(身障者非対応)<br>冬期開放: <br>冬期未開放: ◯<br>身障者対応: <br>身障者非対応: ◯<br>種別: 2.冬期未開放(身障者非対応)]]></description>
        <styleUrl>#icon-1733-1A237E</styleUrl>
        <ExtendedData>
          <Data name="説明">
            <value>冬期開放: 
冬期未開放: ◯
身障者対応: 
身障者非対応: ◯
種別: 2.冬期未開放(身障者非対応)</value>
          </Data>
          <Data name="冬期開放">
            <value/>
          </Data>
          <Data name="冬期未開放">
            <value>◯</value>
          </Data>
          <Data name="身障者対応">
            <value/>
          </Data>
          <Data name="身障者非対応">
            <value>◯</value>
          </Data>
          <Data name="種別">
            <value>2.冬期未開放(身障者非対応)</value>
          </Data>
        </ExtendedData>
        <Point>
          <coordinates>
            141.400295,43.026679,0
          </coordinates>
        </Point>
      </Placemark>
      <Placemark>
        <name>月寒さくらんぼ公園</name>
        <description><![CDATA[説明: 冬期開放: <br>冬期未開放: ◯<br>身障者対応: <br>身障者非対応: ◯<br>種別: 2.冬期未開放(身障者非対応)<br>冬期開放: <br>冬期未開放: ◯<br>身障者対応: <br>身障者非対応: ◯<br>種別: 2.冬期未開放(身障者非対応)]]></description>
        <styleUrl>#icon-1733-1A237E</styleUrl>
        <ExtendedData>
          <Data name="説明">
            <value>冬期開放: 
冬期未開放: ◯
身障者対応: 
身障者非対応: ◯
種別: 2.冬期未開放(身障者非対応)</value>
          </Data>
          <Data name="冬期開放">
            <value/>
          </Data>
          <Data name="冬期未開放">
            <value>◯</value>
          </Data>
          <Data name="身障者対応">
            <value/>
          </Data>
          <Data name="身障者非対応">
            <value>◯</value>
          </Data>
          <Data name="種別">
            <value>2.冬期未開放(身障者非対応)</value>
          </Data>
        </ExtendedData>
        <Point>
          <coordinates>
            141.387277,43.028129,0
          </coordinates>
        </Point>
      </Placemark>
      <Placemark>
        <name>大東公園</name>
        <description><![CDATA[説明: 冬期開放: <br>冬期未開放: ◯<br>身障者対応: <br>身障者非対応: ◯<br>種別: 2.冬期未開放(身障者非対応)<br>冬期開放: <br>冬期未開放: ◯<br>身障者対応: <br>身障者非対応: ◯<br>種別: 2.冬期未開放(身障者非対応)]]></description>
        <styleUrl>#icon-1733-1A237E</styleUrl>
        <ExtendedData>
          <Data name="説明">
            <value>冬期開放: 
冬期未開放: ◯
身障者対応: 
身障者非対応: ◯
種別: 2.冬期未開放(身障者非対応)</value>
          </Data>
          <Data name="冬期開放">
            <value/>
          </Data>
          <Data name="冬期未開放">
            <value>◯</value>
          </Data>
          <Data name="身障者対応">
            <value/>
          </Data>
          <Data name="身障者非対応">
            <value>◯</value>
          </Data>
          <Data name="種別">
            <value>2.冬期未開放(身障者非対応)</value>
          </Data>
        </ExtendedData>
        <Point>
          <coordinates>
            141.402233,43.036625,0
          </coordinates>
        </Point>
      </Placemark>
      <Placemark>
        <name>東小山公園</name>
        <description><![CDATA[説明: 冬期開放: <br>冬期未開放: ◯<br>身障者対応: <br>身障者非対応: ◯<br>種別: 2.冬期未開放(身障者非対応)<br>冬期開放: <br>冬期未開放: ◯<br>身障者対応: <br>身障者非対応: ◯<br>種別: 2.冬期未開放(身障者非対応)]]></description>
        <styleUrl>#icon-1733-1A237E</styleUrl>
        <ExtendedData>
          <Data name="説明">
            <value>冬期開放: 
冬期未開放: ◯
身障者対応: 
身障者非対応: ◯
種別: 2.冬期未開放(身障者非対応)</value>
          </Data>
          <Data name="冬期開放">
            <value/>
          </Data>
          <Data name="冬期未開放">
            <value>◯</value>
          </Data>
          <Data name="身障者対応">
            <value/>
          </Data>
          <Data name="身障者非対応">
            <value>◯</value>
          </Data>
          <Data name="種別">
            <value>2.冬期未開放(身障者非対応)</value>
          </Data>
        </ExtendedData>
        <Point>
          <coordinates>
            141.409599,43.033615,0
          </coordinates>
        </Point>
      </Placemark>
      <Placemark>
        <name>美園さかえ公園</name>
        <description><![CDATA[説明: 冬期開放: <br>冬期未開放: ◯<br>身障者対応: <br>身障者非対応: ◯<br>種別: 2.冬期未開放(身障者非対応)<br>冬期開放: <br>冬期未開放: ◯<br>身障者対応: <br>身障者非対応: ◯<br>種別: 2.冬期未開放(身障者非対応)]]></description>
        <styleUrl>#icon-1733-1A237E</styleUrl>
        <ExtendedData>
          <Data name="説明">
            <value>冬期開放: 
冬期未開放: ◯
身障者対応: 
身障者非対応: ◯
種別: 2.冬期未開放(身障者非対応)</value>
          </Data>
          <Data name="冬期開放">
            <value/>
          </Data>
          <Data name="冬期未開放">
            <value>◯</value>
          </Data>
          <Data name="身障者対応">
            <value/>
          </Data>
          <Data name="身障者非対応">
            <value>◯</value>
          </Data>
          <Data name="種別">
            <value>2.冬期未開放(身障者非対応)</value>
          </Data>
        </ExtendedData>
        <Point>
          <coordinates>
            141.378224,43.038613,0
          </coordinates>
        </Point>
      </Placemark>
      <Placemark>
        <name>日の出公園</name>
        <description><![CDATA[説明: 冬期開放: <br>冬期未開放: ◯<br>身障者対応: <br>身障者非対応: ◯<br>種別: 2.冬期未開放(身障者非対応)<br>冬期開放: <br>冬期未開放: ◯<br>身障者対応: <br>身障者非対応: ◯<br>種別: 2.冬期未開放(身障者非対応)]]></description>
        <styleUrl>#icon-1733-1A237E</styleUrl>
        <ExtendedData>
          <Data name="説明">
            <value>冬期開放: 
冬期未開放: ◯
身障者対応: 
身障者非対応: ◯
種別: 2.冬期未開放(身障者非対応)</value>
          </Data>
          <Data name="冬期開放">
            <value/>
          </Data>
          <Data name="冬期未開放">
            <value>◯</value>
          </Data>
          <Data name="身障者対応">
            <value/>
          </Data>
          <Data name="身障者非対応">
            <value>◯</value>
          </Data>
          <Data name="種別">
            <value>2.冬期未開放(身障者非対応)</value>
          </Data>
        </ExtendedData>
        <Point>
          <coordinates>
            141.372463,43.04147,0
          </coordinates>
        </Point>
      </Placemark>
      <Placemark>
        <name>なかよし公園</name>
        <description><![CDATA[説明: 冬期開放: ◯<br>冬期未開放: <br>身障者対応: ◯<br>身障者非対応: <br>種別: 3.身障者対応(冬期開放)<br>冬期開放: ◯<br>冬期未開放: <br>身障者対応: ◯<br>身障者非対応: <br>種別: 3.身障者対応(冬期開放)]]></description>
        <styleUrl>#icon-1735-A52714</styleUrl>
        <ExtendedData>
          <Data name="説明">
            <value>冬期開放: ◯
冬期未開放: 
身障者対応: ◯
身障者非対応: 
種別: 3.身障者対応(冬期開放)</value>
          </Data>
          <Data name="冬期開放">
            <value>◯</value>
          </Data>
          <Data name="冬期未開放">
            <value/>
          </Data>
          <Data name="身障者対応">
            <value>◯</value>
          </Data>
          <Data name="身障者非対応">
            <value/>
          </Data>
          <Data name="種別">
            <value>3.身障者対応(冬期開放)</value>
          </Data>
        </ExtendedData>
        <Point>
          <coordinates>
            141.328626,43.049618,0
          </coordinates>
        </Point>
      </Placemark>
      <Placemark>
        <name>新川サイロ公園</name>
        <description><![CDATA[説明: 冬期開放: <br>冬期未開放: ◯<br>身障者対応: <br>身障者非対応: ◯<br>種別: 2.冬期未開放(身障者非対応)<br>冬期開放: <br>冬期未開放: ◯<br>身障者対応: <br>身障者非対応: ◯<br>種別: 2.冬期未開放(身障者非対応)]]></description>
        <styleUrl>#icon-1733-1A237E</styleUrl>
        <ExtendedData>
          <Data name="説明">
            <value>冬期開放: 
冬期未開放: ◯
身障者対応: 
身障者非対応: ◯
種別: 2.冬期未開放(身障者非対応)</value>
          </Data>
          <Data name="冬期開放">
            <value/>
          </Data>
          <Data name="冬期未開放">
            <value>◯</value>
          </Data>
          <Data name="身障者対応">
            <value/>
          </Data>
          <Data name="身障者非対応">
            <value>◯</value>
          </Data>
          <Data name="種別">
            <value>2.冬期未開放(身障者非対応)</value>
          </Data>
        </ExtendedData>
        <Point>
          <coordinates>
            141.29257,43.114984,0
          </coordinates>
        </Point>
      </Placemark>
      <Placemark>
        <name>十軒青空公園</name>
        <description><![CDATA[説明: 冬期開放: <br>冬期未開放: ◯<br>身障者対応: <br>身障者非対応: ◯<br>種別: 2.冬期未開放(身障者非対応)<br>冬期開放: <br>冬期未開放: ◯<br>身障者対応: <br>身障者非対応: ◯<br>種別: 2.冬期未開放(身障者非対応)]]></description>
        <styleUrl>#icon-1733-1A237E</styleUrl>
        <ExtendedData>
          <Data name="説明">
            <value>冬期開放: 
冬期未開放: ◯
身障者対応: 
身障者非対応: ◯
種別: 2.冬期未開放(身障者非対応)</value>
          </Data>
          <Data name="冬期開放">
            <value/>
          </Data>
          <Data name="冬期未開放">
            <value>◯</value>
          </Data>
          <Data name="身障者対応">
            <value/>
          </Data>
          <Data name="身障者非対応">
            <value>◯</value>
          </Data>
          <Data name="種別">
            <value>2.冬期未開放(身障者非対応)</value>
          </Data>
        </ExtendedData>
        <Point>
          <coordinates>
            141.3818,43.133254,0
          </coordinates>
        </Point>
      </Placemark>
      <Placemark>
        <name>屯田あおば公園</name>
        <description><![CDATA[説明: 冬期開放: <br>冬期未開放: ◯<br>身障者対応: <br>身障者非対応: ◯<br>種別: 2.冬期未開放(身障者非対応)<br>冬期開放: <br>冬期未開放: ◯<br>身障者対応: <br>身障者非対応: ◯<br>種別: 2.冬期未開放(身障者非対応)]]></description>
        <styleUrl>#icon-1733-1A237E</styleUrl>
        <ExtendedData>
          <Data name="説明">
            <value>冬期開放: 
冬期未開放: ◯
身障者対応: 
身障者非対応: ◯
種別: 2.冬期未開放(身障者非対応)</value>
          </Data>
          <Data name="冬期開放">
            <value/>
          </Data>
          <Data name="冬期未開放">
            <value>◯</value>
          </Data>
          <Data name="身障者対応">
            <value/>
          </Data>
          <Data name="身障者非対応">
            <value>◯</value>
          </Data>
          <Data name="種別">
            <value>2.冬期未開放(身障者非対応)</value>
          </Data>
        </ExtendedData>
        <Point>
          <coordinates>
            141.319044,43.145121,0
          </coordinates>
        </Point>
      </Placemark>
      <Placemark>
        <name>藤が丘そよかぜ公園</name>
        <description><![CDATA[説明: 冬期開放: <br>冬期未開放: ◯<br>身障者対応: <br>身障者非対応: ◯<br>種別: 2.冬期未開放(身障者非対応)<br>冬期開放: <br>冬期未開放: ◯<br>身障者対応: <br>身障者非対応: ◯<br>種別: 2.冬期未開放(身障者非対応)]]></description>
        <styleUrl>#icon-1733-1A237E</styleUrl>
        <ExtendedData>
          <Data name="説明">
            <value>冬期開放: 
冬期未開放: ◯
身障者対応: 
身障者非対応: ◯
種別: 2.冬期未開放(身障者非対応)</value>
          </Data>
          <Data name="冬期開放">
            <value/>
          </Data>
          <Data name="冬期未開放">
            <value>◯</value>
          </Data>
          <Data name="身障者対応">
            <value/>
          </Data>
          <Data name="身障者非対応">
            <value>◯</value>
          </Data>
          <Data name="種別">
            <value>2.冬期未開放(身障者非対応)</value>
          </Data>
        </ExtendedData>
        <Point>
          <coordinates>
            141.297222,42.955148,0
          </coordinates>
        </Point>
      </Placemark>
      <Placemark>
        <name>ときわ中央公園</name>
        <description><![CDATA[説明: 冬期開放: <br>冬期未開放: ◯<br>身障者対応: <br>身障者非対応: ◯<br>種別: 2.冬期未開放(身障者非対応)<br>冬期開放: <br>冬期未開放: ◯<br>身障者対応: <br>身障者非対応: ◯<br>種別: 2.冬期未開放(身障者非対応)]]></description>
        <styleUrl>#icon-1733-1A237E</styleUrl>
        <ExtendedData>
          <Data name="説明">
            <value>冬期開放: 
冬期未開放: ◯
身障者対応: 
身障者非対応: ◯
種別: 2.冬期未開放(身障者非対応)</value>
          </Data>
          <Data name="冬期開放">
            <value/>
          </Data>
          <Data name="冬期未開放">
            <value>◯</value>
          </Data>
          <Data name="身障者対応">
            <value/>
          </Data>
          <Data name="身障者非対応">
            <value>◯</value>
          </Data>
          <Data name="種別">
            <value>2.冬期未開放(身障者非対応)</value>
          </Data>
        </ExtendedData>
        <Point>
          <coordinates>
            141.346977,42.952455,0
          </coordinates>
        </Point>
      </Placemark>
      <Placemark>
        <name>簾舞ふれあい公園</name>
        <description><![CDATA[説明: 冬期開放: <br>冬期未開放: ◯<br>身障者対応: <br>身障者非対応: ◯<br>種別: 2.冬期未開放(身障者非対応)<br>冬期開放: <br>冬期未開放: ◯<br>身障者対応: <br>身障者非対応: ◯<br>種別: 2.冬期未開放(身障者非対応)]]></description>
        <styleUrl>#icon-1733-1A237E</styleUrl>
        <ExtendedData>
          <Data name="説明">
            <value>冬期開放: 
冬期未開放: ◯
身障者対応: 
身障者非対応: ◯
種別: 2.冬期未開放(身障者非対応)</value>
          </Data>
          <Data name="冬期開放">
            <value/>
          </Data>
          <Data name="冬期未開放">
            <value>◯</value>
          </Data>
          <Data name="身障者対応">
            <value/>
          </Data>
          <Data name="身障者非対応">
            <value>◯</value>
          </Data>
          <Data name="種別">
            <value>2.冬期未開放(身障者非対応)</value>
          </Data>
        </ExtendedData>
        <Point>
          <coordinates>
            141.261644,42.959839,0
          </coordinates>
        </Point>
      </Placemark>
      <Placemark>
        <name>澄川あさひ台公園</name>
        <description><![CDATA[説明: 冬期開放: <br>冬期未開放: ◯<br>身障者対応: ◯<br>身障者非対応: <br>種別: 4.身障者対応(冬期未開放)<br>冬期開放: <br>冬期未開放: ◯<br>身障者対応: ◯<br>身障者非対応: <br>種別: 4.身障者対応(冬期未開放)]]></description>
        <styleUrl>#icon-1735-1A237E</styleUrl>
        <ExtendedData>
          <Data name="説明">
            <value>冬期開放: 
冬期未開放: ◯
身障者対応: ◯
身障者非対応: 
種別: 4.身障者対応(冬期未開放)</value>
          </Data>
          <Data name="冬期開放">
            <value/>
          </Data>
          <Data name="冬期未開放">
            <value>◯</value>
          </Data>
          <Data name="身障者対応">
            <value>◯</value>
          </Data>
          <Data name="身障者非対応">
            <value/>
          </Data>
          <Data name="種別">
            <value>4.身障者対応(冬期未開放)</value>
          </Data>
        </ExtendedData>
        <Point>
          <coordinates>
            141.371972,42.996284,0
          </coordinates>
        </Point>
      </Placemark>
      <Placemark>
        <name>藤野やませみ公園</name>
        <description><![CDATA[説明: 冬期開放: <br>冬期未開放: ◯<br>身障者対応: <br>身障者非対応: ◯<br>種別: 2.冬期未開放(身障者非対応)<br>冬期開放: <br>冬期未開放: ◯<br>身障者対応: <br>身障者非対応: ◯<br>種別: 2.冬期未開放(身障者非対応)]]></description>
        <styleUrl>#icon-1733-1A237E</styleUrl>
        <ExtendedData>
          <Data name="説明">
            <value>冬期開放: 
冬期未開放: ◯
身障者対応: 
身障者非対応: ◯
種別: 2.冬期未開放(身障者非対応)</value>
          </Data>
          <Data name="冬期開放">
            <value/>
          </Data>
          <Data name="冬期未開放">
            <value>◯</value>
          </Data>
          <Data name="身障者対応">
            <value/>
          </Data>
          <Data name="身障者非対応">
            <value>◯</value>
          </Data>
          <Data name="種別">
            <value>2.冬期未開放(身障者非対応)</value>
          </Data>
        </ExtendedData>
        <Point>
          <coordinates>
            141.310813,42.95587,0
          </coordinates>
        </Point>
      </Placemark>
      <Placemark>
        <name>藤野ののさわ公園</name>
        <description><![CDATA[説明: 冬期開放: <br>冬期未開放: ◯<br>身障者対応: <br>身障者非対応: ◯<br>種別: 2.冬期未開放(身障者非対応)<br>冬期開放: <br>冬期未開放: ◯<br>身障者対応: <br>身障者非対応: ◯<br>種別: 2.冬期未開放(身障者非対応)]]></description>
        <styleUrl>#icon-1733-1A237E</styleUrl>
        <ExtendedData>
          <Data name="説明">
            <value>冬期開放: 
冬期未開放: ◯
身障者対応: 
身障者非対応: ◯
種別: 2.冬期未開放(身障者非対応)</value>
          </Data>
          <Data name="冬期開放">
            <value/>
          </Data>
          <Data name="冬期未開放">
            <value>◯</value>
          </Data>
          <Data name="身障者対応">
            <value/>
          </Data>
          <Data name="身障者非対応">
            <value>◯</value>
          </Data>
          <Data name="種別">
            <value>2.冬期未開放(身障者非対応)</value>
          </Data>
        </ExtendedData>
        <Point>
          <coordinates>
            141.284321,42.954798,0
          </coordinates>
        </Point>
      </Placemark>
      <Placemark>
        <name>とよたき公園</name>
        <description><![CDATA[説明: 冬期開放: <br>冬期未開放: ◯<br>身障者対応: ◯<br>身障者非対応: <br>種別: 4.身障者対応(冬期未開放)<br>冬期開放: <br>冬期未開放: ◯<br>身障者対応: ◯<br>身障者非対応: <br>種別: 4.身障者対応(冬期未開放)]]></description>
        <styleUrl>#icon-1735-1A237E</styleUrl>
        <ExtendedData>
          <Data name="説明">
            <value>冬期開放: 
冬期未開放: ◯
身障者対応: ◯
身障者非対応: 
種別: 4.身障者対応(冬期未開放)</value>
          </Data>
          <Data name="冬期開放">
            <value/>
          </Data>
          <Data name="冬期未開放">
            <value>◯</value>
          </Data>
          <Data name="身障者対応">
            <value>◯</value>
          </Data>
          <Data name="身障者非対応">
            <value/>
          </Data>
          <Data name="種別">
            <value>4.身障者対応(冬期未開放)</value>
          </Data>
        </ExtendedData>
        <Point>
          <coordinates>
            141.237309,42.953617,0
          </coordinates>
        </Point>
      </Placemark>
      <Placemark>
        <name>厚別北森林中央公園</name>
        <description><![CDATA[説明: 冬期開放: <br>冬期未開放: ◯<br>身障者対応: ◯<br>身障者非対応: <br>種別: 4.身障者対応(冬期未開放)<br>冬期開放: <br>冬期未開放: ◯<br>身障者対応: ◯<br>身障者非対応: <br>種別: 4.身障者対応(冬期未開放)]]></description>
        <styleUrl>#icon-1735-1A237E</styleUrl>
        <ExtendedData>
          <Data name="説明">
            <value>冬期開放: 
冬期未開放: ◯
身障者対応: ◯
身障者非対応: 
種別: 4.身障者対応(冬期未開放)</value>
          </Data>
          <Data name="冬期開放">
            <value/>
          </Data>
          <Data name="冬期未開放">
            <value>◯</value>
          </Data>
          <Data name="身障者対応">
            <value>◯</value>
          </Data>
          <Data name="身障者非対応">
            <value/>
          </Data>
          <Data name="種別">
            <value>4.身障者対応(冬期未開放)</value>
          </Data>
        </ExtendedData>
        <Point>
          <coordinates>
            141.473313,43.064748,0
          </coordinates>
        </Point>
      </Placemark>
      <Placemark>
        <name>星置星の子公園</name>
        <description><![CDATA[説明: 冬期開放: <br>冬期未開放: ◯<br>身障者対応: <br>身障者非対応: ◯<br>種別: 2.冬期未開放(身障者非対応)<br>冬期開放: <br>冬期未開放: ◯<br>身障者対応: <br>身障者非対応: ◯<br>種別: 2.冬期未開放(身障者非対応)]]></description>
        <styleUrl>#icon-1733-1A237E</styleUrl>
        <ExtendedData>
          <Data name="説明">
            <value>冬期開放: 
冬期未開放: ◯
身障者対応: 
身障者非対応: ◯
種別: 2.冬期未開放(身障者非対応)</value>
          </Data>
          <Data name="冬期開放">
            <value/>
          </Data>
          <Data name="冬期未開放">
            <value>◯</value>
          </Data>
          <Data name="身障者対応">
            <value/>
          </Data>
          <Data name="身障者非対応">
            <value>◯</value>
          </Data>
          <Data name="種別">
            <value>2.冬期未開放(身障者非対応)</value>
          </Data>
        </ExtendedData>
        <Point>
          <coordinates>
            141.206351,43.139455,0
          </coordinates>
        </Point>
      </Placemark>
      <Placemark>
        <name>新発寒すみれ公園</name>
        <description><![CDATA[説明: 冬期開放: <br>冬期未開放: ◯<br>身障者対応: <br>身障者非対応: ◯<br>種別: 2.冬期未開放(身障者非対応)<br>冬期開放: <br>冬期未開放: ◯<br>身障者対応: <br>身障者非対応: ◯<br>種別: 2.冬期未開放(身障者非対応)]]></description>
        <styleUrl>#icon-1733-1A237E</styleUrl>
        <ExtendedData>
          <Data name="説明">
            <value>冬期開放: 
冬期未開放: ◯
身障者対応: 
身障者非対応: ◯
種別: 2.冬期未開放(身障者非対応)</value>
          </Data>
          <Data name="冬期開放">
            <value/>
          </Data>
          <Data name="冬期未開放">
            <value>◯</value>
          </Data>
          <Data name="身障者対応">
            <value/>
          </Data>
          <Data name="身障者非対応">
            <value>◯</value>
          </Data>
          <Data name="種別">
            <value>2.冬期未開放(身障者非対応)</value>
          </Data>
        </ExtendedData>
        <Point>
          <coordinates>
            141.267517,43.123542,0
          </coordinates>
        </Point>
      </Placemark>
      <Placemark>
        <name>手稲フレンド公園</name>
        <description><![CDATA[説明: 冬期開放: <br>冬期未開放: ◯<br>身障者対応: <br>身障者非対応: ◯<br>種別: 2.冬期未開放(身障者非対応)<br>冬期開放: <br>冬期未開放: ◯<br>身障者対応: <br>身障者非対応: ◯<br>種別: 2.冬期未開放(身障者非対応)]]></description>
        <styleUrl>#icon-1733-1A237E</styleUrl>
        <ExtendedData>
          <Data name="説明">
            <value>冬期開放: 
冬期未開放: ◯
身障者対応: 
身障者非対応: ◯
種別: 2.冬期未開放(身障者非対応)</value>
          </Data>
          <Data name="冬期開放">
            <value/>
          </Data>
          <Data name="冬期未開放">
            <value>◯</value>
          </Data>
          <Data name="身障者対応">
            <value/>
          </Data>
          <Data name="身障者非対応">
            <value>◯</value>
          </Data>
          <Data name="種別">
            <value>2.冬期未開放(身障者非対応)</value>
          </Data>
        </ExtendedData>
        <Point>
          <coordinates>
            141.243082,43.133102,0
          </coordinates>
        </Point>
      </Placemark>
      <Placemark>
        <name>栄町ポプラ公園</name>
        <description><![CDATA[説明: 冬期開放: <br>冬期未開放: ◯<br>身障者対応: <br>身障者非対応: ◯<br>種別: 2.冬期未開放(身障者非対応)<br>冬期開放: <br>冬期未開放: ◯<br>身障者対応: <br>身障者非対応: ◯<br>種別: 2.冬期未開放(身障者非対応)]]></description>
        <styleUrl>#icon-1733-1A237E</styleUrl>
        <ExtendedData>
          <Data name="説明">
            <value>冬期開放: 
冬期未開放: ◯
身障者対応: 
身障者非対応: ◯
種別: 2.冬期未開放(身障者非対応)</value>
          </Data>
          <Data name="冬期開放">
            <value/>
          </Data>
          <Data name="冬期未開放">
            <value>◯</value>
          </Data>
          <Data name="身障者対応">
            <value/>
          </Data>
          <Data name="身障者非対応">
            <value>◯</value>
          </Data>
          <Data name="種別">
            <value>2.冬期未開放(身障者非対応)</value>
          </Data>
        </ExtendedData>
        <Point>
          <coordinates>
            141.35181,43.122756,0
          </coordinates>
        </Point>
      </Placemark>
      <Placemark>
        <name>東苗穂はやぶさ公園</name>
        <description><![CDATA[説明: 冬期開放: <br>冬期未開放: ◯<br>身障者対応: <br>身障者非対応: ◯<br>種別: 2.冬期未開放(身障者非対応)<br>冬期開放: <br>冬期未開放: ◯<br>身障者対応: <br>身障者非対応: ◯<br>種別: 2.冬期未開放(身障者非対応)]]></description>
        <styleUrl>#icon-1733-1A237E</styleUrl>
        <ExtendedData>
          <Data name="説明">
            <value>冬期開放: 
冬期未開放: ◯
身障者対応: 
身障者非対応: ◯
種別: 2.冬期未開放(身障者非対応)</value>
          </Data>
          <Data name="冬期開放">
            <value/>
          </Data>
          <Data name="冬期未開放">
            <value>◯</value>
          </Data>
          <Data name="身障者対応">
            <value/>
          </Data>
          <Data name="身障者非対応">
            <value>◯</value>
          </Data>
          <Data name="種別">
            <value>2.冬期未開放(身障者非対応)</value>
          </Data>
        </ExtendedData>
        <Point>
          <coordinates>
            141.415428,43.107492,0
          </coordinates>
        </Point>
      </Placemark>
      <Placemark>
        <name>丘珠みずとり公園</name>
        <description><![CDATA[説明: 冬期開放: <br>冬期未開放: ◯<br>身障者対応: <br>身障者非対応: ◯<br>種別: 2.冬期未開放(身障者非対応)<br>冬期開放: <br>冬期未開放: ◯<br>身障者対応: <br>身障者非対応: ◯<br>種別: 2.冬期未開放(身障者非対応)]]></description>
        <styleUrl>#icon-1733-1A237E</styleUrl>
        <ExtendedData>
          <Data name="説明">
            <value>冬期開放: 
冬期未開放: ◯
身障者対応: 
身障者非対応: ◯
種別: 2.冬期未開放(身障者非対応)</value>
          </Data>
          <Data name="冬期開放">
            <value/>
          </Data>
          <Data name="冬期未開放">
            <value>◯</value>
          </Data>
          <Data name="身障者対応">
            <value/>
          </Data>
          <Data name="身障者非対応">
            <value>◯</value>
          </Data>
          <Data name="種別">
            <value>2.冬期未開放(身障者非対応)</value>
          </Data>
        </ExtendedData>
        <Point>
          <coordinates>
            141.391057,43.101211,0
          </coordinates>
        </Point>
      </Placemark>
      <Placemark>
        <name>中沼団地第1公園</name>
        <description><![CDATA[説明: 冬期開放: <br>冬期未開放: ◯<br>身障者対応: <br>身障者非対応: ◯<br>種別: 2.冬期未開放(身障者非対応)<br>冬期開放: <br>冬期未開放: ◯<br>身障者対応: <br>身障者非対応: ◯<br>種別: 2.冬期未開放(身障者非対応)]]></description>
        <styleUrl>#icon-1733-1A237E</styleUrl>
        <ExtendedData>
          <Data name="説明">
            <value>冬期開放: 
冬期未開放: ◯
身障者対応: 
身障者非対応: ◯
種別: 2.冬期未開放(身障者非対応)</value>
          </Data>
          <Data name="冬期開放">
            <value/>
          </Data>
          <Data name="冬期未開放">
            <value>◯</value>
          </Data>
          <Data name="身障者対応">
            <value/>
          </Data>
          <Data name="身障者非対応">
            <value>◯</value>
          </Data>
          <Data name="種別">
            <value>2.冬期未開放(身障者非対応)</value>
          </Data>
        </ExtendedData>
        <Point>
          <coordinates>
            141.446071,43.131249,0
          </coordinates>
        </Point>
      </Placemark>
      <Placemark>
        <name>清田つどい公園</name>
        <description><![CDATA[説明: 冬期開放: <br>冬期未開放: ◯<br>身障者対応: ◯<br>身障者非対応: <br>種別: 4.身障者対応(冬期未開放)<br>冬期開放: <br>冬期未開放: ◯<br>身障者対応: ◯<br>身障者非対応: <br>種別: 4.身障者対応(冬期未開放)]]></description>
        <styleUrl>#icon-1735-1A237E</styleUrl>
        <ExtendedData>
          <Data name="説明">
            <value>冬期開放: 
冬期未開放: ◯
身障者対応: ◯
身障者非対応: 
種別: 4.身障者対応(冬期未開放)</value>
          </Data>
          <Data name="冬期開放">
            <value/>
          </Data>
          <Data name="冬期未開放">
            <value>◯</value>
          </Data>
          <Data name="身障者対応">
            <value>◯</value>
          </Data>
          <Data name="身障者非対応">
            <value/>
          </Data>
          <Data name="種別">
            <value>4.身障者対応(冬期未開放)</value>
          </Data>
        </ExtendedData>
        <Point>
          <coordinates>
            141.424255,42.980604,0
          </coordinates>
        </Point>
      </Placemark>
      <Placemark>
        <name>東里塚みどり公園</name>
        <description><![CDATA[説明: 冬期開放: <br>冬期未開放: ◯<br>身障者対応: <br>身障者非対応: ◯<br>種別: 2.冬期未開放(身障者非対応)<br>冬期開放: <br>冬期未開放: ◯<br>身障者対応: <br>身障者非対応: ◯<br>種別: 2.冬期未開放(身障者非対応)]]></description>
        <styleUrl>#icon-1733-1A237E</styleUrl>
        <ExtendedData>
          <Data name="説明">
            <value>冬期開放: 
冬期未開放: ◯
身障者対応: 
身障者非対応: ◯
種別: 2.冬期未開放(身障者非対応)</value>
          </Data>
          <Data name="冬期開放">
            <value/>
          </Data>
          <Data name="冬期未開放">
            <value>◯</value>
          </Data>
          <Data name="身障者対応">
            <value/>
          </Data>
          <Data name="身障者非対応">
            <value>◯</value>
          </Data>
          <Data name="種別">
            <value>2.冬期未開放(身障者非対応)</value>
          </Data>
        </ExtendedData>
        <Point>
          <coordinates>
            141.474056,42.989638,0
          </coordinates>
        </Point>
      </Placemark>
      <Placemark>
        <name>菊水元町夕やけ公園</name>
        <description><![CDATA[説明: 冬期開放: <br>冬期未開放: ◯<br>身障者対応: <br>身障者非対応: ◯<br>種別: 2.冬期未開放(身障者非対応)<br>冬期開放: <br>冬期未開放: ◯<br>身障者対応: <br>身障者非対応: ◯<br>種別: 2.冬期未開放(身障者非対応)]]></description>
        <styleUrl>#icon-1733-1A237E</styleUrl>
        <ExtendedData>
          <Data name="説明">
            <value>冬期開放: 
冬期未開放: ◯
身障者対応: 
身障者非対応: ◯
種別: 2.冬期未開放(身障者非対応)</value>
          </Data>
          <Data name="冬期開放">
            <value/>
          </Data>
          <Data name="冬期未開放">
            <value>◯</value>
          </Data>
          <Data name="身障者対応">
            <value/>
          </Data>
          <Data name="身障者非対応">
            <value>◯</value>
          </Data>
          <Data name="種別">
            <value>2.冬期未開放(身障者非対応)</value>
          </Data>
        </ExtendedData>
        <Point>
          <coordinates>
            141.402666,43.07047,0
          </coordinates>
        </Point>
      </Placemark>
      <Placemark>
        <name>米里公園</name>
        <description><![CDATA[説明: 冬期開放: <br>冬期未開放: ◯<br>身障者対応: ◯<br>身障者非対応: <br>種別: 4.身障者対応(冬期未開放)<br>冬期開放: <br>冬期未開放: ◯<br>身障者対応: ◯<br>身障者非対応: <br>種別: 4.身障者対応(冬期未開放)]]></description>
        <styleUrl>#icon-1735-1A237E</styleUrl>
        <ExtendedData>
          <Data name="説明">
            <value>冬期開放: 
冬期未開放: ◯
身障者対応: ◯
身障者非対応: 
種別: 4.身障者対応(冬期未開放)</value>
          </Data>
          <Data name="冬期開放">
            <value/>
          </Data>
          <Data name="冬期未開放">
            <value>◯</value>
          </Data>
          <Data name="身障者対応">
            <value>◯</value>
          </Data>
          <Data name="身障者非対応">
            <value/>
          </Data>
          <Data name="種別">
            <value>4.身障者対応(冬期未開放)</value>
          </Data>
        </ExtendedData>
        <Point>
          <coordinates>
            141.415281,43.077955,0
          </coordinates>
        </Point>
      </Placemark>
      <Placemark>
        <name>北郷むつき公園</name>
        <description><![CDATA[説明: 冬期開放: ◯<br>冬期未開放: <br>身障者対応: <br>身障者非対応: ◯<br>種別: 1.冬期開放(身障者非対応)<br>冬期開放: ◯<br>冬期未開放: <br>身障者対応: <br>身障者非対応: ◯<br>種別: 1.冬期開放(身障者非対応)]]></description>
        <styleUrl>#icon-1733-A52714</styleUrl>
        <ExtendedData>
          <Data name="説明">
            <value>冬期開放: ◯
冬期未開放: 
身障者対応: 
身障者非対応: ◯
種別: 1.冬期開放(身障者非対応)</value>
          </Data>
          <Data name="冬期開放">
            <value>◯</value>
          </Data>
          <Data name="冬期未開放">
            <value/>
          </Data>
          <Data name="身障者対応">
            <value/>
          </Data>
          <Data name="身障者非対応">
            <value>◯</value>
          </Data>
          <Data name="種別">
            <value>1.冬期開放(身障者非対応)</value>
          </Data>
        </ExtendedData>
        <Point>
          <coordinates>
            141.423409,43.059817,0
          </coordinates>
        </Point>
      </Placemark>
      <Placemark>
        <name>米里第2公園</name>
        <description><![CDATA[説明: 冬期開放: <br>冬期未開放: ◯<br>身障者対応: <br>身障者非対応: ◯<br>種別: 2.冬期未開放(身障者非対応)<br>冬期開放: <br>冬期未開放: ◯<br>身障者対応: <br>身障者非対応: ◯<br>種別: 2.冬期未開放(身障者非対応)]]></description>
        <styleUrl>#icon-1733-1A237E</styleUrl>
        <ExtendedData>
          <Data name="説明">
            <value>冬期開放: 
冬期未開放: ◯
身障者対応: 
身障者非対応: ◯
種別: 2.冬期未開放(身障者非対応)</value>
          </Data>
          <Data name="冬期開放">
            <value/>
          </Data>
          <Data name="冬期未開放">
            <value>◯</value>
          </Data>
          <Data name="身障者対応">
            <value/>
          </Data>
          <Data name="身障者非対応">
            <value>◯</value>
          </Data>
          <Data name="種別">
            <value>2.冬期未開放(身障者非対応)</value>
          </Data>
        </ExtendedData>
        <Point>
          <coordinates>
            141.42053,43.071604,0
          </coordinates>
        </Point>
      </Placemark>
      <Placemark>
        <name>福住ふれあい公園</name>
        <description><![CDATA[説明: 冬期開放: ◯<br>冬期未開放: <br>身障者対応: <br>身障者非対応: ◯<br>種別: 1.冬期開放(身障者非対応)<br>冬期開放: ◯<br>冬期未開放: <br>身障者対応: <br>身障者非対応: ◯<br>種別: 1.冬期開放(身障者非対応)]]></description>
        <styleUrl>#icon-1733-A52714</styleUrl>
        <ExtendedData>
          <Data name="説明">
            <value>冬期開放: ◯
冬期未開放: 
身障者対応: 
身障者非対応: ◯
種別: 1.冬期開放(身障者非対応)</value>
          </Data>
          <Data name="冬期開放">
            <value>◯</value>
          </Data>
          <Data name="冬期未開放">
            <value/>
          </Data>
          <Data name="身障者対応">
            <value/>
          </Data>
          <Data name="身障者非対応">
            <value>◯</value>
          </Data>
          <Data name="種別">
            <value>1.冬期開放(身障者非対応)</value>
          </Data>
        </ExtendedData>
        <Point>
          <coordinates>
            141.395687,43.010479,0
          </coordinates>
        </Point>
      </Placemark>
      <Placemark>
        <name>あいの里・福移の森緑地</name>
        <description><![CDATA[説明: 冬期開放: <br>冬期未開放: ◯<br>身障者対応: ◯<br>身障者非対応: <br>種別: 4.身障者対応(冬期未開放)<br>冬期開放: <br>冬期未開放: ◯<br>身障者対応: ◯<br>身障者非対応: <br>種別: 4.身障者対応(冬期未開放)]]></description>
        <styleUrl>#icon-1735-1A237E</styleUrl>
        <ExtendedData>
          <Data name="説明">
            <value>冬期開放: 
冬期未開放: ◯
身障者対応: ◯
身障者非対応: 
種別: 4.身障者対応(冬期未開放)</value>
          </Data>
          <Data name="冬期開放">
            <value/>
          </Data>
          <Data name="冬期未開放">
            <value>◯</value>
          </Data>
          <Data name="身障者対応">
            <value>◯</value>
          </Data>
          <Data name="身障者非対応">
            <value/>
          </Data>
          <Data name="種別">
            <value>4.身障者対応(冬期未開放)</value>
          </Data>
        </ExtendedData>
        <Point>
          <coordinates>
            141.422524,43.15299,0
          </coordinates>
        </Point>
      </Placemark>
      <Placemark>
        <name>山口緑地</name>
        <description><![CDATA[説明: 冬期開放: <br>冬期未開放: ◯<br>身障者対応: ◯<br>身障者非対応: <br>種別: 4.身障者対応(冬期未開放)<br>冬期開放: <br>冬期未開放: ◯<br>身障者対応: ◯<br>身障者非対応: <br>種別: 4.身障者対応(冬期未開放)]]></description>
        <styleUrl>#icon-1735-1A237E</styleUrl>
        <ExtendedData>
          <Data name="説明">
            <value>冬期開放: 
冬期未開放: ◯
身障者対応: ◯
身障者非対応: 
種別: 4.身障者対応(冬期未開放)</value>
          </Data>
          <Data name="冬期開放">
            <value/>
          </Data>
          <Data name="冬期未開放">
            <value>◯</value>
          </Data>
          <Data name="身障者対応">
            <value>◯</value>
          </Data>
          <Data name="身障者非対応">
            <value/>
          </Data>
          <Data name="種別">
            <value>4.身障者対応(冬期未開放)</value>
          </Data>
        </ExtendedData>
        <Point>
          <coordinates>
            141.2199773,43.1513538,0
          </coordinates>
        </Point>
      </Placemark>
      <Placemark>
        <name>東雁来公園</name>
        <description><![CDATA[説明: 冬期開放: <br>冬期未開放: ◯<br>身障者対応: ◯<br>身障者非対応: <br>種別: 4.身障者対応(冬期未開放)<br>冬期開放: <br>冬期未開放: ◯<br>身障者対応: ◯<br>身障者非対応: <br>種別: 4.身障者対応(冬期未開放)]]></description>
        <styleUrl>#icon-1735-1A237E</styleUrl>
        <ExtendedData>
          <Data name="説明">
            <value>冬期開放: 
冬期未開放: ◯
身障者対応: ◯
身障者非対応: 
種別: 4.身障者対応(冬期未開放)</value>
          </Data>
          <Data name="冬期開放">
            <value/>
          </Data>
          <Data name="冬期未開放">
            <value>◯</value>
          </Data>
          <Data name="身障者対応">
            <value>◯</value>
          </Data>
          <Data name="身障者非対応">
            <value/>
          </Data>
          <Data name="種別">
            <value>4.身障者対応(冬期未開放)</value>
          </Data>
        </ExtendedData>
        <Point>
          <coordinates>
            141.435957,43.100265,0
          </coordinates>
        </Point>
      </Placemark>
      <Placemark>
        <name>東雁来公園</name>
        <description><![CDATA[説明: 冬期開放: <br>冬期未開放: ◯<br>身障者対応: ◯<br>身障者非対応: <br>種別: 4.身障者対応(冬期未開放)<br>冬期開放: <br>冬期未開放: ◯<br>身障者対応: ◯<br>身障者非対応: <br>種別: 4.身障者対応(冬期未開放)]]></description>
        <styleUrl>#icon-1735-1A237E</styleUrl>
        <ExtendedData>
          <Data name="説明">
            <value>冬期開放: 
冬期未開放: ◯
身障者対応: ◯
身障者非対応: 
種別: 4.身障者対応(冬期未開放)</value>
          </Data>
          <Data name="冬期開放">
            <value/>
          </Data>
          <Data name="冬期未開放">
            <value>◯</value>
          </Data>
          <Data name="身障者対応">
            <value>◯</value>
          </Data>
          <Data name="身障者非対応">
            <value/>
          </Data>
          <Data name="種別">
            <value>4.身障者対応(冬期未開放)</value>
          </Data>
        </ExtendedData>
        <Point>
          <coordinates>
            141.435957,43.100265,0
          </coordinates>
        </Point>
      </Placemark>
      <Placemark>
        <name>山鼻公園</name>
        <description><![CDATA[説明: 冬期開放: ◯<br>冬期未開放: <br>身障者対応: <br>身障者非対応: ◯<br>種別: 1.冬期開放(身障者非対応)<br>冬期開放: ◯<br>冬期未開放: <br>身障者対応: <br>身障者非対応: ◯<br>種別: 1.冬期開放(身障者非対応)]]></description>
        <styleUrl>#icon-1733-A52714</styleUrl>
        <ExtendedData>
          <Data name="説明">
            <value>冬期開放: ◯
冬期未開放: 
身障者対応: 
身障者非対応: ◯
種別: 1.冬期開放(身障者非対応)</value>
          </Data>
          <Data name="冬期開放">
            <value>◯</value>
          </Data>
          <Data name="冬期未開放">
            <value/>
          </Data>
          <Data name="身障者対応">
            <value/>
          </Data>
          <Data name="身障者非対応">
            <value>◯</value>
          </Data>
          <Data name="種別">
            <value>1.冬期開放(身障者非対応)</value>
          </Data>
        </ExtendedData>
        <Point>
          <coordinates>
            141.344981,43.040465,0
          </coordinates>
        </Point>
      </Placemark>
      <Placemark>
        <name>日新公園</name>
        <description><![CDATA[説明: 冬期開放: ◯<br>冬期未開放: <br>身障者対応: ◯<br>身障者非対応: <br>種別: 3.身障者対応(冬期開放)<br>冬期開放: ◯<br>冬期未開放: <br>身障者対応: ◯<br>身障者非対応: <br>種別: 3.身障者対応(冬期開放)]]></description>
        <styleUrl>#icon-1735-A52714</styleUrl>
        <ExtendedData>
          <Data name="説明">
            <value>冬期開放: ◯
冬期未開放: 
身障者対応: ◯
身障者非対応: 
種別: 3.身障者対応(冬期開放)</value>
          </Data>
          <Data name="冬期開放">
            <value>◯</value>
          </Data>
          <Data name="冬期未開放">
            <value/>
          </Data>
          <Data name="身障者対応">
            <value>◯</value>
          </Data>
          <Data name="身障者非対応">
            <value/>
          </Data>
          <Data name="種別">
            <value>3.身障者対応(冬期開放)</value>
          </Data>
        </ExtendedData>
        <Point>
          <coordinates>
            141.315977,43.067539,0
          </coordinates>
        </Point>
      </Placemark>
      <Placemark>
        <name>やちだも公園</name>
        <description><![CDATA[説明: 冬期開放: <br>冬期未開放: ◯<br>身障者対応: ◯<br>身障者非対応: <br>種別: 4.身障者対応(冬期未開放)<br>冬期開放: <br>冬期未開放: ◯<br>身障者対応: ◯<br>身障者非対応: <br>種別: 4.身障者対応(冬期未開放)]]></description>
        <styleUrl>#icon-1735-1A237E</styleUrl>
        <ExtendedData>
          <Data name="説明">
            <value>冬期開放: 
冬期未開放: ◯
身障者対応: ◯
身障者非対応: 
種別: 4.身障者対応(冬期未開放)</value>
          </Data>
          <Data name="冬期開放">
            <value/>
          </Data>
          <Data name="冬期未開放">
            <value>◯</value>
          </Data>
          <Data name="身障者対応">
            <value>◯</value>
          </Data>
          <Data name="身障者非対応">
            <value/>
          </Data>
          <Data name="種別">
            <value>4.身障者対応(冬期未開放)</value>
          </Data>
        </ExtendedData>
        <Point>
          <coordinates>
            141.320096,43.066149,0
          </coordinates>
        </Point>
      </Placemark>
      <Placemark>
        <name>宮の森杉の子公園</name>
        <description><![CDATA[説明: 冬期開放: ◯<br>冬期未開放: <br>身障者対応: ◯<br>身障者非対応: <br>種別: 3.身障者対応(冬期開放)<br>冬期開放: ◯<br>冬期未開放: <br>身障者対応: ◯<br>身障者非対応: <br>種別: 3.身障者対応(冬期開放)]]></description>
        <styleUrl>#icon-1735-A52714</styleUrl>
        <ExtendedData>
          <Data name="説明">
            <value>冬期開放: ◯
冬期未開放: 
身障者対応: ◯
身障者非対応: 
種別: 3.身障者対応(冬期開放)</value>
          </Data>
          <Data name="冬期開放">
            <value>◯</value>
          </Data>
          <Data name="冬期未開放">
            <value/>
          </Data>
          <Data name="身障者対応">
            <value>◯</value>
          </Data>
          <Data name="身障者非対応">
            <value/>
          </Data>
          <Data name="種別">
            <value>3.身障者対応(冬期開放)</value>
          </Data>
        </ExtendedData>
        <Point>
          <coordinates>
            141.302138,43.060259,0
          </coordinates>
        </Point>
      </Placemark>
      <Placemark>
        <name>幌西自転車公園</name>
        <description><![CDATA[説明: 冬期開放: ◯<br>冬期未開放: <br>身障者対応: <br>身障者非対応: ◯<br>種別: 1.冬期開放(身障者非対応)<br>冬期開放: ◯<br>冬期未開放: <br>身障者対応: <br>身障者非対応: ◯<br>種別: 1.冬期開放(身障者非対応)]]></description>
        <styleUrl>#icon-1733-A52714</styleUrl>
        <ExtendedData>
          <Data name="説明">
            <value>冬期開放: ◯
冬期未開放: 
身障者対応: 
身障者非対応: ◯
種別: 1.冬期開放(身障者非対応)</value>
          </Data>
          <Data name="冬期開放">
            <value>◯</value>
          </Data>
          <Data name="冬期未開放">
            <value/>
          </Data>
          <Data name="身障者対応">
            <value/>
          </Data>
          <Data name="身障者非対応">
            <value>◯</value>
          </Data>
          <Data name="種別">
            <value>1.冬期開放(身障者非対応)</value>
          </Data>
        </ExtendedData>
        <Point>
          <coordinates>
            141.331538,43.039944,0
          </coordinates>
        </Point>
      </Placemark>
      <Placemark>
        <name>若草公園</name>
        <description><![CDATA[説明: 冬期開放: ◯<br>冬期未開放: <br>身障者対応: <br>身障者非対応: ◯<br>種別: 1.冬期開放(身障者非対応)<br>冬期開放: ◯<br>冬期未開放: <br>身障者対応: <br>身障者非対応: ◯<br>種別: 1.冬期開放(身障者非対応)]]></description>
        <styleUrl>#icon-1733-A52714</styleUrl>
        <ExtendedData>
          <Data name="説明">
            <value>冬期開放: ◯
冬期未開放: 
身障者対応: 
身障者非対応: ◯
種別: 1.冬期開放(身障者非対応)</value>
          </Data>
          <Data name="冬期開放">
            <value>◯</value>
          </Data>
          <Data name="冬期未開放">
            <value/>
          </Data>
          <Data name="身障者対応">
            <value/>
          </Data>
          <Data name="身障者非対応">
            <value>◯</value>
          </Data>
          <Data name="種別">
            <value>1.冬期開放(身障者非対応)</value>
          </Data>
        </ExtendedData>
        <Point>
          <coordinates>
            141.339064,43.091679,0
          </coordinates>
        </Point>
      </Placemark>
      <Placemark>
        <name>あいの里たつのこ公園</name>
        <description><![CDATA[説明: 冬期開放: <br>冬期未開放: ◯<br>身障者対応: <br>身障者非対応: ◯<br>種別: 2.冬期未開放(身障者非対応)<br>冬期開放: <br>冬期未開放: ◯<br>身障者対応: <br>身障者非対応: ◯<br>種別: 2.冬期未開放(身障者非対応)]]></description>
        <styleUrl>#icon-1733-1A237E</styleUrl>
        <ExtendedData>
          <Data name="説明">
            <value>冬期開放: 
冬期未開放: ◯
身障者対応: 
身障者非対応: ◯
種別: 2.冬期未開放(身障者非対応)</value>
          </Data>
          <Data name="冬期開放">
            <value/>
          </Data>
          <Data name="冬期未開放">
            <value>◯</value>
          </Data>
          <Data name="身障者対応">
            <value/>
          </Data>
          <Data name="身障者非対応">
            <value>◯</value>
          </Data>
          <Data name="種別">
            <value>2.冬期未開放(身障者非対応)</value>
          </Data>
        </ExtendedData>
        <Point>
          <coordinates>
            141.405008,43.163638,0
          </coordinates>
        </Point>
      </Placemark>
      <Placemark>
        <name>大友公園</name>
        <description><![CDATA[説明: 冬期開放: <br>冬期未開放: ◯<br>身障者対応: <br>身障者非対応: ◯<br>種別: 2.冬期未開放(身障者非対応)<br>冬期開放: <br>冬期未開放: ◯<br>身障者対応: <br>身障者非対応: ◯<br>種別: 2.冬期未開放(身障者非対応)]]></description>
        <styleUrl>#icon-1733-1A237E</styleUrl>
        <ExtendedData>
          <Data name="説明">
            <value>冬期開放: 
冬期未開放: ◯
身障者対応: 
身障者非対応: ◯
種別: 2.冬期未開放(身障者非対応)</value>
          </Data>
          <Data name="冬期開放">
            <value/>
          </Data>
          <Data name="冬期未開放">
            <value>◯</value>
          </Data>
          <Data name="身障者対応">
            <value/>
          </Data>
          <Data name="身障者非対応">
            <value>◯</value>
          </Data>
          <Data name="種別">
            <value>2.冬期未開放(身障者非対応)</value>
          </Data>
        </ExtendedData>
        <Point>
          <coordinates>
            141.377691,43.080928,0
          </coordinates>
        </Point>
      </Placemark>
      <Placemark>
        <name>札苗公園</name>
        <description><![CDATA[説明: 冬期開放: ◯<br>冬期未開放: <br>身障者対応: <br>身障者非対応: ◯<br>種別: 1.冬期開放(身障者非対応)<br>冬期開放: ◯<br>冬期未開放: <br>身障者対応: <br>身障者非対応: ◯<br>種別: 1.冬期開放(身障者非対応)]]></description>
        <styleUrl>#icon-1733-A52714</styleUrl>
        <ExtendedData>
          <Data name="説明">
            <value>冬期開放: ◯
冬期未開放: 
身障者対応: 
身障者非対応: ◯
種別: 1.冬期開放(身障者非対応)</value>
          </Data>
          <Data name="冬期開放">
            <value>◯</value>
          </Data>
          <Data name="冬期未開放">
            <value/>
          </Data>
          <Data name="身障者対応">
            <value/>
          </Data>
          <Data name="身障者非対応">
            <value>◯</value>
          </Data>
          <Data name="種別">
            <value>1.冬期開放(身障者非対応)</value>
          </Data>
        </ExtendedData>
        <Point>
          <coordinates>
            141.415942,43.097146,0
          </coordinates>
        </Point>
      </Placemark>
      <Placemark>
        <name>北19条そよかぜ公園</name>
        <description><![CDATA[説明: 冬期開放: <br>冬期未開放: ◯<br>身障者対応: ◯<br>身障者非対応: <br>種別: 4.身障者対応(冬期未開放)<br>冬期開放: <br>冬期未開放: ◯<br>身障者対応: ◯<br>身障者非対応: <br>種別: 4.身障者対応(冬期未開放)]]></description>
        <styleUrl>#icon-1735-1A237E</styleUrl>
        <ExtendedData>
          <Data name="説明">
            <value>冬期開放: 
冬期未開放: ◯
身障者対応: ◯
身障者非対応: 
種別: 4.身障者対応(冬期未開放)</value>
          </Data>
          <Data name="冬期開放">
            <value/>
          </Data>
          <Data name="冬期未開放">
            <value>◯</value>
          </Data>
          <Data name="身障者対応">
            <value>◯</value>
          </Data>
          <Data name="身障者非対応">
            <value/>
          </Data>
          <Data name="種別">
            <value>4.身障者対応(冬期未開放)</value>
          </Data>
        </ExtendedData>
        <Point>
          <coordinates>
            141.382995,43.086037,0
          </coordinates>
        </Point>
      </Placemark>
      <Placemark>
        <name>白石ふじ公園</name>
        <description><![CDATA[説明: 冬期開放: <br>冬期未開放: ◯<br>身障者対応:◯ <br>身障者非対応: <br>種別: 2.冬期未開放(身障者非対応)<br>冬期開放: <br>冬期未開放: ◯<br>身障者対応: ◯<br>身障者非対応: <br>種別: 4.身障者対応(冬期未開放)]]></description>
        <styleUrl>#icon-1735-1A237E</styleUrl>
        <ExtendedData>
          <Data name="説明">
            <value>冬期開放: 
冬期未開放: ◯
身障者対応:◯ 
身障者非対応: 
種別: 2.冬期未開放(身障者非対応)</value>
          </Data>
          <Data name="冬期開放">
            <value/>
          </Data>
          <Data name="冬期未開放">
            <value>◯</value>
          </Data>
          <Data name="身障者対応">
            <value>◯</value>
          </Data>
          <Data name="身障者非対応">
            <value/>
          </Data>
          <Data name="種別">
            <value>4.身障者対応(冬期未開放)</value>
          </Data>
        </ExtendedData>
        <Point>
          <coordinates>
            141.41726,43.033548,0
          </coordinates>
        </Point>
      </Placemark>
      <Placemark>
        <name>やなぎ公園</name>
        <description><![CDATA[説明: 冬期開放: <br>冬期未開放: ◯<br>身障者対応: <br>身障者非対応: ◯<br>種別: 2.冬期未開放(身障者非対応)<br>冬期開放: <br>冬期未開放: ◯<br>身障者対応: <br>身障者非対応: ◯<br>種別: 2.冬期未開放(身障者非対応)]]></description>
        <styleUrl>#icon-1733-1A237E</styleUrl>
        <ExtendedData>
          <Data name="説明">
            <value>冬期開放: 
冬期未開放: ◯
身障者対応: 
身障者非対応: ◯
種別: 2.冬期未開放(身障者非対応)</value>
          </Data>
          <Data name="冬期開放">
            <value/>
          </Data>
          <Data name="冬期未開放">
            <value>◯</value>
          </Data>
          <Data name="身障者対応">
            <value/>
          </Data>
          <Data name="身障者非対応">
            <value>◯</value>
          </Data>
          <Data name="種別">
            <value>2.冬期未開放(身障者非対応)</value>
          </Data>
        </ExtendedData>
        <Point>
          <coordinates>
            141.416132,43.051903,0
          </coordinates>
        </Point>
      </Placemark>
      <Placemark>
        <name>若葉公園</name>
        <description><![CDATA[説明: 冬期開放: <br>冬期未開放: ◯<br>身障者対応: <br>身障者非対応: ◯<br>種別: 2.冬期未開放(身障者非対応)<br>冬期開放: <br>冬期未開放: ◯<br>身障者対応: <br>身障者非対応: ◯<br>種別: 2.冬期未開放(身障者非対応)]]></description>
        <styleUrl>#icon-1733-1A237E</styleUrl>
        <ExtendedData>
          <Data name="説明">
            <value>冬期開放: 
冬期未開放: ◯
身障者対応: 
身障者非対応: ◯
種別: 2.冬期未開放(身障者非対応)</value>
          </Data>
          <Data name="冬期開放">
            <value/>
          </Data>
          <Data name="冬期未開放">
            <value>◯</value>
          </Data>
          <Data name="身障者対応">
            <value/>
          </Data>
          <Data name="身障者非対応">
            <value>◯</value>
          </Data>
          <Data name="種別">
            <value>2.冬期未開放(身障者非対応)</value>
          </Data>
        </ExtendedData>
        <Point>
          <coordinates>
            141.379419,43.058723,0
          </coordinates>
        </Point>
      </Placemark>
      <Placemark>
        <name>吉田山公園</name>
        <description><![CDATA[説明: 冬期開放: <br>冬期未開放: ◯<br>身障者対応: ◯<br>身障者非対応: <br>種別: 4.身障者対応(冬期未開放)<br>冬期開放: <br>冬期未開放: ◯<br>身障者対応: ◯<br>身障者非対応: <br>種別: 4.身障者対応(冬期未開放)]]></description>
        <styleUrl>#icon-1735-1A237E</styleUrl>
        <ExtendedData>
          <Data name="説明">
            <value>冬期開放: 
冬期未開放: ◯
身障者対応: ◯
身障者非対応: 
種別: 4.身障者対応(冬期未開放)</value>
          </Data>
          <Data name="冬期開放">
            <value/>
          </Data>
          <Data name="冬期未開放">
            <value>◯</value>
          </Data>
          <Data name="身障者対応">
            <value>◯</value>
          </Data>
          <Data name="身障者非対応">
            <value/>
          </Data>
          <Data name="種別">
            <value>4.身障者対応(冬期未開放)</value>
          </Data>
        </ExtendedData>
        <Point>
          <coordinates>
            141.440001,43.028089,0
          </coordinates>
        </Point>
      </Placemark>
      <Placemark>
        <name>菊水上町わらしこ公園</name>
        <description><![CDATA[説明: 冬期開放: <br>冬期未開放: ◯<br>身障者対応: ◯<br>身障者非対応: <br>種別: 4.身障者対応(冬期未開放)<br>冬期開放: <br>冬期未開放: ◯<br>身障者対応: ◯<br>身障者非対応: <br>種別: 4.身障者対応(冬期未開放)]]></description>
        <styleUrl>#icon-1735-1A237E</styleUrl>
        <ExtendedData>
          <Data name="説明">
            <value>冬期開放: 
冬期未開放: ◯
身障者対応: ◯
身障者非対応: 
種別: 4.身障者対応(冬期未開放)</value>
          </Data>
          <Data name="冬期開放">
            <value/>
          </Data>
          <Data name="冬期未開放">
            <value>◯</value>
          </Data>
          <Data name="身障者対応">
            <value>◯</value>
          </Data>
          <Data name="身障者非対応">
            <value/>
          </Data>
          <Data name="種別">
            <value>4.身障者対応(冬期未開放)</value>
          </Data>
        </ExtendedData>
        <Point>
          <coordinates>
            141.390893,43.066702,0
          </coordinates>
        </Point>
      </Placemark>
      <Placemark>
        <name>澄川サニー公園</name>
        <description><![CDATA[説明: 冬期開放: <br>冬期未開放: ◯<br>身障者対応: ◯<br>身障者非対応: <br>種別: 4.身障者対応(冬期未開放)<br>冬期開放: <br>冬期未開放: ◯<br>身障者対応: ◯<br>身障者非対応: <br>種別: 4.身障者対応(冬期未開放)]]></description>
        <styleUrl>#icon-1735-1A237E</styleUrl>
        <ExtendedData>
          <Data name="説明">
            <value>冬期開放: 
冬期未開放: ◯
身障者対応: ◯
身障者非対応: 
種別: 4.身障者対応(冬期未開放)</value>
          </Data>
          <Data name="冬期開放">
            <value/>
          </Data>
          <Data name="冬期未開放">
            <value>◯</value>
          </Data>
          <Data name="身障者対応">
            <value>◯</value>
          </Data>
          <Data name="身障者非対応">
            <value/>
          </Data>
          <Data name="種別">
            <value>4.身障者対応(冬期未開放)</value>
          </Data>
        </ExtendedData>
        <Point>
          <coordinates>
            141.375447,43.010754,0
          </coordinates>
        </Point>
      </Placemark>
      <Placemark>
        <name>藤野みどり公園</name>
        <description><![CDATA[説明: 冬期開放: <br>冬期未開放: ◯<br>身障者対応: <br>身障者非対応: ◯<br>種別: 2.冬期未開放(身障者非対応)<br>冬期開放: <br>冬期未開放: ◯<br>身障者対応: <br>身障者非対応: ◯<br>種別: 2.冬期未開放(身障者非対応)]]></description>
        <styleUrl>#icon-1733-1A237E</styleUrl>
        <ExtendedData>
          <Data name="説明">
            <value>冬期開放: 
冬期未開放: ◯
身障者対応: 
身障者非対応: ◯
種別: 2.冬期未開放(身障者非対応)</value>
          </Data>
          <Data name="冬期開放">
            <value/>
          </Data>
          <Data name="冬期未開放">
            <value>◯</value>
          </Data>
          <Data name="身障者対応">
            <value/>
          </Data>
          <Data name="身障者非対応">
            <value>◯</value>
          </Data>
          <Data name="種別">
            <value>2.冬期未開放(身障者非対応)</value>
          </Data>
        </ExtendedData>
        <Point>
          <coordinates>
            141.290044,42.962778,0
          </coordinates>
        </Point>
      </Placemark>
      <Placemark>
        <name>石山ふれあい公園</name>
        <description><![CDATA[説明: 冬期開放: <br>冬期未開放: ◯<br>身障者対応: <br>身障者非対応: ◯<br>種別: 2.冬期未開放(身障者非対応)<br>冬期開放: <br>冬期未開放: ◯<br>身障者対応: <br>身障者非対応: ◯<br>種別: 2.冬期未開放(身障者非対応)]]></description>
        <styleUrl>#icon-1733-1A237E</styleUrl>
        <ExtendedData>
          <Data name="説明">
            <value>冬期開放: 
冬期未開放: ◯
身障者対応: 
身障者非対応: ◯
種別: 2.冬期未開放(身障者非対応)</value>
          </Data>
          <Data name="冬期開放">
            <value/>
          </Data>
          <Data name="冬期未開放">
            <value>◯</value>
          </Data>
          <Data name="身障者対応">
            <value/>
          </Data>
          <Data name="身障者非対応">
            <value>◯</value>
          </Data>
          <Data name="種別">
            <value>2.冬期未開放(身障者非対応)</value>
          </Data>
        </ExtendedData>
        <Point>
          <coordinates>
            141.322016,42.963547,0
          </coordinates>
        </Point>
      </Placemark>
      <Placemark>
        <name>桜公園</name>
        <description><![CDATA[説明: 冬期開放: <br>冬期未開放: ◯<br>身障者対応:◯ <br>身障者非対応: <br>種別: 2.冬期未開放(身障者非対応)<br>冬期開放: <br>冬期未開放: ◯<br>身障者対応: ◯<br>身障者非対応: <br>種別: 4.身障者対応(冬期未開放)]]></description>
        <styleUrl>#icon-1735-1A237E</styleUrl>
        <ExtendedData>
          <Data name="説明">
            <value>冬期開放: 
冬期未開放: ◯
身障者対応:◯ 
身障者非対応: 
種別: 2.冬期未開放(身障者非対応)</value>
          </Data>
          <Data name="冬期開放">
            <value/>
          </Data>
          <Data name="冬期未開放">
            <value>◯</value>
          </Data>
          <Data name="身障者対応">
            <value>◯</value>
          </Data>
          <Data name="身障者非対応">
            <value/>
          </Data>
          <Data name="種別">
            <value>4.身障者対応(冬期未開放)</value>
          </Data>
        </ExtendedData>
        <Point>
          <coordinates>
            141.286398,43.082627,0
          </coordinates>
        </Point>
      </Placemark>
      <Placemark>
        <name>東2条公園</name>
        <description><![CDATA[説明: 冬期開放: <br>冬期未開放: ◯<br>身障者対応: <br>身障者非対応: ◯<br>種別: 2.冬期未開放(身障者非対応)<br>冬期開放: <br>冬期未開放: ◯<br>身障者対応: <br>身障者非対応: ◯<br>種別: 2.冬期未開放(身障者非対応)]]></description>
        <styleUrl>#icon-1733-1A237E</styleUrl>
        <ExtendedData>
          <Data name="説明">
            <value>冬期開放: 
冬期未開放: ◯
身障者対応: 
身障者非対応: ◯
種別: 2.冬期未開放(身障者非対応)</value>
          </Data>
          <Data name="冬期開放">
            <value/>
          </Data>
          <Data name="冬期未開放">
            <value>◯</value>
          </Data>
          <Data name="身障者対応">
            <value/>
          </Data>
          <Data name="身障者非対応">
            <value>◯</value>
          </Data>
          <Data name="種別">
            <value>2.冬期未開放(身障者非対応)</value>
          </Data>
        </ExtendedData>
        <Point>
          <coordinates>
            141.402467,43.03284,0
          </coordinates>
        </Point>
      </Placemark>
      <Placemark>
        <name>丘珠空港緑地</name>
        <description><![CDATA[説明: 冬期開放: <br>冬期未開放: ◯<br>身障者対応: ◯<br>身障者非対応: <br>種別: 4.身障者対応(冬期未開放)<br>冬期開放: <br>冬期未開放: ◯<br>身障者対応: ◯<br>身障者非対応: <br>種別: 4.身障者対応(冬期未開放)]]></description>
        <styleUrl>#icon-1735-1A237E</styleUrl>
        <ExtendedData>
          <Data name="説明">
            <value>冬期開放: 
冬期未開放: ◯
身障者対応: ◯
身障者非対応: 
種別: 4.身障者対応(冬期未開放)</value>
          </Data>
          <Data name="冬期開放">
            <value/>
          </Data>
          <Data name="冬期未開放">
            <value>◯</value>
          </Data>
          <Data name="身障者対応">
            <value>◯</value>
          </Data>
          <Data name="身障者非対応">
            <value/>
          </Data>
          <Data name="種別">
            <value>4.身障者対応(冬期未開放)</value>
          </Data>
        </ExtendedData>
        <Point>
          <coordinates>
            141.3717009,43.1241074,0
          </coordinates>
        </Point>
      </Placemark>
      <Placemark>
        <name>丘珠空港緑地</name>
        <description><![CDATA[説明: 冬期開放: <br>冬期未開放: ◯<br>身障者対応:◯ <br>身障者非対応: <br>種別: 4.身障者対応(冬期未開放)<br>冬期開放: <br>冬期未開放: ◯<br>身障者対応: ◯<br>身障者非対応: <br>種別: 4.身障者対応(冬期未開放)]]></description>
        <styleUrl>#icon-1735-1A237E</styleUrl>
        <ExtendedData>
          <Data name="説明">
            <value>冬期開放: 
冬期未開放: ◯
身障者対応:◯ 
身障者非対応: 
種別: 4.身障者対応(冬期未開放)</value>
          </Data>
          <Data name="冬期開放">
            <value/>
          </Data>
          <Data name="冬期未開放">
            <value>◯</value>
          </Data>
          <Data name="身障者対応">
            <value>◯</value>
          </Data>
          <Data name="身障者非対応">
            <value/>
          </Data>
          <Data name="種別">
            <value>4.身障者対応(冬期未開放)</value>
          </Data>
        </ExtendedData>
        <Point>
          <coordinates>
            141.38994,43.109185,0
          </coordinates>
        </Point>
      </Placemark>
      <Placemark>
        <name>ポプラ通中央緑地</name>
        <description><![CDATA[説明: 冬期開放: <br>冬期未開放: ◯<br>身障者対応: <br>身障者非対応: ◯<br>種別: 2.冬期未開放(身障者非対応)<br>冬期開放: <br>冬期未開放: ◯<br>身障者対応: <br>身障者非対応: ◯<br>種別: 2.冬期未開放(身障者非対応)]]></description>
        <styleUrl>#icon-1733-1A237E</styleUrl>
        <ExtendedData>
          <Data name="説明">
            <value>冬期開放: 
冬期未開放: ◯
身障者対応: 
身障者非対応: ◯
種別: 2.冬期未開放(身障者非対応)</value>
          </Data>
          <Data name="冬期開放">
            <value/>
          </Data>
          <Data name="冬期未開放">
            <value>◯</value>
          </Data>
          <Data name="身障者対応">
            <value/>
          </Data>
          <Data name="身障者非対応">
            <value>◯</value>
          </Data>
          <Data name="種別">
            <value>2.冬期未開放(身障者非対応)</value>
          </Data>
        </ExtendedData>
        <Point>
          <coordinates>
            141.333188,43.122595,0
          </coordinates>
        </Point>
      </Placemark>
      <Placemark>
        <name>厚別山本公園</name>
        <description><![CDATA[説明: <br>冬期開放: <br>冬期未開放: 〇<br>身障者対応: <br>身障者非対応: 〇<br>種別: 4.身障者対応(冬期未開放)]]></description>
        <styleUrl>#icon-1735-1A237E</styleUrl>
        <ExtendedData>
          <Data name="説明">
            <value/>
          </Data>
          <Data name="冬期開放">
            <value/>
          </Data>
          <Data name="冬期未開放">
            <value>〇</value>
          </Data>
          <Data name="身障者対応">
            <value/>
          </Data>
          <Data name="身障者非対応">
            <value>〇</value>
          </Data>
          <Data name="種別">
            <value>4.身障者対応(冬期未開放)</value>
          </Data>
        </ExtendedData>
        <Point>
          <coordinates>
            141.4632203,43.0740946,0
          </coordinates>
        </Point>
      </Placemark>
      <Placemark>
        <name>厚別山本公園</name>
        <description><![CDATA[説明: <br>冬期開放: <br>冬期未開放: 〇<br>身障者対応: <br>身障者非対応: 〇<br>種別: 2.冬期未開放(身障者非対応)]]></description>
        <styleUrl>#icon-1733-1A237E</styleUrl>
        <ExtendedData>
          <Data name="説明">
            <value/>
          </Data>
          <Data name="冬期開放">
            <value/>
          </Data>
          <Data name="冬期未開放">
            <value>〇</value>
          </Data>
          <Data name="身障者対応">
            <value/>
          </Data>
          <Data name="身障者非対応">
            <value>〇</value>
          </Data>
          <Data name="種別">
            <value>2.冬期未開放(身障者非対応)</value>
          </Data>
        </ExtendedData>
        <Point>
          <coordinates>
            141.4640664,43.0722465,0
          </coordinates>
        </Point>
      </Placemark>
      <Placemark>
        <name>厚別山本公園</name>
        <description><![CDATA[説明: <br>冬期開放: <br>冬期未開放: 〇<br>身障者対応: <br>身障者非対応: 〇<br>種別: 2.冬期未開放(身障者非対応)]]></description>
        <styleUrl>#icon-1733-1A237E</styleUrl>
        <ExtendedData>
          <Data name="説明">
            <value/>
          </Data>
          <Data name="冬期開放">
            <value/>
          </Data>
          <Data name="冬期未開放">
            <value>〇</value>
          </Data>
          <Data name="身障者対応">
            <value/>
          </Data>
          <Data name="身障者非対応">
            <value>〇</value>
          </Data>
          <Data name="種別">
            <value>2.冬期未開放(身障者非対応)</value>
          </Data>
        </ExtendedData>
        <Point>
          <coordinates>
            141.4643959,43.0700064,0
          </coordinates>
        </Point>
      </Placemark>
      <Placemark>
        <name>藻南公園</name>
        <description><![CDATA[説明: 冬期開放: ◯<br>冬期未開放:<br>身障者対応:<br>身障者非対応:◯ <br>種別: 1.冬期開放(身障者非対応)<br>冬期開放: ◯<br>冬期未開放: <br>身障者対応: <br>身障者非対応: ◯<br>種別: 1.冬期開放(身障者非対応)]]></description>
        <styleUrl>#icon-1733-A52714</styleUrl>
        <ExtendedData>
          <Data name="説明">
            <value>冬期開放: ◯
冬期未開放:
身障者対応:
身障者非対応:◯ 
種別: 1.冬期開放(身障者非対応)</value>
          </Data>
          <Data name="冬期開放">
            <value>◯</value>
          </Data>
          <Data name="冬期未開放">
            <value/>
          </Data>
          <Data name="身障者対応">
            <value/>
          </Data>
          <Data name="身障者非対応">
            <value>◯</value>
          </Data>
          <Data name="種別">
            <value>1.冬期開放(身障者非対応)</value>
          </Data>
        </ExtendedData>
        <Point>
          <coordinates>
            141.3394591,42.983057,0
          </coordinates>
        </Point>
      </Placemark>
      <Placemark>
        <name>小金湯さくらの森</name>
        <description><![CDATA[説明: 冬期開放:<br>冬期未開放: ◯<br>身障者対応:◯<br>身障者非対応: <br>種別: 4.身障者対応(冬期未開放)<br>冬期開放: <br>冬期未開放: ◯<br>身障者対応: ◯<br>身障者非対応: <br>種別: 4.身障者対応(冬期未開放)]]></description>
        <styleUrl>#icon-1735-1A237E</styleUrl>
        <ExtendedData>
          <Data name="説明">
            <value>冬期開放:
冬期未開放: ◯
身障者対応:◯
身障者非対応: 
種別: 4.身障者対応(冬期未開放)</value>
          </Data>
          <Data name="冬期開放">
            <value/>
          </Data>
          <Data name="冬期未開放">
            <value>◯</value>
          </Data>
          <Data name="身障者対応">
            <value>◯</value>
          </Data>
          <Data name="身障者非対応">
            <value/>
          </Data>
          <Data name="種別">
            <value>4.身障者対応(冬期未開放)</value>
          </Data>
        </ExtendedData>
        <Point>
          <coordinates>
            141.2171121,42.9621788,0
          </coordinates>
        </Point>
      </Placemark>
      <Placemark>
        <name>豊平川緑地</name>
        <description><![CDATA[説明: 冬期開放:<br>冬期未開放: ◯<br>身障者対応:◯<br>身障者非対応: <br>種別: 4.身障者対応(冬期未開放)<br>冬期開放: <br>冬期未開放: 〇<br>身障者対応: 〇<br>身障者非対応: <br>種別: 4.身障者対応(冬期未開放)]]></description>
        <styleUrl>#icon-1735-1A237E</styleUrl>
        <ExtendedData>
          <Data name="説明">
            <value>冬期開放:
冬期未開放: ◯
身障者対応:◯
身障者非対応: 
種別: 4.身障者対応(冬期未開放)</value>
          </Data>
          <Data name="冬期開放">
            <value/>
          </Data>
          <Data name="冬期未開放">
            <value>〇</value>
          </Data>
          <Data name="身障者対応">
            <value>〇</value>
          </Data>
          <Data name="身障者非対応">
            <value/>
          </Data>
          <Data name="種別">
            <value>4.身障者対応(冬期未開放)</value>
          </Data>
        </ExtendedData>
        <Point>
          <coordinates>
            141.3512829,43.0217243,0
          </coordinates>
        </Point>
      </Placemark>
      <Placemark>
        <name>豊平川緑地</name>
        <description><![CDATA[説明: 冬期開放:<br>冬期未開放: ◯<br>身障者対応:<br>身障者非対応: ◯<br>種別: 2.冬期未開放(身障者非対応)<br>冬期開放: <br>冬期未開放: ◯<br>身障者対応: <br>身障者非対応: ◯<br>種別: 2.冬期未開放(身障者非対応)]]></description>
        <styleUrl>#icon-1733-1A237E</styleUrl>
        <ExtendedData>
          <Data name="説明">
            <value>冬期開放:
冬期未開放: ◯
身障者対応:
身障者非対応: ◯
種別: 2.冬期未開放(身障者非対応)</value>
          </Data>
          <Data name="冬期開放">
            <value/>
          </Data>
          <Data name="冬期未開放">
            <value>◯</value>
          </Data>
          <Data name="身障者対応">
            <value/>
          </Data>
          <Data name="身障者非対応">
            <value>◯</value>
          </Data>
          <Data name="種別">
            <value>2.冬期未開放(身障者非対応)</value>
          </Data>
        </ExtendedData>
        <Point>
          <coordinates>
            141.3906792,43.0679334,0
          </coordinates>
        </Point>
      </Placemark>
      <Placemark>
        <name>豊平川緑地</name>
        <description><![CDATA[説明: 冬期開放:<br>冬期未開放: ◯<br>身障者対応:<br>身障者非対応: ◯<br>種別: 2.冬期未開放(身障者非対応)<br>冬期開放: <br>冬期未開放: ◯<br>身障者対応: <br>身障者非対応: ◯<br>種別: 2.冬期未開放(身障者非対応)]]></description>
        <styleUrl>#icon-1733-1A237E</styleUrl>
        <ExtendedData>
          <Data name="説明">
            <value>冬期開放:
冬期未開放: ◯
身障者対応:
身障者非対応: ◯
種別: 2.冬期未開放(身障者非対応)</value>
          </Data>
          <Data name="冬期開放">
            <value/>
          </Data>
          <Data name="冬期未開放">
            <value>◯</value>
          </Data>
          <Data name="身障者対応">
            <value/>
          </Data>
          <Data name="身障者非対応">
            <value>◯</value>
          </Data>
          <Data name="種別">
            <value>2.冬期未開放(身障者非対応)</value>
          </Data>
        </ExtendedData>
        <Point>
          <coordinates>
            141.3934687,43.0685878,0
          </coordinates>
        </Point>
      </Placemark>
      <Placemark>
        <name>豊平川緑地</name>
        <description><![CDATA[説明: 冬期開放:<br>冬期未開放: ◯<br>身障者対応:<br>身障者非対応: ◯<br>種別: 2.冬期未開放(身障者非対応)<br>冬期開放: <br>冬期未開放: ◯<br>身障者対応: <br>身障者非対応: ◯<br>種別: 2.冬期未開放(身障者非対応)]]></description>
        <styleUrl>#icon-1733-1A237E</styleUrl>
        <ExtendedData>
          <Data name="説明">
            <value>冬期開放:
冬期未開放: ◯
身障者対応:
身障者非対応: ◯
種別: 2.冬期未開放(身障者非対応)</value>
          </Data>
          <Data name="冬期開放">
            <value/>
          </Data>
          <Data name="冬期未開放">
            <value>◯</value>
          </Data>
          <Data name="身障者対応">
            <value/>
          </Data>
          <Data name="身障者非対応">
            <value>◯</value>
          </Data>
          <Data name="種別">
            <value>2.冬期未開放(身障者非対応)</value>
          </Data>
        </ExtendedData>
        <Point>
          <coordinates>
            141.4020464,43.0704276,0
          </coordinates>
        </Point>
      </Placemark>
      <Placemark>
        <name>豊平川緑地</name>
        <description><![CDATA[説明: 冬期開放:<br>冬期未開放: ◯<br>身障者対応:<br>身障者非対応: ◯<br>種別: 2.冬期未開放(身障者非対応)<br>冬期開放: <br>冬期未開放: ◯<br>身障者対応: <br>身障者非対応: ◯<br>種別: 2.冬期未開放(身障者非対応)]]></description>
        <styleUrl>#icon-1733-1A237E</styleUrl>
        <ExtendedData>
          <Data name="説明">
            <value>冬期開放:
冬期未開放: ◯
身障者対応:
身障者非対応: ◯
種別: 2.冬期未開放(身障者非対応)</value>
          </Data>
          <Data name="冬期開放">
            <value/>
          </Data>
          <Data name="冬期未開放">
            <value>◯</value>
          </Data>
          <Data name="身障者対応">
            <value/>
          </Data>
          <Data name="身障者非対応">
            <value>◯</value>
          </Data>
          <Data name="種別">
            <value>2.冬期未開放(身障者非対応)</value>
          </Data>
        </ExtendedData>
        <Point>
          <coordinates>
            141.4054,43.0749695,0
          </coordinates>
        </Point>
      </Placemark>
      <Placemark>
        <name>豊平川緑地</name>
        <description><![CDATA[説明: 冬期開放:<br>冬期未開放: ◯<br>身障者対応:<br>身障者非対応: ◯<br>種別: 2.冬期未開放(身障者非対応)<br>冬期開放: <br>冬期未開放: ◯<br>身障者対応: <br>身障者非対応: ◯<br>種別: 2.冬期未開放(身障者非対応)]]></description>
        <styleUrl>#icon-1733-1A237E</styleUrl>
        <ExtendedData>
          <Data name="説明">
            <value>冬期開放:
冬期未開放: ◯
身障者対応:
身障者非対応: ◯
種別: 2.冬期未開放(身障者非対応)</value>
          </Data>
          <Data name="冬期開放">
            <value/>
          </Data>
          <Data name="冬期未開放">
            <value>◯</value>
          </Data>
          <Data name="身障者対応">
            <value/>
          </Data>
          <Data name="身障者非対応">
            <value>◯</value>
          </Data>
          <Data name="種別">
            <value>2.冬期未開放(身障者非対応)</value>
          </Data>
        </ExtendedData>
        <Point>
          <coordinates>
            141.4106384,43.0803279,0
          </coordinates>
        </Point>
      </Placemark>
      <Placemark>
        <name>豊平川緑地</name>
        <description><![CDATA[説明: 冬期開放:<br>冬期未開放: ◯<br>身障者対応:<br>身障者非対応: ◯<br>種別: 2.冬期未開放(身障者非対応)<br>冬期開放: <br>冬期未開放: ◯<br>身障者対応: <br>身障者非対応: ◯<br>種別: 2.冬期未開放(身障者非対応)]]></description>
        <styleUrl>#icon-1733-1A237E</styleUrl>
        <ExtendedData>
          <Data name="説明">
            <value>冬期開放:
冬期未開放: ◯
身障者対応:
身障者非対応: ◯
種別: 2.冬期未開放(身障者非対応)</value>
          </Data>
          <Data name="冬期開放">
            <value/>
          </Data>
          <Data name="冬期未開放">
            <value>◯</value>
          </Data>
          <Data name="身障者対応">
            <value/>
          </Data>
          <Data name="身障者非対応">
            <value>◯</value>
          </Data>
          <Data name="種別">
            <value>2.冬期未開放(身障者非対応)</value>
          </Data>
        </ExtendedData>
        <Point>
          <coordinates>
            141.4131087,43.0818011,0
          </coordinates>
        </Point>
      </Placemark>
      <Placemark>
        <name>豊平川緑地</name>
        <description><![CDATA[説明: 冬期開放:<br>冬期未開放: ◯<br>身障者対応:<br>身障者非対応: ◯<br>種別: 2.冬期未開放(身障者非対応)<br>冬期開放: <br>冬期未開放: ◯<br>身障者対応: <br>身障者非対応: ◯<br>種別: 2.冬期未開放(身障者非対応)]]></description>
        <styleUrl>#icon-1733-1A237E</styleUrl>
        <ExtendedData>
          <Data name="説明">
            <value>冬期開放:
冬期未開放: ◯
身障者対応:
身障者非対応: ◯
種別: 2.冬期未開放(身障者非対応)</value>
          </Data>
          <Data name="冬期開放">
            <value/>
          </Data>
          <Data name="冬期未開放">
            <value>◯</value>
          </Data>
          <Data name="身障者対応">
            <value/>
          </Data>
          <Data name="身障者非対応">
            <value>◯</value>
          </Data>
          <Data name="種別">
            <value>2.冬期未開放(身障者非対応)</value>
          </Data>
        </ExtendedData>
        <Point>
          <coordinates>
            141.4159037,43.0833487,0
          </coordinates>
        </Point>
      </Placemark>
      <Placemark>
        <name>豊平川緑地</name>
        <description><![CDATA[説明: 冬期開放:<br>冬期未開放: ◯<br>身障者対応:<br>身障者非対応: ◯<br>種別: 2.冬期未開放(身障者非対応)<br>冬期開放: <br>冬期未開放: ◯<br>身障者対応: <br>身障者非対応: ◯<br>種別: 2.冬期未開放(身障者非対応)]]></description>
        <styleUrl>#icon-1733-1A237E</styleUrl>
        <ExtendedData>
          <Data name="説明">
            <value>冬期開放:
冬期未開放: ◯
身障者対応:
身障者非対応: ◯
種別: 2.冬期未開放(身障者非対応)</value>
          </Data>
          <Data name="冬期開放">
            <value/>
          </Data>
          <Data name="冬期未開放">
            <value>◯</value>
          </Data>
          <Data name="身障者対応">
            <value/>
          </Data>
          <Data name="身障者非対応">
            <value>◯</value>
          </Data>
          <Data name="種別">
            <value>2.冬期未開放(身障者非対応)</value>
          </Data>
        </ExtendedData>
        <Point>
          <coordinates>
            141.4311222,43.0897544,0
          </coordinates>
        </Point>
      </Placemark>
      <Placemark>
        <name>豊平川緑地</name>
        <description><![CDATA[説明: 冬期開放:<br>冬期未開放: ◯<br>身障者対応:<br>身障者非対応: ◯<br>種別: 2.冬期未開放(身障者非対応)<br>冬期開放: <br>冬期未開放: ◯<br>身障者対応: <br>身障者非対応: ◯<br>種別: 2.冬期未開放(身障者非対応)]]></description>
        <styleUrl>#icon-1733-1A237E</styleUrl>
        <ExtendedData>
          <Data name="説明">
            <value>冬期開放:
冬期未開放: ◯
身障者対応:
身障者非対応: ◯
種別: 2.冬期未開放(身障者非対応)</value>
          </Data>
          <Data name="冬期開放">
            <value/>
          </Data>
          <Data name="冬期未開放">
            <value>◯</value>
          </Data>
          <Data name="身障者対応">
            <value/>
          </Data>
          <Data name="身障者非対応">
            <value>◯</value>
          </Data>
          <Data name="種別">
            <value>2.冬期未開放(身障者非対応)</value>
          </Data>
        </ExtendedData>
        <Point>
          <coordinates>
            141.434593,43.0923395,0
          </coordinates>
        </Point>
      </Placemark>
      <Placemark>
        <name>雁穂公園</name>
        <description><![CDATA[説明: <br>冬期開放: ○<br>冬期未開放: <br>身障者対応: ○<br>身障者非対応: <br>種別: ]]></description>
        <styleUrl>#icon-1735-A52714</styleUrl>
        <ExtendedData>
          <Data name="説明">
            <value/>
          </Data>
          <Data name="冬期開放">
            <value>○</value>
          </Data>
          <Data name="冬期未開放">
            <value/>
          </Data>
          <Data name="身障者対応">
            <value>○</value>
          </Data>
          <Data name="身障者非対応">
            <value/>
          </Data>
          <Data name="種別">
            <value/>
          </Data>
        </ExtendedData>
        <Point>
          <coordinates>
            141.4232864,43.1001314,0
          </coordinates>
        </Point>
      </Placemark>
    </Folder>
    <Folder>
      <name>無題のレイヤ</name>
    </Folder>
    <Folder>
      <name>無題のレイヤ</name>
    </Folder>
  </Document>
</kml>
